1, 0, 200, 0, 4
1, 1, 200, 0, 0
1, 2, 200, 0, 0
1, 3, 200, 0, 0
1, 4, 200, 0, 0
1, 5, 200, 0, 0
1, 6, 200, 0, 0
1, 7, 200, 0, 17
1, 8, 200, 0, 0
1, 9, 200, 0, 0
1, 10, 200, 0, 0
1, 11, 200, 0, 0
1, 12, 200, 0, 0
1, 13, 200, 0, 0
1, 14, 200, 0, 0
1, 15, 200, 0, 0
1, 16, 200, 0, 0
1, 17, 200, 0, 0
1, 18, 200, 0, 0
1, 19, 200, 0, 1
1, 20, 200, 0, 8
1, 21, 200, 0, 0
1, 22, 200, 0, 0
1, 23, 200, 0, 0
1, 24, 200, 0, 0
1, 25, 200, 0, 0
1, 26, 200, 0, 0
1, 27, 200, 0, 0
1, 28, 200, 0, 0
1, 29, 200, 0, 0
1, 30, 200, 0, 0
1, 31, 200, 0, 0
1, 32, 200, 0, 0
1, 33, 200, 0, 0
1, 34, 200, 0, 0
1, 35, 200, 0, 0
1, 36, 200, 0, 0
1, 37, 200, 0, 0
1, 38, 200, 0, 0
1, 39, 200, 0, 0
2, 40, 200, 0, 0
2, 41, 200, 0, 0
2, 42, 200, 0, 0
2, 43, 200, 2, 4
2, 44, 200, 0, 0
2, 45, 200, 0, 0
2, 46, 200, 0, 0
2, 47, 200, 0, 0
2, 48, 200, 0, 0
2, 49, 200, 0, 0
2, 50, 200, 0, 0
2, 51, 200, 0, 0
2, 52, 200, 0, 0
2, 53, 200, 0, 0
2, 54, 200, 0, 0
2, 55, 200, 0, 0
2, 56, 200, 0, 0
2, 57, 200, 0, 0
2, 58, 200, 0, 0
2, 59, 200, 0, 0
2, 60, 200, 0, 0
2, 61, 200, 0, 0
2, 62, 200, 0, 0
2, 63, 200, 0, 0
2, 64, 200, 0, 0
2, 65, 200, 0, 0
2, 66, 200, 0, 0
2, 67, 200, 0, 0
2, 68, 200, 0, 0
2, 69, 200, 0, 0
2, 70, 200, 0, 0
2, 71, 200, 0, 0
2, 72, 200, 0, 0
2, 73, 200, 0, 0
2, 74, 200, 0, 0
2, 75, 200, 0, 0
2, 76, 200, 0, 0
2, 77, 200, 0, 0
2, 78, 200, 0, 0
2, 79, 200, 0, 0
3, 80, 200, 0, 0
3, 81, 200, 0, 0
3, 82, 200, 0, 0
3, 83, 200, 0, 0
3, 84, 200, 0, 0
3, 85, 200, 0, 0
3, 86, 200, 0, 0
3, 87, 200, 0, 0
3, 88, 200, 0, 0
3, 89, 200, 0, 0
3, 90, 200, 0, 0
3, 91, 200, 0, 0
3, 92, 200, 0, 0
3, 93, 200, 0, 0
3, 94, 200, 0, 0
3, 95, 200, 0, 0
3, 96, 200, 0, 0
3, 97, 200, 0, 0
3, 98, 200, 0, 0
3, 99, 200, 0, 0
3, 100, 200, 0, 0
3, 101, 200, 0, 0
3, 102, 200, 0, 0
3, 103, 200, 0, 0
3, 104, 200, 0, 0
3, 105, 200, 0, 0
3, 106, 200, 0, 0
3, 107, 200, 0, 0
3, 108, 200, 0, 0
3, 109, 200, 0, 0
3, 110, 200, 0, 0
3, 111, 200, 0, 0
3, 112, 200, 0, 0
3, 113, 200, 0, 0
3, 114, 200, 0, 0
3, 115, 200, 0, 0
3, 116, 200, 0, 0
3, 117, 200, 0, 0
3, 118, 200, 0, 0
3, 119, 200, 0, 0
4, 120, 200, 0, 0
4, 121, 200, 0, 0
4, 122, 200, 0, 0
4, 123, 200, 0, 0
4, 124, 200, 0, 0
4, 125, 200, 0, 0
4, 126, 200, 0, 0
4, 127, 200, 0, 0
4, 128, 200, 0, 0
4, 129, 200, 0, 0
4, 130, 200, 0, 0
4, 131, 200, 0, 0
4, 132, 200, 0, 0
4, 133, 200, 0, 0
4, 134, 200, 0, 0
4, 135, 200, 0, 0
4, 136, 200, 0, 0
4, 137, 200, 0, 0
4, 138, 200, 0, 0
4, 139, 200, 0, 0
4, 140, 200, 0, 0
4, 141, 200, 0, 0
4, 142, 200, 0, 0
4, 143, 200, 0, 0
4, 144, 200, 0, 0
4, 145, 200, 0, 0
4, 146, 200, 0, 0
4, 147, 200, 0, 0
4, 148, 200, 0, 0
4, 149, 200, 0, 0
4, 150, 200, 0, 0
4, 151, 200, 0, 0
4, 152, 200, 0, 0
4, 153, 200, 0, 0
4, 154, 200, 0, 0
4, 155, 200, 0, 0
4, 156, 200, 0, 0
4, 157, 200, 0, 0
4, 158, 200, 0, 0
4, 159, 200, 0, 0
5, 160, 200, 0, 0
5, 161, 200, 0, 0
5, 162, 200, 0, 0
5, 163, 200, 0, 0
5, 164, 200, 0, 0
5, 165, 200, 0, 0
5, 166, 200, 0, 0
5, 167, 200, 0, 0
5, 168, 200, 0, 0
5, 169, 200, 0, 0
5, 170, 200, 0, 0
5, 171, 200, 0, 0
5, 172, 200, 0, 0
5, 173, 200, 0, 0
5, 174, 200, 0, 0
5, 175, 200, 0, 0
5, 176, 200, 0, 0
5, 177, 200, 0, 0
5, 178, 200, 0, 0
5, 179, 200, 0, 0
5, 180, 200, 0, 0
5, 181, 200, 0, 0
5, 182, 200, 0, 0
5, 183, 200, 0, 0
5, 184, 200, 0, 0
5, 185, 200, 0, 0
5, 186, 200, 0, 0
5, 187, 200, 0, 0
5, 188, 200, 0, 0
5, 189, 200, 0, 0
5, 190, 200, 0, 0
5, 191, 200, 0, 0
5, 192, 200, 0, 0
5, 193, 200, 0, 0
5, 194, 200, 0, 0
5, 195, 200, 0, 0
5, 196, 200, 0, 0
5, 197, 200, 0, 0
5, 198, 200, 0, 0
5, 199, 200, 0, 0
6, 200, 200, 0, 0
6, 201, 200, 0, 0
6, 202, 200, 0, 0
6, 203, 200, 0, 0
6, 204, 200, 0, 0
6, 205, 200, 0, 0
6, 206, 200, 0, 0
6, 207, 200, 0, 0
6, 208, 200, 0, 0
6, 209, 200, 0, 0
6, 210, 200, 0, 0
6, 211, 200, 0, 0
6, 212, 200, 0, 0
6, 213, 200, 0, 0
6, 214, 200, 0, 0
6, 215, 200, 0, 0
6, 216, 200, 0, 0
6, 217, 200, 0, 0
6, 218, 200, 0, 0
6, 219, 200, 0, 0
6, 220, 200, 0, 0
6, 221, 200, 0, 0
6, 222, 200, 0, 0
6, 223, 200, 0, 0
6, 224, 200, 0, 0
6, 225, 200, 0, 0
6, 226, 200, 0, 0
6, 227, 200, 0, 0
6, 228, 200, 0, 0
6, 229, 200, 0, 0
6, 230, 200, 0, 0
6, 231, 200, 0, 0
6, 232, 200, 0, 0
6, 233, 200, 0, 0
6, 234, 200, 0, 0
6, 235, 200, 0, 0
6, 236, 200, 0, 0
6, 237, 200, 0, 0
6, 238, 200, 0, 0
6, 239, 200, 0, 0
7, 240, 200, 0, 0
7, 241, 200, 0, 0
7, 242, 200, 0, 0
7, 243, 200, 0, 0
7, 244, 200, 0, 0
7, 245, 200, 0, 0
7, 246, 200, 0, 0
7, 247, 200, 0, 0
7, 248, 200, 0, 0
7, 249, 200, 0, 0
7, 250, 200, 0, 0
7, 251, 200, 0, 0
7, 252, 200, 0, 0
7, 253, 200, 0, 0
7, 254, 200, 0, 0
7, 255, 200, 0, 0
7, 256, 200, 0, 0
7, 257, 200, 0, 0
7, 258, 200, 0, 0
7, 259, 200, 0, 0
7, 260, 200, 0, 0
7, 261, 200, 0, 0
7, 262, 200, 0, 0
7, 263, 200, 0, 0
7, 264, 200, 0, 0
7, 265, 200, 0, 0
7, 266, 200, 0, 0
7, 267, 200, 0, 0
7, 268, 200, 0, 0
7, 269, 200, 0, 0
7, 270, 200, 0, 0
7, 271, 200, 0, 0
7, 272, 200, 0, 0
7, 273, 200, 0, 0
7, 274, 200, 0, 0
7, 275, 200, 0, 0
7, 276, 200, 0, 0
7, 277, 200, 0, 0
7, 278, 200, 0, 0
7, 279, 200, 0, 0
8, 280, 200, 0, 0
8, 281, 200, 0, 0
8, 282, 200, 0, 0
8, 283, 200, 0, 0
8, 284, 200, 0, 0
8, 285, 200, 0, 0
8, 286, 200, 0, 0
8, 287, 200, 0, 0
8, 288, 200, 0, 0
8, 289, 200, 0, 0
8, 290, 200, 0, 0
8, 291, 200, 0, 0
8, 292, 200, 0, 0
8, 293, 200, 0, 0
8, 294, 200, 0, 0
8, 295, 200, 0, 0
8, 296, 200, 0, 0
8, 297, 200, 0, 0
8, 298, 200, 0, 0
8, 299, 200, 0, 0
8, 300, 200, 0, 0
8, 301, 200, 0, 0
8, 302, 200, 0, 0
8, 303, 200, 0, 0
8, 304, 200, 0, 0
8, 305, 200, 0, 0
8, 306, 200, 0, 0
8, 307, 200, 0, 0
8, 308, 200, 0, 0
8, 309, 200, 0, 0
8, 310, 200, 0, 0
8, 311, 200, 0, 0
8, 312, 200, 0, 0
8, 313, 200, 0, 0
8, 314, 200, 0, 0
8, 315, 200, 0, 0
8, 316, 200, 0, 0
8, 317, 200, 0, 0
8, 318, 200, 0, 0
8, 319, 200, 0, 0
9, 320, 200, 0, 0
9, 321, 200, 0, 0
9, 322, 200, 0, 0
9, 323, 200, 0, 0
9, 324, 200, 0, 0
9, 325, 200, 0, 0
9, 326, 200, 0, 0
9, 327, 200, 0, 0
9, 328, 200, 0, 0
9, 329, 200, 0, 0
9, 330, 200, 0, 0
9, 331, 200, 0, 0
9, 332, 200, 0, 0
9, 333, 200, 0, 0
9, 334, 200, 0, 0
9, 335, 200, 0, 0
9, 336, 200, 0, 0
9, 337, 200, 0, 0
9, 338, 200, 0, 0
9, 339, 200, 0, 0
9, 340, 200, 0, 0
9, 341, 200, 0, 0
9, 342, 200, 0, 0
9, 343, 200, 0, 0
9, 344, 200, 0, 0
9, 345, 200, 0, 9
9, 346, 200, 0, 32
9, 347, 200, 0, 0
9, 348, 200, 0, 0
9, 349, 200, 0, 1
9, 350, 200, 0, 0
9, 351, 200, 0, 0
9, 352, 200, 0, 0
9, 353, 200, 0, 0
9, 354, 200, 0, 0
9, 355, 200, 0, 6
9, 356, 200, 0, 0
9, 357, 200, 0, 2
9, 358, 200, 0, 0
9, 359, 200, 0, 0
10, 360, 200, 0, 0
10, 361, 200, 0, 1
10, 362, 200, 1, 3
10, 363, 200, 0, 2
10, 364, 200, 0, 0
10, 365, 200, 0, 0
10, 366, 200, 0, 0
10, 367, 200, 0, 0
10, 368, 200, 0, 0
10, 369, 200, 0, 0
10, 370, 200, 0, 0
10, 371, 200, 0, 0
10, 372, 200, 0, 0
10, 373, 200, 0, 0
10, 374, 200, 0, 0
10, 375, 200, 0, 0
10, 376, 200, 0, 0
10, 377, 200, 0, 0
10, 378, 200, 0, 0
10, 379, 200, 0, 0
10, 380, 200, 0, 0
10, 381, 200, 0, 0
10, 382, 200, 0, 0
10, 383, 200, 0, 0
10, 384, 200, 0, 0
10, 385, 200, 0, 0
10, 386, 200, 0, 0
10, 387, 200, 0, 0
10, 388, 200, 0, 0
10, 389, 200, 0, 0
10, 390, 200, 0, 0
10, 391, 200, 0, 0
10, 392, 200, 0, 0
10, 393, 200, 0, 0
10, 394, 200, 0, 0
10, 395, 200, 0, 0
10, 396, 200, 0, 0
10, 397, 200, 0, 0
10, 398, 200, 0, 0
10, 399, 200, 0, 0
11, 400, 200, 0, 0
11, 401, 200, 0, 0
11, 402, 200, 0, 0
11, 403, 200, 0, 0
11, 404, 200, 0, 0
11, 405, 200, 0, 0
11, 406, 200, 0, 0
11, 407, 200, 0, 0
11, 408, 200, 0, 0
11, 409, 200, 0, 0
11, 410, 200, 0, 0
11, 411, 200, 0, 0
11, 412, 200, 0, 0
11, 413, 200, 0, 0
11, 414, 200, 0, 0
11, 415, 200, 0, 0
11, 416, 200, 0, 0
11, 417, 200, 0, 0
11, 418, 200, 0, 0
11, 419, 200, 0, 0
11, 420, 200, 0, 0
11, 421, 200, 0, 0
11, 422, 200, 0, 0
11, 423, 200, 0, 0
11, 424, 200, 0, 0
11, 425, 200, 0, 0
11, 426, 200, 0, 0
11, 427, 200, 0, 0
11, 428, 200, 0, 0
11, 429, 200, 0, 0
11, 430, 200, 0, 0
11, 431, 200, 0, 0
11, 432, 200, 0, 0
11, 433, 200, 0, 0
11, 434, 200, 0, 0
11, 435, 200, 0, 0
11, 436, 200, 0, 0
11, 437, 200, 0, 0
11, 438, 200, 0, 0
11, 439, 200, 0, 0
12, 440, 200, 0, 0
12, 441, 200, 0, 0
12, 442, 200, 0, 0
12, 443, 200, 0, 0
12, 444, 200, 0, 0
12, 445, 200, 0, 0
12, 446, 200, 0, 0
12, 447, 200, 0, 0
12, 448, 200, 0, 0
12, 449, 200, 0, 0
12, 450, 200, 0, 0
12, 451, 200, 0, 0
12, 452, 200, 0, 0
12, 453, 200, 0, 0
12, 454, 200, 0, 0
12, 455, 200, 0, 0
12, 456, 200, 0, 0
12, 457, 200, 0, 0
12, 458, 200, 0, 0
12, 459, 200, 0, 0
12, 460, 200, 0, 0
12, 461, 200, 0, 0
12, 462, 200, 0, 0
12, 463, 200, 0, 0
12, 464, 200, 0, 0
12, 465, 200, 0, 0
12, 466, 200, 0, 0
12, 467, 200, 0, 0
12, 468, 200, 0, 0
12, 469, 200, 0, 0
12, 470, 200, 0, 0
12, 471, 200, 0, 0
12, 472, 200, 0, 0
12, 473, 200, 0, 0
12, 474, 200, 0, 0
12, 475, 200, 0, 0
12, 476, 200, 0, 0
12, 477, 200, 0, 0
12, 478, 200, 0, 0
12, 479, 200, 0, 0
13, 480, 200, 0, 0
13, 481, 200, 0, 0
13, 482, 200, 0, 0
13, 483, 200, 0, 0
13, 484, 200, 0, 0
13, 485, 200, 0, 0
13, 486, 200, 0, 0
13, 487, 200, 0, 0
13, 488, 200, 0, 0
13, 489, 200, 0, 0
13, 490, 200, 0, 0
13, 491, 200, 0, 0
13, 492, 200, 0, 0
13, 493, 200, 0, 0
13, 494, 200, 0, 0
13, 495, 200, 0, 0
13, 496, 200, 0, 0
13, 497, 200, 0, 0
13, 498, 200, 0, 0
13, 499, 200, 0, 0
13, 500, 200, 0, 0
13, 501, 200, 0, 0
13, 502, 200, 0, 0
13, 503, 200, 0, 0
13, 504, 200, 0, 0
13, 505, 200, 0, 5
13, 506, 200, 0, 0
13, 507, 200, 0, 0
13, 508, 200, 0, 0
13, 509, 200, 0, 0
13, 510, 200, 0, 0
13, 511, 200, 0, 0
13, 512, 200, 0, 5
13, 513, 200, 8, 3
13, 514, 200, 0, 33
13, 515, 200, 0, 0
13, 516, 200, 0, 0
13, 517, 200, 0, 1
13, 518, 200, 0, 0
13, 519, 200, 72, 2
14, 520, 200, 0, 0
14, 521, 200, 15, 5
14, 522, 200, 0, 0
14, 523, 200, 0, 0
14, 524, 200, 0, 0
14, 525, 200, 0, 0
14, 526, 200, 0, 0
14, 527, 200, 18, 0
14, 528, 200, 27, 2
14, 529, 200, 136, 7
14, 530, 200, 44, 1
14, 531, 200, 183, 1
14, 532, 200, 247, 3
14, 533, 200, 58, 43
14, 534, 200, 0, 0
14, 535, 200, 0, 0
14, 536, 200, 0, 0
14, 537, 200, 0, 0
14, 538, 200, 134, 40
14, 539, 200, 279, 43
14, 540, 200, 152, 0
14, 541, 200, 232, 7
14, 542, 200, 356, 3
14, 543, 200, 24, 0
14, 544, 200, 451, 2
14, 545, 200, 288, 0
14, 546, 200, 148, 2
14, 547, 200, 486, 26
14, 548, 200, 371, 0
14, 549, 200, 76, 36
14, 550, 200, 175, 18
14, 551, 200, 564, 80
14, 552, 200, 938, 83
14, 553, 200, 200, 1
14, 554, 200, 0, 0
14, 555, 200, 0, 0
14, 556, 200, 0, 0
14, 557, 200, 0, 0
14, 558, 200, 541, 2
14, 559, 200, 356, 0
15, 560, 200, 206, 0
15, 561, 200, 281, 20
15, 562, 200, 398, 0
15, 563, 200, 444, 26
15, 564, 200, 281, 0
15, 565, 200, 189, 1
15, 566, 200, 201, 0
15, 567, 200, 291, 0
15, 568, 200, 79, 0
15, 569, 200, 285, 0
15, 570, 200, 186, 10
15, 571, 200, 294, 46
15, 572, 200, 110, 3
15, 573, 200, 124, 2
15, 574, 200, 231, 0
15, 575, 200, 291, 31
15, 576, 200, 198, 56
15, 577, 200, 279, 78
15, 578, 200, 378, 1
15, 579, 200, 324, 1
15, 580, 200, 144, 31
15, 581, 200, 272, 1
15, 582, 200, 316, 2
15, 583, 200, 257, 35
15, 584, 200, 290, 0
15, 585, 200, 100, 0
15, 586, 200, 81, 72
15, 587, 200, 83, 22
15, 588, 200, 117, 0
15, 589, 200, 185, 0
15, 590, 200, 249, 85
15, 591, 200, 168, 45
15, 592, 200, 271, 5
15, 593, 200, 175, 4
15, 594, 200, 138, 0
15, 595, 200, 175, 6
15, 596, 200, 9, 0
15, 597, 200, 150, 2
15, 598, 200, 111, 4
15, 599, 200, 123, 2
16, 600, 200, 180, 0
16, 601, 200, 267, 6
16, 602, 200, 67, 32
16, 603, 200, 104, 0
16, 604, 200, 138, 0
16, 605, 200, 110, 25
16, 606, 200, 131, 0
16, 607, 200, 167, 10
16, 608, 200, 35, 10
16, 609, 200, 72, 0
16, 610, 200, 130, 2
16, 611, 200, 38, 0
16, 612, 200, 63, 0
16, 613, 200, 177, 23
16, 614, 200, 179, 0
16, 615, 200, 122, 12
16, 616, 200, 44, 14
16, 617, 200, 142, 16
16, 618, 200, 83, 11
16, 619, 200, 67, 7
16, 620, 200, 142, 5
16, 621, 200, 84, 31
16, 622, 200, 132, 0
16, 623, 200, 45, 3
16, 624, 200, 138, 15
16, 625, 200, 145, 2
16, 626, 200, 145, 5
16, 627, 200, 62, 0
16, 628, 200, 98, 34
16, 629, 200, 98, 0
16, 630, 200, 82, 0
16, 631, 200, 125, 12
16, 632, 200, 160, 70
16, 633, 200, 44, 2
16, 634, 200, 188, 0
16, 635, 200, 40, 0
16, 636, 200, 87, 66
16, 637, 200, 47, 2
16, 638, 200, 72, 0
16, 639, 200, 122, 33
17, 640, 200, 107, 47
17, 641, 200, 54, 30
17, 642, 200, 37, 1
17, 643, 200, 78, 1
17, 644, 200, 157, 0
17, 645, 200, 95, 4
17, 646, 200, 188, 27
17, 647, 200, 139, 0
17, 648, 200, 26, 28
17, 649, 200, 184, 5
17, 650, 200, 159, 39
17, 651, 200, 68, 1
17, 652, 200, 109, 0
17, 653, 200, 145, 0
17, 654, 200, 115, 30
17, 655, 200, 96, 1
17, 656, 200, 47, 0
17, 657, 200, 25, 0
17, 658, 200, 46, 0
17, 659, 200, 131, 0
17, 660, 200, 49, 0
17, 661, 200, 81, 2
17, 662, 200, 59, 54
17, 663, 200, 77, 26
17, 664, 200, 96, 0
17, 665, 200, 39, 30
17, 666, 200, 137, 0
17, 667, 200, 161, 0
17, 668, 200, 126, 0
17, 669, 200, 82, 0
17, 670, 200, 68, 4
17, 671, 200, 35, 0
17, 672, 200, 47, 0
17, 673, 200, 42, 25
17, 674, 200, 165, 34
17, 675, 200, 102, 4
17, 676, 200, 80, 0
17, 677, 200, 111, 0
17, 678, 200, 121, 0
17, 679, 200, 34, 1
18, 680, 200, 64, 28
18, 681, 200, 31, 0
18, 682, 200, 114, 0
18, 683, 200, 200, 0
18, 684, 200, 208, 22
18, 685, 200, 142, 34
18, 686, 200, 146, 26
18, 687, 200, 128, 0
18, 688, 200, 182, 0
18, 689, 200, 94, 0
18, 690, 200, 178, 42
18, 691, 200, 64, 4
18, 692, 200, 99, 0
18, 693, 200, 68, 3
18, 694, 200, 61, 33
18, 695, 200, 17, 0
18, 696, 200, 106, 26
18, 697, 200, 123, 4
18, 698, 200, 104, 68
18, 699, 200, 100, 7
18, 700, 200, 172, 19
18, 701, 200, 97, 44
18, 702, 200, 339, 82
18, 703, 200, 0, 0
18, 704, 200, 0, 0
18, 705, 200, 113, 1
18, 706, 200, 157, 59
18, 707, 200, 256, 9
18, 708, 200, 393, 23
18, 709, 200, 39, 60
18, 710, 200, 593, 68
18, 711, 200, 295, 29
18, 712, 200, 191, 4
18, 713, 200, 312, 4
18, 714, 200, 29, 0
18, 715, 200, 131, 5
18, 716, 200, 276, 1
18, 717, 200, 219, 1
18, 718, 200, 198, 3
18, 719, 200, 33, 1
19, 720, 200, 139, 0
19, 721, 200, 93, 0
19, 722, 200, 115, 0
19, 723, 200, 175, 0
19, 724, 200, 24, 0
19, 725, 200, 130, 0
19, 726, 200, 127, 1
19, 727, 200, 108, 5
19, 728, 200, 113, 2
19, 729, 200, 71, 2
19, 730, 200, 79, 0
19, 731, 200, 97, 5
19, 732, 200, 68, 10
19, 733, 200, 45, 23
19, 734, 200, 93, 4
19, 735, 200, 83, 3
19, 736, 200, 97, 0
19, 737, 200, 44, 0
19, 738, 200, 38, 0
19, 739, 200, 80, 0
19, 740, 200, 20, 0
19, 741, 200, 65, 0
19, 742, 200, 59, 17
19, 743, 200, 62, 16
19, 744, 200, 196, 9
19, 745, 200, 152, 4
19, 746, 200, 100, 37
19, 747, 200, 49, 46
19, 748, 200, 66, 9
19, 749, 200, 19, 4
19, 750, 200, 0, 0
19, 751, 200, 0, 0
19, 752, 200, 0, 0
19, 753, 200, 0, 0
19, 754, 200, 0, 0
19, 755, 200, 0, 0
19, 756, 200, 0, 0
19, 757, 200, 17, 1
19, 758, 200, 66, 33
19, 759, 200, 61, 33
20, 760, 200, 147, 2
20, 761, 200, 247, 7
20, 762, 200, 268, 2
20, 763, 200, 306, 2
20, 764, 200, 162, 5
20, 765, 200, 244, 1
20, 766, 200, 229, 56
20, 767, 200, 43, 0
20, 768, 200, 94, 27
20, 769, 200, 148, 0
20, 770, 200, 155, 28
20, 771, 200, 289, 26
20, 772, 200, 493, 146
20, 773, 200, 496, 30
20, 774, 200, 466, 51
20, 775, 200, 488, 35
20, 776, 200, 378, 3
20, 777, 200, 322, 59
20, 778, 200, 148, 2
20, 779, 200, 195, 11
20, 780, 200, 213, 60
20, 781, 200, 298, 1
20, 782, 200, 356, 28
20, 783, 200, 487, 25
20, 784, 200, 184, 5
20, 785, 200, 274, 56
20, 786, 200, 328, 94
20, 787, 200, 421, 20
20, 788, 200, 366, 13
20, 789, 200, 317, 80
20, 790, 200, 403, 88
20, 791, 200, 245, 28
20, 792, 200, 539, 28
20, 793, 200, 268, 11
20, 794, 200, 417, 41
20, 795, 200, 246, 2
20, 796, 200, 286, 4
20, 797, 200, 134, 5
20, 798, 200, 95, 11
20, 799, 200, 112, 4
21, 800, 200, 355, 24
21, 801, 200, 242, 23
21, 802, 200, 152, 3
21, 803, 200, 245, 71
21, 804, 200, 241, 51
21, 805, 200, 317, 16
21, 806, 200, 122, 36
21, 807, 200, 236, 47
21, 808, 200, 131, 11
21, 809, 200, 233, 20
21, 810, 200, 238, 4
21, 811, 200, 137, 10
21, 812, 200, 359, 62
21, 813, 200, 278, 54
21, 814, 200, 459, 62
21, 815, 200, 576, 41
21, 816, 200, 541, 76
21, 817, 200, 663, 25
21, 818, 200, 609, 48
21, 819, 200, 701, 55
21, 820, 200, 741, 134
21, 821, 200, 789, 89
21, 822, 200, 740, 53
21, 823, 200, 580, 44
21, 824, 200, 569, 48
21, 825, 200, 652, 74
21, 826, 200, 327, 80
21, 827, 200, 195, 60
21, 828, 200, 249, 33
21, 829, 200, 511, 107
21, 830, 200, 809, 105
21, 831, 200, 838, 47
21, 832, 200, 875, 87
21, 833, 200, 947, 58
21, 834, 200, 816, 141
21, 835, 200, 833, 71
21, 836, 200, 895, 60
21, 837, 200, 990, 58
21, 838, 200, 780, 88
21, 839, 200, 1327, 115
22, 840, 200, 886, 45
22, 841, 200, 828, 71
22, 842, 200, 888, 160
22, 843, 200, 796, 86
22, 844, 200, 796, 90
22, 845, 200, 759, 70
22, 846, 200, 873, 120
22, 847, 200, 942, 58
22, 848, 200, 811, 71
22, 849, 200, 881, 115
22, 850, 200, 667, 93
22, 851, 200, 1010, 59
22, 852, 200, 757, 71
22, 853, 200, 769, 44
22, 854, 200, 553, 24
22, 855, 200, 826, 38
22, 856, 200, 967, 69
22, 857, 200, 822, 42
22, 858, 200, 833, 31
22, 859, 200, 756, 74
22, 860, 200, 738, 101
22, 861, 200, 648, 33
22, 862, 200, 681, 34
22, 863, 200, 601, 59
22, 864, 200, 720, 41
22, 865, 200, 710, 37
22, 866, 200, 584, 41
22, 867, 200, 708, 34
22, 868, 200, 469, 27
22, 869, 200, 542, 25
22, 870, 200, 730, 22
22, 871, 200, 721, 45
22, 872, 200, 964, 45
22, 873, 200, 584, 40
22, 874, 200, 517, 39
22, 875, 200, 532, 36
22, 876, 200, 574, 42
22, 877, 200, 690, 24
22, 878, 200, 657, 40
22, 879, 200, 878, 45
23, 880, 200, 548, 28
23, 881, 200, 617, 41
23, 882, 200, 687, 19
23, 883, 200, 491, 39
23, 884, 200, 391, 36
23, 885, 200, 489, 52
23, 886, 200, 574, 28
23, 887, 200, 405, 20
23, 888, 200, 581, 32
23, 889, 200, 416, 45
23, 890, 200, 655, 32
23, 891, 200, 754, 54
23, 892, 200, 495, 31
23, 893, 200, 605, 38
23, 894, 200, 579, 45
23, 895, 200, 669, 54
23, 896, 200, 412, 26
23, 897, 200, 298, 50
23, 898, 200, 409, 73
23, 899, 200, 490, 16
23, 900, 200, 513, 49
23, 901, 200, 562, 45
23, 902, 200, 438, 36
23, 903, 200, 598, 39
23, 904, 200, 538, 45
23, 905, 200, 729, 31
23, 906, 200, 575, 34
23, 907, 200, 472, 36
23, 908, 200, 511, 39
23, 909, 200, 669, 42
23, 910, 200, 779, 39
23, 911, 200, 535, 43
23, 912, 200, 715, 56
23, 913, 200, 640, 25
23, 914, 200, 648, 37
23, 915, 200, 649, 21
23, 916, 200, 479, 32
23, 917, 200, 600, 23
23, 918, 200, 486, 41
23, 919, 200, 829, 13
24, 920, 200, 576, 21
24, 921, 200, 520, 19
24, 922, 200, 460, 19
24, 923, 200, 456, 35
24, 924, 200, 392, 15
24, 925, 200, 400, 38
24, 926, 200, 727, 43
24, 927, 200, 1054, 92
24, 928, 200, 855, 43
24, 929, 200, 920, 34
24, 930, 200, 473, 22
24, 931, 200, 561, 28
24, 932, 200, 478, 40
24, 933, 200, 778, 59
24, 934, 200, 654, 48
24, 935, 200, 557, 55
24, 936, 200, 522, 38
24, 937, 200, 394, 31
24, 938, 200, 503, 27
24, 939, 200, 437, 33
24, 940, 200, 453, 34
24, 941, 200, 396, 44
24, 942, 200, 625, 24
24, 943, 200, 699, 41
24, 944, 200, 722, 33
24, 945, 200, 797, 51
24, 946, 200, 642, 30
24, 947, 200, 737, 32
24, 948, 200, 654, 27
24, 949, 200, 687, 19
24, 950, 200, 648, 29
24, 951, 200, 527, 16
24, 952, 200, 574, 27
24, 953, 200, 668, 24
24, 954, 200, 782, 16
24, 955, 200, 461, 29
24, 956, 200, 401, 12
24, 957, 200, 510, 20
24, 958, 200, 579, 32
24, 959, 200, 580, 23
25, 960, 200, 583, 23
25, 961, 200, 605, 25
25, 962, 200, 604, 40
25, 963, 200, 906, 67
25, 964, 200, 816, 24
25, 965, 200, 750, 24
25, 966, 200, 522, 20
25, 967, 200, 534, 17
25, 968, 200, 378, 12
25, 969, 200, 473, 19
25, 970, 200, 482, 24
25, 971, 200, 526, 28
25, 972, 200, 571, 19
25, 973, 200, 766, 28
25, 974, 200, 817, 27
25, 975, 200, 957, 29
25, 976, 200, 1068, 21
25, 977, 200, 612, 22
25, 978, 200, 510, 56
25, 979, 200, 400, 32
25, 980, 200, 463, 44
25, 981, 200, 552, 34
25, 982, 200, 620, 14
25, 983, 200, 636, 40
25, 984, 200, 591, 61
25, 985, 200, 531, 38
25, 986, 200, 583, 10
25, 987, 200, 570, 14
25, 988, 200, 827, 20
25, 989, 200, 584, 22
25, 990, 200, 411, 23
25, 991, 200, 708, 43
25, 992, 200, 682, 28
25, 993, 200, 639, 20
25, 994, 200, 603, 34
25, 995, 200, 720, 43
25, 996, 200, 353, 39
25, 997, 200, 550, 32
25, 998, 200, 475, 14
25, 999, 200, 409, 8
26, 1000, 200, 753, 35
26, 1001, 200, 678, 56
26, 1002, 200, 643, 42
26, 1003, 200, 749, 22
26, 1004, 200, 389, 42
26, 1005, 200, 519, 57
26, 1006, 200, 585, 30
26, 1007, 200, 752, 71
26, 1008, 200, 1047, 88
26, 1009, 200, 800, 56
26, 1010, 200, 686, 31
26, 1011, 200, 554, 23
26, 1012, 200, 677, 33
26, 1013, 200, 669, 46
26, 1014, 200, 677, 49
26, 1015, 200, 786, 49
26, 1016, 200, 629, 30
26, 1017, 200, 652, 59
26, 1018, 200, 759, 47
26, 1019, 200, 769, 38
26, 1020, 200, 777, 31
26, 1021, 200, 825, 43
26, 1022, 200, 660, 29
26, 1023, 200, 918, 39
26, 1024, 200, 795, 33
26, 1025, 200, 713, 13
26, 1026, 200, 561, 18
26, 1027, 200, 619, 32
26, 1028, 200, 665, 37
26, 1029, 200, 585, 21
26, 1030, 200, 376, 28
26, 1031, 200, 532, 34
26, 1032, 200, 434, 27
26, 1033, 200, 480, 28
26, 1034, 200, 444, 34
26, 1035, 200, 801, 41
26, 1036, 200, 650, 21
26, 1037, 200, 585, 22
26, 1038, 200, 743, 35
26, 1039, 200, 605, 31
27, 1040, 200, 482, 11
27, 1041, 200, 510, 12
27, 1042, 200, 573, 42
27, 1043, 200, 747, 47
27, 1044, 200, 679, 54
27, 1045, 200, 789, 43
27, 1046, 200, 779, 28
27, 1047, 200, 396, 43
27, 1048, 200, 402, 18
27, 1049, 200, 289, 23
27, 1050, 200, 459, 38
27, 1051, 200, 350, 22
27, 1052, 200, 427, 22
27, 1053, 200, 552, 35
27, 1054, 200, 531, 31
27, 1055, 200, 399, 7
27, 1056, 200, 489, 20
27, 1057, 200, 638, 23
27, 1058, 200, 602, 23
27, 1059, 200, 603, 38
27, 1060, 200, 518, 37
27, 1061, 200, 486, 18
27, 1062, 200, 395, 24
27, 1063, 200, 339, 16
27, 1064, 200, 517, 19
27, 1065, 200, 396, 13
27, 1066, 200, 585, 27
27, 1067, 200, 869, 42
27, 1068, 200, 541, 27
27, 1069, 200, 429, 12
27, 1070, 200, 379, 24
27, 1071, 200, 281, 25
27, 1072, 200, 455, 43
27, 1073, 200, 493, 37
27, 1074, 200, 439, 14
27, 1075, 200, 526, 31
27, 1076, 200, 413, 43
27, 1077, 200, 324, 25
27, 1078, 200, 324, 16
27, 1079, 200, 309, 29
28, 1080, 200, 474, 24
28, 1081, 200, 428, 34
28, 1082, 200, 528, 27
28, 1083, 200, 608, 31
28, 1084, 200, 744, 34
28, 1085, 200, 502, 23
28, 1086, 200, 466, 26
28, 1087, 200, 521, 31
28, 1088, 200, 727, 35
28, 1089, 200, 617, 16
28, 1090, 200, 426, 28
28, 1091, 200, 646, 29
28, 1092, 200, 489, 22
28, 1093, 200, 800, 22
28, 1094, 200, 565, 33
28, 1095, 200, 541, 32
28, 1096, 200, 851, 27
28, 1097, 200, 612, 36
28, 1098, 200, 709, 23
28, 1099, 200, 692, 32
28, 1100, 200, 597, 28
28, 1101, 200, 704, 30
28, 1102, 200, 809, 24
28, 1103, 200, 874, 35
28, 1104, 200, 710, 40
28, 1105, 200, 629, 38
28, 1106, 200, 766, 33
28, 1107, 200, 715, 26
28, 1108, 200, 439, 25
28, 1109, 200, 538, 22
28, 1110, 200, 578, 21
28, 1111, 200, 574, 28
28, 1112, 200, 518, 16
28, 1113, 200, 515, 28
28, 1114, 200, 509, 22
28, 1115, 200, 664, 32
28, 1116, 200, 657, 28
28, 1117, 200, 583, 28
28, 1118, 200, 515, 30
28, 1119, 200, 456, 32
29, 1120, 200, 536, 37
29, 1121, 200, 642, 42
29, 1122, 200, 620, 43
29, 1123, 200, 658, 52
29, 1124, 200, 626, 26
29, 1125, 200, 522, 30
29, 1126, 200, 743, 41
29, 1127, 200, 818, 22
29, 1128, 200, 586, 24
29, 1129, 200, 681, 18
29, 1130, 200, 799, 37
29, 1131, 200, 593, 17
29, 1132, 200, 407, 19
29, 1133, 200, 509, 15
29, 1134, 200, 377, 8
29, 1135, 200, 400, 29
29, 1136, 200, 700, 15
29, 1137, 200, 696, 13
29, 1138, 200, 577, 13
29, 1139, 200, 551, 24
29, 1140, 200, 523, 75
29, 1141, 200, 454, 35
29, 1142, 200, 430, 35
29, 1143, 200, 373, 23
29, 1144, 200, 473, 19
29, 1145, 200, 629, 35
29, 1146, 200, 616, 47
29, 1147, 200, 669, 33
29, 1148, 200, 750, 48
29, 1149, 200, 631, 33
29, 1150, 200, 708, 33
29, 1151, 200, 473, 22
29, 1152, 200, 523, 47
29, 1153, 200, 488, 16
29, 1154, 200, 640, 16
29, 1155, 200, 540, 24
29, 1156, 200, 420, 31
29, 1157, 200, 267, 32
29, 1158, 200, 495, 40
29, 1159, 200, 368, 20
30, 1160, 200, 386, 20
30, 1161, 200, 370, 25
30, 1162, 200, 572, 36
30, 1163, 200, 614, 12
30, 1164, 200, 659, 38
30, 1165, 200, 800, 29
30, 1166, 200, 945, 21
30, 1167, 200, 766, 11
30, 1168, 200, 650, 24
30, 1169, 200, 519, 28
30, 1170, 200, 605, 22
30, 1171, 200, 803, 30
30, 1172, 200, 520, 24
30, 1173, 200, 427, 20
30, 1174, 200, 592, 18
30, 1175, 200, 537, 30
30, 1176, 200, 592, 30
30, 1177, 200, 832, 32
30, 1178, 200, 900, 49
30, 1179, 200, 927, 29
30, 1180, 200, 567, 30
30, 1181, 200, 857, 35
30, 1182, 200, 898, 56
30, 1183, 200, 740, 34
30, 1184, 200, 423, 14
30, 1185, 200, 433, 29
30, 1186, 200, 562, 47
30, 1187, 200, 572, 41
30, 1188, 200, 583, 28
30, 1189, 200, 451, 41
30, 1190, 200, 589, 21
30, 1191, 200, 489, 33
30, 1192, 200, 496, 76
30, 1193, 200, 433, 36
30, 1194, 200, 671, 31
30, 1195, 200, 405, 24
30, 1196, 200, 697, 32
30, 1197, 200, 888, 31
30, 1198, 200, 707, 27
30, 1199, 200, 743, 13
31, 1200, 200, 683, 14
31, 1201, 200, 565, 33
31, 1202, 200, 791, 34
31, 1203, 200, 785, 17
31, 1204, 200, 591, 27
31, 1205, 200, 479, 30
31, 1206, 200, 668, 36
31, 1207, 200, 372, 53
31, 1208, 200, 375, 32
31, 1209, 200, 447, 48
31, 1210, 200, 519, 30
31, 1211, 200, 484, 13
31, 1212, 200, 743, 16
31, 1213, 200, 562, 15
31, 1214, 200, 385, 8
31, 1215, 200, 367, 12
31, 1216, 200, 597, 27
31, 1217, 200, 677, 17
31, 1218, 200, 565, 19
31, 1219, 200, 683, 29
31, 1220, 200, 743, 27
31, 1221, 200, 785, 49
31, 1222, 200, 741, 35
31, 1223, 200, 685, 56
31, 1224, 200, 753, 29
31, 1225, 200, 520, 19
31, 1226, 200, 386, 22
31, 1227, 200, 674, 40
31, 1228, 200, 484, 25
31, 1229, 200, 433, 14
31, 1230, 200, 430, 25
31, 1231, 200, 459, 15
31, 1232, 200, 506, 20
31, 1233, 200, 484, 39
31, 1234, 200, 564, 37
31, 1235, 200, 433, 49
31, 1236, 200, 481, 35
31, 1237, 200, 441, 41
31, 1238, 200, 489, 29
31, 1239, 200, 707, 23
32, 1240, 200, 676, 56
32, 1241, 200, 811, 37
32, 1242, 200, 860, 50
32, 1243, 200, 884, 75
32, 1244, 200, 883, 39
32, 1245, 200, 606, 27
32, 1246, 200, 616, 18
32, 1247, 200, 551, 21
32, 1248, 200, 532, 22
32, 1249, 200, 437, 14
32, 1250, 200, 532, 22
32, 1251, 200, 433, 21
32, 1252, 200, 487, 19
32, 1253, 200, 542, 23
32, 1254, 200, 437, 39
32, 1255, 200, 530, 37
32, 1256, 200, 648, 17
32, 1257, 200, 672, 16
32, 1258, 200, 379, 34
32, 1259, 200, 337, 27
32, 1260, 200, 289, 14
32, 1261, 200, 392, 15
32, 1262, 200, 402, 30
32, 1263, 200, 557, 27
32, 1264, 200, 637, 40
32, 1265, 200, 614, 19
32, 1266, 200, 613, 24
32, 1267, 200, 352, 17
32, 1268, 200, 474, 27
32, 1269, 200, 402, 14
32, 1270, 200, 473, 40
32, 1271, 200, 456, 28
32, 1272, 200, 689, 54
32, 1273, 200, 691, 53
32, 1274, 200, 469, 36
32, 1275, 200, 597, 35
32, 1276, 200, 446, 38
32, 1277, 200, 422, 20
32, 1278, 200, 416, 29
32, 1279, 200, 621, 50
33, 1280, 200, 587, 26
33, 1281, 200, 505, 33
33, 1282, 200, 629, 34
33, 1283, 200, 484, 20
33, 1284, 200, 463, 15
33, 1285, 200, 634, 21
33, 1286, 200, 449, 45
33, 1287, 200, 518, 37
33, 1288, 200, 725, 15
33, 1289, 200, 570, 56
33, 1290, 200, 681, 53
33, 1291, 200, 604, 32
33, 1292, 200, 558, 54
33, 1293, 200, 687, 31
33, 1294, 200, 640, 36
33, 1295, 200, 659, 19
33, 1296, 200, 752, 54
33, 1297, 200, 649, 46
33, 1298, 200, 514, 44
33, 1299, 200, 814, 39
33, 1300, 200, 582, 22
33, 1301, 200, 696, 46
33, 1302, 200, 514, 26
33, 1303, 200, 595, 37
33, 1304, 200, 751, 49
33, 1305, 200, 696, 38
33, 1306, 200, 557, 39
33, 1307, 200, 706, 28
33, 1308, 200, 674, 46
33, 1309, 200, 738, 33
33, 1310, 200, 598, 48
33, 1311, 200, 681, 56
33, 1312, 200, 578, 64
33, 1313, 200, 680, 29
33, 1314, 200, 476, 21
33, 1315, 200, 514, 56
33, 1316, 200, 468, 46
33, 1317, 200, 376, 19
33, 1318, 200, 526, 29
33, 1319, 200, 547, 22
34, 1320, 200, 641, 33
34, 1321, 200, 561, 27
34, 1322, 200, 551, 26
34, 1323, 200, 531, 25
34, 1324, 200, 657, 45
34, 1325, 200, 535, 41
34, 1326, 200, 690, 30
34, 1327, 200, 501, 25
34, 1328, 200, 691, 18
34, 1329, 200, 803, 18
34, 1330, 200, 540, 20
34, 1331, 200, 492, 23
34, 1332, 200, 412, 24
34, 1333, 200, 508, 23
34, 1334, 200, 467, 32
34, 1335, 200, 632, 17
34, 1336, 200, 782, 31
34, 1337, 200, 873, 28
34, 1338, 200, 687, 18
34, 1339, 200, 645, 19
34, 1340, 200, 538, 29
34, 1341, 200, 444, 15
34, 1342, 200, 550, 35
34, 1343, 200, 631, 41
34, 1344, 200, 531, 27
34, 1345, 200, 513, 37
34, 1346, 200, 376, 32
34, 1347, 200, 302, 38
34, 1348, 200, 362, 24
34, 1349, 200, 464, 30
34, 1350, 200, 515, 23
34, 1351, 200, 512, 18
34, 1352, 200, 691, 34
34, 1353, 200, 585, 23
34, 1354, 200, 550, 39
34, 1355, 200, 520, 31
34, 1356, 200, 434, 18
34, 1357, 200, 648, 58
34, 1358, 200, 672, 52
34, 1359, 200, 917, 43
35, 1360, 200, 650, 52
35, 1361, 200, 664, 47
35, 1362, 200, 589, 31
35, 1363, 200, 604, 26
35, 1364, 200, 742, 45
35, 1365, 200, 654, 41
35, 1366, 200, 713, 32
35, 1367, 200, 934, 42
35, 1368, 200, 809, 36
35, 1369, 200, 640, 28
35, 1370, 200, 512, 34
35, 1371, 200, 451, 35
35, 1372, 200, 443, 49
35, 1373, 200, 405, 24
35, 1374, 200, 553, 31
35, 1375, 200, 645, 13
35, 1376, 200, 601, 33
35, 1377, 200, 345, 28
35, 1378, 200, 353, 25
35, 1379, 200, 505, 25
35, 1380, 200, 414, 33
35, 1381, 200, 529, 47
35, 1382, 200, 534, 30
35, 1383, 200, 664, 19
35, 1384, 200, 777, 15
35, 1385, 200, 1055, 20
35, 1386, 200, 456, 8
35, 1387, 200, 494, 19
35, 1388, 200, 638, 36
35, 1389, 200, 735, 43
35, 1390, 200, 560, 19
35, 1391, 200, 475, 24
35, 1392, 200, 470, 24
35, 1393, 200, 462, 32
35, 1394, 200, 477, 40
35, 1395, 200, 710, 35
35, 1396, 200, 418, 28
35, 1397, 200, 585, 45
35, 1398, 200, 878, 32
35, 1399, 200, 539, 28
36, 1400, 200, 592, 26
36, 1401, 200, 532, 39
36, 1402, 200, 536, 48
36, 1403, 200, 522, 28
36, 1404, 200, 459, 33
36, 1405, 200, 512, 21
36, 1406, 200, 448, 13
36, 1407, 200, 603, 18
36, 1408, 200, 452, 20
36, 1409, 200, 471, 36
36, 1410, 200, 486, 26
36, 1411, 200, 638, 46
36, 1412, 200, 670, 53
36, 1413, 200, 675, 42
36, 1414, 200, 499, 27
36, 1415, 200, 446, 25
36, 1416, 200, 577, 10
36, 1417, 200, 416, 28
36, 1418, 200, 453, 17
36, 1419, 200, 674, 30
36, 1420, 200, 835, 29
36, 1421, 200, 603, 49
36, 1422, 200, 568, 39
36, 1423, 200, 669, 34
36, 1424, 200, 661, 60
36, 1425, 200, 618, 30
36, 1426, 200, 594, 35
36, 1427, 200, 656, 29
36, 1428, 200, 503, 36
36, 1429, 200, 708, 25
36, 1430, 200, 406, 21
36, 1431, 200, 563, 24
36, 1432, 200, 602, 45
36, 1433, 200, 700, 24
36, 1434, 200, 449, 26
36, 1435, 200, 480, 36
36, 1436, 200, 505, 24
36, 1437, 200, 403, 34
36, 1438, 200, 369, 19
36, 1439, 200, 383, 39
37, 1440, 200, 397, 38
37, 1441, 200, 600, 16
37, 1442, 200, 672, 27
37, 1443, 200, 855, 35
37, 1444, 200, 795, 21
37, 1445, 200, 550, 14
37, 1446, 200, 487, 18
37, 1447, 200, 304, 26
37, 1448, 200, 538, 30
37, 1449, 200, 892, 23
37, 1450, 200, 1021, 24
37, 1451, 200, 637, 39
37, 1452, 200, 456, 47
37, 1453, 200, 616, 36
37, 1454, 200, 473, 24
37, 1455, 200, 624, 23
37, 1456, 200, 431, 15
37, 1457, 200, 398, 39
37, 1458, 200, 461, 19
37, 1459, 200, 598, 36
37, 1460, 200, 533, 22
37, 1461, 200, 523, 33
37, 1462, 200, 451, 25
37, 1463, 200, 644, 48
37, 1464, 200, 530, 65
37, 1465, 200, 547, 25
37, 1466, 200, 655, 32
37, 1467, 200, 656, 30
37, 1468, 200, 479, 26
37, 1469, 200, 603, 16
37, 1470, 200, 564, 16
37, 1471, 200, 731, 21
37, 1472, 200, 892, 20
37, 1473, 200, 591, 42
37, 1474, 200, 735, 42
37, 1475, 200, 689, 25
37, 1476, 200, 360, 20
37, 1477, 200, 514, 57
37, 1478, 200, 577, 39
37, 1479, 200, 509, 17
38, 1480, 200, 408, 18
38, 1481, 200, 500, 47
38, 1482, 200, 741, 42
38, 1483, 200, 781, 57
38, 1484, 200, 850, 52
38, 1485, 200, 752, 41
38, 1486, 200, 664, 59
38, 1487, 200, 677, 46
38, 1488, 200, 725, 55
38, 1489, 200, 628, 52
38, 1490, 200, 456, 35
38, 1491, 200, 701, 57
38, 1492, 200, 582, 30
38, 1493, 200, 565, 45
38, 1494, 200, 639, 39
38, 1495, 200, 836, 57
38, 1496, 200, 736, 41
38, 1497, 200, 649, 50
38, 1498, 200, 666, 37
38, 1499, 200, 671, 50
38, 1500, 200, 649, 31
38, 1501, 200, 787, 40
38, 1502, 200, 691, 40
38, 1503, 200, 610, 41
38, 1504, 200, 486, 36
38, 1505, 200, 558, 22
38, 1506, 200, 591, 22
38, 1507, 200, 502, 24
38, 1508, 200, 754, 28
38, 1509, 200, 384, 36
38, 1510, 200, 418, 33
38, 1511, 200, 423, 18
38, 1512, 200, 433, 12
38, 1513, 200, 561, 29
38, 1514, 200, 448, 20
38, 1515, 200, 582, 25
38, 1516, 200, 560, 26
38, 1517, 200, 453, 18
38, 1518, 200, 413, 29
38, 1519, 200, 818, 38
39, 1520, 200, 777, 30
39, 1521, 200, 924, 41
39, 1522, 200, 604, 41
39, 1523, 200, 484, 18
39, 1524, 200, 616, 11
39, 1525, 200, 630, 20
39, 1526, 200, 524, 26
39, 1527, 200, 550, 31
39, 1528, 200, 494, 17
39, 1529, 200, 495, 32
39, 1530, 200, 423, 32
39, 1531, 200, 357, 33
39, 1532, 200, 474, 56
39, 1533, 200, 397, 22
39, 1534, 200, 461, 27
39, 1535, 200, 440, 22
39, 1536, 200, 459, 20
39, 1537, 200, 560, 23
39, 1538, 200, 646, 60
39, 1539, 200, 604, 25
39, 1540, 200, 407, 11
39, 1541, 200, 693, 29
39, 1542, 200, 691, 33
39, 1543, 200, 674, 34
39, 1544, 200, 577, 11
39, 1545, 200, 601, 16
39, 1546, 200, 506, 25
39, 1547, 200, 503, 43
39, 1548, 200, 600, 49
39, 1549, 200, 436, 17
39, 1550, 200, 659, 14
39, 1551, 200, 543, 9
39, 1552, 200, 538, 29
39, 1553, 200, 422, 23
39, 1554, 200, 747, 56
39, 1555, 200, 749, 29
39, 1556, 200, 800, 27
39, 1557, 200, 573, 11
39, 1558, 200, 441, 16
39, 1559, 200, 480, 18
40, 1560, 200, 327, 37
40, 1561, 200, 393, 11
40, 1562, 200, 357, 13
40, 1563, 200, 499, 38
40, 1564, 200, 488, 35
40, 1565, 200, 497, 25
40, 1566, 200, 580, 22
40, 1567, 200, 518, 36
40, 1568, 200, 674, 22
40, 1569, 200, 710, 30
40, 1570, 200, 451, 12
40, 1571, 200, 463, 17
40, 1572, 200, 462, 34
40, 1573, 200, 495, 26
40, 1574, 200, 418, 19
40, 1575, 200, 503, 26
40, 1576, 200, 914, 17
40, 1577, 200, 570, 27
40, 1578, 200, 345, 23
40, 1579, 200, 397, 19
40, 1580, 200, 432, 31
40, 1581, 200, 634, 25
40, 1582, 200, 728, 24
40, 1583, 200, 732, 9
40, 1584, 200, 326, 25
40, 1585, 200, 386, 30
40, 1586, 200, 377, 15
40, 1587, 200, 614, 34
40, 1588, 200, 542, 25
40, 1589, 200, 644, 26
40, 1590, 200, 487, 18
40, 1591, 200, 419, 22
40, 1592, 200, 450, 27
40, 1593, 200, 577, 33
40, 1594, 200, 788, 28
40, 1595, 200, 547, 18
40, 1596, 200, 501, 15
40, 1597, 200, 540, 15
40, 1598, 200, 476, 20
40, 1599, 200, 509, 24
41, 1600, 200, 341, 28
41, 1601, 200, 501, 26
41, 1602, 200, 621, 33
41, 1603, 200, 465, 27
41, 1604, 200, 486, 27
41, 1605, 200, 442, 10
41, 1606, 200, 518, 63
41, 1607, 200, 493, 14
41, 1608, 200, 595, 22
41, 1609, 200, 394, 28
41, 1610, 200, 416, 28
41, 1611, 200, 698, 29
41, 1612, 200, 590, 32
41, 1613, 200, 479, 23
41, 1614, 200, 515, 30
41, 1615, 200, 469, 23
41, 1616, 200, 567, 37
41, 1617, 200, 834, 38
41, 1618, 200, 363, 19
41, 1619, 200, 686, 21
41, 1620, 200, 698, 31
41, 1621, 200, 499, 23
41, 1622, 200, 474, 10
41, 1623, 200, 270, 15
41, 1624, 200, 440, 13
41, 1625, 200, 349, 22
41, 1626, 200, 522, 26
41, 1627, 200, 532, 22
41, 1628, 200, 603, 31
41, 1629, 200, 785, 25
41, 1630, 200, 730, 31
41, 1631, 200, 629, 28
41, 1632, 200, 660, 21
41, 1633, 200, 588, 12
41, 1634, 200, 483, 7
41, 1635, 200, 395, 13
41, 1636, 200, 440, 23
41, 1637, 200, 455, 34
41, 1638, 200, 553, 15
41, 1639, 200, 504, 21
42, 1640, 200, 308, 8
42, 1641, 200, 572, 20
42, 1642, 200, 616, 33
42, 1643, 200, 601, 33
42, 1644, 200, 629, 39
42, 1645, 200, 570, 32
42, 1646, 200, 444, 13
42, 1647, 200, 574, 39
42, 1648, 200, 522, 23
42, 1649, 200, 376, 30
42, 1650, 200, 401, 7
42, 1651, 200, 394, 18
42, 1652, 200, 456, 18
42, 1653, 200, 658, 33
42, 1654, 200, 764, 38
42, 1655, 200, 692, 30
42, 1656, 200, 819, 21
42, 1657, 200, 467, 29
42, 1658, 200, 519, 28
42, 1659, 200, 525, 29
42, 1660, 200, 546, 33
42, 1661, 200, 544, 20
42, 1662, 200, 450, 24
42, 1663, 200, 468, 17
42, 1664, 200, 618, 45
42, 1665, 200, 537, 34
42, 1666, 200, 498, 27
42, 1667, 200, 602, 17
42, 1668, 200, 671, 40
42, 1669, 200, 703, 18
42, 1670, 200, 1078, 16
42, 1671, 200, 769, 34
42, 1672, 200, 679, 27
42, 1673, 200, 896, 26
42, 1674, 200, 631, 54
42, 1675, 200, 849, 31
42, 1676, 200, 610, 41
42, 1677, 200, 512, 26
42, 1678, 200, 583, 23
42, 1679, 200, 635, 19
43, 1680, 200, 647, 26
43, 1681, 200, 775, 22
43, 1682, 200, 598, 75
43, 1683, 200, 808, 26
43, 1684, 200, 708, 37
43, 1685, 200, 857, 39
43, 1686, 200, 341, 24
43, 1687, 200, 670, 50
43, 1688, 200, 614, 63
43, 1689, 200, 614, 33
43, 1690, 200, 523, 25
43, 1691, 200, 469, 30
43, 1692, 200, 791, 37
43, 1693, 200, 592, 50
43, 1694, 200, 519, 50
43, 1695, 200, 566, 40
43, 1696, 200, 403, 32
43, 1697, 200, 382, 37
43, 1698, 200, 475, 42
43, 1699, 200, 743, 49
43, 1700, 200, 678, 58
43, 1701, 200, 629, 56
43, 1702, 200, 588, 18
43, 1703, 200, 611, 36
43, 1704, 200, 575, 44
43, 1705, 200, 559, 41
43, 1706, 200, 398, 22
43, 1707, 200, 527, 28
43, 1708, 200, 307, 22
43, 1709, 200, 396, 45
43, 1710, 200, 410, 46
43, 1711, 200, 859, 48
43, 1712, 200, 448, 36
43, 1713, 200, 448, 27
43, 1714, 200, 442, 26
43, 1715, 200, 402, 33
43, 1716, 200, 544, 29
43, 1717, 200, 492, 26
43, 1718, 200, 423, 16
43, 1719, 200, 315, 17
44, 1720, 200, 396, 19
44, 1721, 200, 427, 33
44, 1722, 200, 501, 28
44, 1723, 200, 576, 21
44, 1724, 200, 516, 29
44, 1725, 200, 630, 43
44, 1726, 200, 554, 30
44, 1727, 200, 412, 17
44, 1728, 200, 356, 36
44, 1729, 200, 347, 38
44, 1730, 200, 602, 19
44, 1731, 200, 571, 23
44, 1732, 200, 959, 19
44, 1733, 200, 494, 25
44, 1734, 200, 826, 30
44, 1735, 200, 482, 8
44, 1736, 200, 372, 10
44, 1737, 200, 520, 31
44, 1738, 200, 448, 12
44, 1739, 200, 424, 26
44, 1740, 200, 399, 20
44, 1741, 200, 322, 37
44, 1742, 200, 374, 27
44, 1743, 200, 391, 24
44, 1744, 200, 391, 37
44, 1745, 200, 545, 30
44, 1746, 200, 540, 44
44, 1747, 200, 552, 38
44, 1748, 200, 815, 29
44, 1749, 200, 604, 37
44, 1750, 200, 553, 55
44, 1751, 200, 501, 37
44, 1752, 200, 781, 53
44, 1753, 200, 561, 39
44, 1754, 200, 407, 19
44, 1755, 200, 529, 28
44, 1756, 200, 605, 38
44, 1757, 200, 469, 34
44, 1758, 200, 648, 27
44, 1759, 200, 752, 26
45, 1760, 200, 684, 47
45, 1761, 200, 533, 31
45, 1762, 200, 702, 50
45, 1763, 200, 375, 25
45, 1764, 200, 397, 30
45, 1765, 200, 659, 21
45, 1766, 200, 615, 37
45, 1767, 200, 496, 22
45, 1768, 200, 460, 18
45, 1769, 200, 469, 21
45, 1770, 200, 430, 22
45, 1771, 200, 334, 16
45, 1772, 200, 508, 45
45, 1773, 200, 607, 70
45, 1774, 200, 520, 30
45, 1775, 200, 563, 37
45, 1776, 200, 594, 14
45, 1777, 200, 498, 27
45, 1778, 200, 379, 33
45, 1779, 200, 605, 19
45, 1780, 200, 490, 18
45, 1781, 200, 392, 14
45, 1782, 200, 326, 14
45, 1783, 200, 469, 22
45, 1784, 200, 403, 25
45, 1785, 200, 458, 40
45, 1786, 200, 429, 21
45, 1787, 200, 648, 40
45, 1788, 200, 468, 26
45, 1789, 200, 376, 27
45, 1790, 200, 592, 33
45, 1791, 200, 618, 29
45, 1792, 200, 458, 18
45, 1793, 200, 669, 28
45, 1794, 200, 489, 15
45, 1795, 200, 582, 28
45, 1796, 200, 483, 18
45, 1797, 200, 396, 24
45, 1798, 200, 623, 39
45, 1799, 200, 415, 32
46, 1800, 200, 475, 43
46, 1801, 200, 509, 24
46, 1802, 200, 443, 39
46, 1803, 200, 555, 23
46, 1804, 200, 492, 33
46, 1805, 200, 556, 25
46, 1806, 200, 624, 33
46, 1807, 200, 471, 31
46, 1808, 200, 486, 18
46, 1809, 200, 353, 24
46, 1810, 200, 424, 48
46, 1811, 200, 404, 20
46, 1812, 200, 370, 18
46, 1813, 200, 403, 28
46, 1814, 200, 481, 56
46, 1815, 200, 494, 46
46, 1816, 200, 706, 41
46, 1817, 200, 666, 25
46, 1818, 200, 684, 43
46, 1819, 200, 766, 32
46, 1820, 200, 642, 24
46, 1821, 200, 617, 21
46, 1822, 200, 507, 19
46, 1823, 200, 454, 34
46, 1824, 200, 856, 45
46, 1825, 200, 725, 33
46, 1826, 200, 626, 45
46, 1827, 200, 571, 34
46, 1828, 200, 634, 14
46, 1829, 200, 675, 27
46, 1830, 200, 503, 27
46, 1831, 200, 502, 24
46, 1832, 200, 572, 25
46, 1833, 200, 440, 20
46, 1834, 200, 591, 20
46, 1835, 200, 896, 37
46, 1836, 200, 719, 36
46, 1837, 200, 520, 28
46, 1838, 200, 471, 25
46, 1839, 200, 467, 42
47, 1840, 200, 484, 16
47, 1841, 200, 541, 30
47, 1842, 200, 445, 21
47, 1843, 200, 487, 36
47, 1844, 200, 545, 37
47, 1845, 200, 479, 18
47, 1846, 200, 636, 30
47, 1847, 200, 948, 51
47, 1848, 200, 566, 39
47, 1849, 200, 631, 18
47, 1850, 200, 700, 19
47, 1851, 200, 657, 24
47, 1852, 200, 508, 48
47, 1853, 200, 522, 47
47, 1854, 200, 701, 45
47, 1855, 200, 550, 46
47, 1856, 200, 600, 43
47, 1857, 200, 573, 35
47, 1858, 200, 582, 20
47, 1859, 200, 395, 14
47, 1860, 200, 664, 12
47, 1861, 200, 470, 20
47, 1862, 200, 325, 11
47, 1863, 200, 569, 30
47, 1864, 200, 461, 35
47, 1865, 200, 636, 10
47, 1866, 200, 709, 37
47, 1867, 200, 511, 26
47, 1868, 200, 629, 30
47, 1869, 200, 849, 35
47, 1870, 200, 682, 24
47, 1871, 200, 471, 22
47, 1872, 200, 540, 27
47, 1873, 200, 416, 26
47, 1874, 200, 463, 36
47, 1875, 200, 655, 35
47, 1876, 200, 576, 43
47, 1877, 200, 464, 26
47, 1878, 200, 553, 38
47, 1879, 200, 419, 22
48, 1880, 200, 511, 12
48, 1881, 200, 392, 17
48, 1882, 200, 640, 33
48, 1883, 200, 600, 30
48, 1884, 200, 691, 43
48, 1885, 200, 805, 19
48, 1886, 200, 925, 30
48, 1887, 200, 554, 35
48, 1888, 200, 720, 71
48, 1889, 200, 623, 36
48, 1890, 200, 589, 35
48, 1891, 200, 452, 34
48, 1892, 200, 466, 35
48, 1893, 200, 538, 47
48, 1894, 200, 570, 34
48, 1895, 200, 602, 31
48, 1896, 200, 745, 22
48, 1897, 200, 506, 22
48, 1898, 200, 848, 44
48, 1899, 200, 750, 62
48, 1900, 200, 574, 42
48, 1901, 200, 845, 93
48, 1902, 200, 800, 58
48, 1903, 200, 963, 63
48, 1904, 200, 887, 60
48, 1905, 200, 970, 114
48, 1906, 200, 812, 34
48, 1907, 200, 714, 82
48, 1908, 200, 1040, 61
48, 1909, 200, 829, 24
48, 1910, 200, 660, 43
48, 1911, 200, 698, 29
48, 1912, 200, 487, 40
48, 1913, 200, 544, 41
48, 1914, 200, 443, 36
48, 1915, 200, 599, 44
48, 1916, 200, 877, 54
48, 1917, 200, 843, 48
48, 1918, 200, 657, 61
48, 1919, 200, 471, 34
49, 1920, 200, 577, 39
49, 1921, 200, 540, 60
49, 1922, 200, 618, 43
49, 1923, 200, 518, 47
49, 1924, 200, 486, 17
49, 1925, 200, 491, 12
49, 1926, 200, 409, 33
49, 1927, 200, 476, 46
49, 1928, 200, 454, 38
49, 1929, 200, 476, 32
49, 1930, 200, 389, 41
49, 1931, 200, 567, 41
49, 1932, 200, 642, 39
49, 1933, 200, 485, 40
49, 1934, 200, 556, 36
49, 1935, 200, 574, 46
49, 1936, 200, 557, 23
49, 1937, 200, 608, 48
49, 1938, 200, 951, 57
49, 1939, 200, 781, 48
49, 1940, 200, 818, 44
49, 1941, 200, 668, 39
49, 1942, 200, 606, 30
49, 1943, 200, 651, 23
49, 1944, 200, 480, 24
49, 1945, 200, 513, 23
49, 1946, 200, 678, 10
49, 1947, 200, 592, 32
49, 1948, 200, 741, 27
49, 1949, 200, 443, 18
49, 1950, 200, 652, 29
49, 1951, 200, 828, 53
49, 1952, 200, 832, 26
49, 1953, 200, 614, 31
49, 1954, 200, 713, 14
49, 1955, 200, 574, 7
49, 1956, 200, 674, 13
49, 1957, 200, 531, 28
49, 1958, 200, 669, 17
49, 1959, 200, 411, 9
50, 1960, 200, 573, 13
50, 1961, 200, 551, 28
50, 1962, 200, 555, 32
50, 1963, 200, 770, 29
50, 1964, 200, 470, 29
50, 1965, 200, 599, 14
50, 1966, 200, 794, 22
50, 1967, 200, 645, 18
50, 1968, 200, 518, 13
50, 1969, 200, 593, 16
50, 1970, 200, 696, 32
50, 1971, 200, 801, 36
50, 1972, 200, 768, 24
50, 1973, 200, 819, 10
50, 1974, 200, 659, 40
50, 1975, 200, 919, 40
50, 1976, 200, 526, 15
50, 1977, 200, 635, 11
50, 1978, 200, 679, 18
50, 1979, 200, 594, 9
50, 1980, 200, 518, 6
50, 1981, 200, 429, 22
50, 1982, 200, 408, 21
50, 1983, 200, 771, 26
50, 1984, 200, 635, 17
50, 1985, 200, 542, 23
50, 1986, 200, 594, 33
50, 1987, 200, 573, 31
50, 1988, 200, 603, 31
50, 1989, 200, 733, 42
50, 1990, 200, 699, 34
50, 1991, 200, 670, 20
50, 1992, 200, 594, 13
50, 1993, 200, 552, 48
50, 1994, 200, 806, 43
50, 1995, 200, 661, 52
50, 1996, 200, 992, 47
50, 1997, 200, 978, 35
50, 1998, 200, 765, 31
50, 1999, 200, 743, 32
51, 2000, 200, 937, 32
51, 2001, 200, 512, 11
51, 2002, 200, 708, 25
51, 2003, 200, 593, 18
51, 2004, 200, 570, 31
51, 2005, 200, 627, 25
51, 2006, 200, 789, 30
51, 2007, 200, 778, 12
51, 2008, 200, 697, 38
51, 2009, 200, 592, 24
51, 2010, 200, 342, 16
51, 2011, 200, 499, 8
51, 2012, 200, 276, 10
51, 2013, 200, 503, 29
51, 2014, 200, 555, 28
51, 2015, 200, 492, 37
51, 2016, 200, 597, 26
51, 2017, 200, 523, 33
51, 2018, 200, 550, 17
51, 2019, 200, 503, 14
51, 2020, 200, 542, 28
51, 2021, 200, 399, 18
51, 2022, 200, 445, 15
51, 2023, 200, 544, 25
51, 2024, 200, 339, 29
51, 2025, 200, 515, 29
51, 2026, 200, 546, 21
51, 2027, 200, 512, 22
51, 2028, 200, 458, 11
51, 2029, 200, 390, 41
51, 2030, 200, 294, 18
51, 2031, 200, 298, 12
51, 2032, 200, 304, 43
51, 2033, 200, 434, 26
51, 2034, 200, 556, 29
51, 2035, 200, 566, 20
51, 2036, 200, 595, 25
51, 2037, 200, 622, 30
51, 2038, 200, 567, 17
51, 2039, 200, 503, 22
52, 2040, 200, 389, 23
52, 2041, 200, 477, 25
52, 2042, 200, 381, 20
52, 2043, 200, 483, 8
52, 2044, 200, 521, 23
52, 2045, 200, 488, 60
52, 2046, 200, 449, 49
52, 2047, 200, 351, 24
52, 2048, 200, 431, 26
52, 2049, 200, 411, 25
52, 2050, 200, 487, 30
52, 2051, 200, 312, 45
52, 2052, 200, 538, 42
52, 2053, 200, 457, 30
52, 2054, 200, 417, 27
52, 2055, 200, 401, 41
52, 2056, 200, 657, 50
52, 2057, 200, 468, 54
52, 2058, 200, 604, 56
52, 2059, 200, 658, 60
52, 2060, 200, 572, 34
52, 2061, 200, 731, 61
52, 2062, 200, 814, 43
52, 2063, 200, 824, 47
52, 2064, 200, 535, 71
52, 2065, 200, 552, 28
52, 2066, 200, 679, 35
52, 2067, 200, 675, 51
52, 2068, 200, 665, 48
52, 2069, 200, 530, 23
52, 2070, 200, 534, 31
52, 2071, 200, 436, 38
52, 2072, 200, 642, 79
52, 2073, 200, 606, 51
52, 2074, 200, 545, 30
52, 2075, 200, 761, 59
52, 2076, 200, 519, 17
52, 2077, 200, 654, 41
52, 2078, 200, 637, 28
52, 2079, 200, 605, 26
53, 2080, 200, 636, 25
53, 2081, 200, 647, 39
53, 2082, 200, 605, 28
53, 2083, 200, 716, 36
53, 2084, 200, 547, 54
53, 2085, 200, 507, 45
53, 2086, 200, 541, 64
53, 2087, 200, 620, 31
53, 2088, 200, 591, 33
53, 2089, 200, 546, 34
53, 2090, 200, 433, 32
53, 2091, 200, 655, 22
53, 2092, 200, 737, 70
53, 2093, 200, 579, 17
53, 2094, 200, 747, 35
53, 2095, 200, 565, 51
53, 2096, 200, 559, 25
53, 2097, 200, 652, 16
53, 2098, 200, 750, 24
53, 2099, 200, 569, 18
53, 2100, 200, 504, 18
53, 2101, 200, 466, 37
53, 2102, 200, 481, 14
53, 2103, 200, 573, 10
53, 2104, 200, 409, 34
53, 2105, 200, 319, 25
53, 2106, 200, 374, 17
53, 2107, 200, 482, 45
53, 2108, 200, 640, 38
53, 2109, 200, 695, 39
53, 2110, 200, 790, 18
53, 2111, 200, 1158, 52
53, 2112, 200, 882, 75
53, 2113, 200, 702, 30
53, 2114, 200, 813, 56
53, 2115, 200, 1152, 78
53, 2116, 200, 838, 45
53, 2117, 200, 712, 36
53, 2118, 200, 611, 29
53, 2119, 200, 495, 43
54, 2120, 200, 848, 61
54, 2121, 200, 892, 50
54, 2122, 200, 706, 29
54, 2123, 200, 625, 16
54, 2124, 200, 499, 31
54, 2125, 200, 479, 15
54, 2126, 200, 592, 42
54, 2127, 200, 491, 18
54, 2128, 200, 474, 31
54, 2129, 200, 580, 37
54, 2130, 200, 536, 44
54, 2131, 200, 580, 26
54, 2132, 200, 760, 51
54, 2133, 200, 748, 25
54, 2134, 200, 731, 27
54, 2135, 200, 626, 22
54, 2136, 200, 591, 28
54, 2137, 200, 602, 38
54, 2138, 200, 838, 30
54, 2139, 200, 650, 16
54, 2140, 200, 578, 28
54, 2141, 200, 505, 26
54, 2142, 200, 523, 49
54, 2143, 200, 415, 27
54, 2144, 200, 598, 20
54, 2145, 200, 413, 28
54, 2146, 200, 640, 27
54, 2147, 200, 352, 29
54, 2148, 200, 429, 32
54, 2149, 200, 528, 19
54, 2150, 200, 540, 21
54, 2151, 200, 572, 40
54, 2152, 200, 615, 47
54, 2153, 200, 634, 17
54, 2154, 200, 524, 36
54, 2155, 200, 538, 41
54, 2156, 200, 678, 46
54, 2157, 200, 646, 32
54, 2158, 200, 558, 40
54, 2159, 200, 697, 47
55, 2160, 200, 580, 33
55, 2161, 200, 581, 17
55, 2162, 200, 703, 23
55, 2163, 200, 790, 33
55, 2164, 200, 752, 36
55, 2165, 200, 787, 44
55, 2166, 200, 852, 28
55, 2167, 200, 800, 28
55, 2168, 200, 523, 40
55, 2169, 200, 691, 42
55, 2170, 200, 761, 46
55, 2171, 200, 665, 50
55, 2172, 200, 728, 52
55, 2173, 200, 638, 53
55, 2174, 200, 434, 38
55, 2175, 200, 495, 25
55, 2176, 200, 716, 31
55, 2177, 200, 745, 53
55, 2178, 200, 803, 28
55, 2179, 200, 830, 43
55, 2180, 200, 726, 41
55, 2181, 200, 661, 27
55, 2182, 200, 602, 21
55, 2183, 200, 466, 31
55, 2184, 200, 717, 19
55, 2185, 200, 599, 15
55, 2186, 200, 454, 26
55, 2187, 200, 661, 18
55, 2188, 200, 591, 21
55, 2189, 200, 686, 21
55, 2190, 200, 729, 28
55, 2191, 200, 797, 33
55, 2192, 200, 845, 51
55, 2193, 200, 957, 33
55, 2194, 200, 676, 43
55, 2195, 200, 536, 53
55, 2196, 200, 545, 36
55, 2197, 200, 724, 50
55, 2198, 200, 646, 23
55, 2199, 200, 713, 32
56, 2200, 200, 599, 63
56, 2201, 200, 572, 28
56, 2202, 200, 514, 35
56, 2203, 200, 587, 27
56, 2204, 200, 623, 38
56, 2205, 200, 709, 29
56, 2206, 200, 653, 27
56, 2207, 200, 682, 48
56, 2208, 200, 782, 25
56, 2209, 200, 471, 17
56, 2210, 200, 583, 31
56, 2211, 200, 751, 35
56, 2212, 200, 705, 37
56, 2213, 200, 598, 62
56, 2214, 200, 758, 67
56, 2215, 200, 395, 16
56, 2216, 200, 510, 62
56, 2217, 200, 581, 28
56, 2218, 200, 654, 22
56, 2219, 200, 436, 45
56, 2220, 200, 357, 16
56, 2221, 200, 433, 41
56, 2222, 200, 490, 62
56, 2223, 200, 629, 28
56, 2224, 200, 645, 21
56, 2225, 200, 760, 62
56, 2226, 200, 544, 34
56, 2227, 200, 731, 57
56, 2228, 200, 638, 22
56, 2229, 200, 580, 22
56, 2230, 200, 319, 30
56, 2231, 200, 364, 28
56, 2232, 200, 618, 41
56, 2233, 200, 633, 22
56, 2234, 200, 767, 40
56, 2235, 200, 557, 30
56, 2236, 200, 421, 12
56, 2237, 200, 716, 47
56, 2238, 200, 499, 15
56, 2239, 200, 466, 14
57, 2240, 200, 549, 25
57, 2241, 200, 511, 25
57, 2242, 200, 760, 57
57, 2243, 200, 559, 45
57, 2244, 200, 482, 31
57, 2245, 200, 466, 37
57, 2246, 200, 496, 31
57, 2247, 200, 546, 42
57, 2248, 200, 568, 15
57, 2249, 200, 508, 15
57, 2250, 200, 421, 18
57, 2251, 200, 445, 13
57, 2252, 200, 538, 26
57, 2253, 200, 550, 43
57, 2254, 200, 481, 23
57, 2255, 200, 447, 31
57, 2256, 200, 597, 37
57, 2257, 200, 586, 30
57, 2258, 200, 910, 31
57, 2259, 200, 884, 15
57, 2260, 200, 537, 37
57, 2261, 200, 556, 22
57, 2262, 200, 430, 28
57, 2263, 200, 686, 41
57, 2264, 200, 911, 26
57, 2265, 200, 667, 35
57, 2266, 200, 503, 23
57, 2267, 200, 449, 16
57, 2268, 200, 389, 23
57, 2269, 200, 517, 24
57, 2270, 200, 471, 18
57, 2271, 200, 404, 20
57, 2272, 200, 498, 31
57, 2273, 200, 488, 24
57, 2274, 200, 406, 10
57, 2275, 200, 464, 29
57, 2276, 200, 447, 30
57, 2277, 200, 674, 25
57, 2278, 200, 626, 42
57, 2279, 200, 425, 35
58, 2280, 200, 521, 23
58, 2281, 200, 451, 21
58, 2282, 200, 435, 22
58, 2283, 200, 423, 20
58, 2284, 200, 647, 41
58, 2285, 200, 543, 30
58, 2286, 200, 636, 24
58, 2287, 200, 764, 27
58, 2288, 200, 895, 28
58, 2289, 200, 740, 23
58, 2290, 200, 737, 22
58, 2291, 200, 916, 26
58, 2292, 200, 694, 29
58, 2293, 200, 416, 16
58, 2294, 200, 753, 75
58, 2295, 200, 708, 27
58, 2296, 200, 797, 20
58, 2297, 200, 775, 29
58, 2298, 200, 536, 27
58, 2299, 200, 799, 29
58, 2300, 200, 585, 24
58, 2301, 200, 518, 20
58, 2302, 200, 396, 32
58, 2303, 200, 541, 45
58, 2304, 200, 688, 34
58, 2305, 200, 519, 27
58, 2306, 200, 735, 30
58, 2307, 200, 848, 47
58, 2308, 200, 640, 26
58, 2309, 200, 764, 26
58, 2310, 200, 770, 31
58, 2311, 200, 606, 29
58, 2312, 200, 529, 25
58, 2313, 200, 548, 28
58, 2314, 200, 501, 23
58, 2315, 200, 344, 27
58, 2316, 200, 486, 21
58, 2317, 200, 483, 15
58, 2318, 200, 665, 32
58, 2319, 200, 775, 20
59, 2320, 200, 597, 12
59, 2321, 200, 566, 19
59, 2322, 200, 525, 27
59, 2323, 200, 407, 20
59, 2324, 200, 349, 29
59, 2325, 200, 455, 28
59, 2326, 200, 553, 46
59, 2327, 200, 620, 57
59, 2328, 200, 488, 26
59, 2329, 200, 491, 37
59, 2330, 200, 464, 20
59, 2331, 200, 406, 28
59, 2332, 200, 503, 25
59, 2333, 200, 262, 21
59, 2334, 200, 587, 19
59, 2335, 200, 428, 11
59, 2336, 200, 373, 32
59, 2337, 200, 599, 32
59, 2338, 200, 1050, 27
59, 2339, 200, 769, 41
59, 2340, 200, 805, 30
59, 2341, 200, 787, 15
59, 2342, 200, 792, 33
59, 2343, 200, 574, 29
59, 2344, 200, 455, 28
59, 2345, 200, 447, 13
59, 2346, 200, 540, 25
59, 2347, 200, 564, 54
59, 2348, 200, 466, 39
59, 2349, 200, 475, 29
59, 2350, 200, 456, 13
59, 2351, 200, 463, 20
59, 2352, 200, 523, 31
59, 2353, 200, 697, 38
59, 2354, 200, 723, 31
59, 2355, 200, 649, 27
59, 2356, 200, 622, 23
59, 2357, 200, 417, 16
59, 2358, 200, 344, 29
59, 2359, 200, 385, 31
60, 2360, 200, 356, 20
60, 2361, 200, 435, 35
60, 2362, 200, 412, 10
60, 2363, 200, 573, 36
60, 2364, 200, 528, 23
60, 2365, 200, 567, 11
60, 2366, 200, 404, 37
60, 2367, 200, 526, 38
60, 2368, 200, 460, 23
60, 2369, 200, 510, 22
60, 2370, 200, 803, 38
60, 2371, 200, 663, 23
60, 2372, 200, 544, 33
60, 2373, 200, 593, 23
60, 2374, 200, 419, 20
60, 2375, 200, 327, 10
60, 2376, 200, 442, 17
60, 2377, 200, 594, 30
60, 2378, 200, 631, 22
60, 2379, 200, 558, 28
60, 2380, 200, 506, 40
60, 2381, 200, 448, 30
60, 2382, 200, 792, 43
60, 2383, 200, 634, 23
60, 2384, 200, 643, 16
60, 2385, 200, 649, 33
60, 2386, 200, 701, 32
60, 2387, 200, 633, 18
60, 2388, 200, 405, 18
60, 2389, 200, 514, 15
60, 2390, 200, 407, 14
60, 2391, 200, 409, 18
60, 2392, 200, 681, 35
60, 2393, 200, 616, 23
60, 2394, 200, 611, 44
60, 2395, 200, 448, 20
60, 2396, 200, 551, 27
60, 2397, 200, 440, 29
60, 2398, 200, 346, 29
60, 2399, 200, 396, 25
61, 2400, 200, 295, 15
61, 2401, 200, 490, 29
61, 2402, 200, 647, 39
61, 2403, 200, 624, 25
61, 2404, 200, 494, 20
61, 2405, 200, 607, 20
61, 2406, 200, 512, 19
61, 2407, 200, 425, 17
61, 2408, 200, 590, 6
61, 2409, 200, 489, 17
61, 2410, 200, 590, 27
61, 2411, 200, 670, 32
61, 2412, 200, 762, 20
61, 2413, 200, 666, 30
61, 2414, 200, 578, 17
61, 2415, 200, 438, 25
61, 2416, 200, 451, 15
61, 2417, 200, 477, 12
61, 2418, 200, 536, 68
61, 2419, 200, 456, 13
61, 2420, 200, 562, 32
61, 2421, 200, 483, 55
61, 2422, 200, 562, 25
61, 2423, 200, 580, 25
61, 2424, 200, 575, 13
61, 2425, 200, 739, 29
61, 2426, 200, 580, 21
61, 2427, 200, 501, 25
61, 2428, 200, 494, 34
61, 2429, 200, 631, 50
61, 2430, 200, 632, 31
61, 2431, 200, 473, 47
61, 2432, 200, 760, 44
61, 2433, 200, 599, 47
61, 2434, 200, 494, 16
61, 2435, 200, 797, 12
61, 2436, 200, 557, 40
61, 2437, 200, 547, 49
61, 2438, 200, 629, 30
61, 2439, 200, 593, 32
62, 2440, 200, 546, 45
62, 2441, 200, 549, 52
62, 2442, 200, 623, 37
62, 2443, 200, 700, 65
62, 2444, 200, 635, 54
62, 2445, 200, 900, 51
62, 2446, 200, 697, 39
62, 2447, 200, 353, 26
62, 2448, 200, 436, 16
62, 2449, 200, 427, 20
62, 2450, 200, 447, 33
62, 2451, 200, 736, 82
62, 2452, 200, 861, 45
62, 2453, 200, 701, 40
62, 2454, 200, 610, 11
62, 2455, 200, 429, 28
62, 2456, 200, 525, 55
62, 2457, 200, 543, 23
62, 2458, 200, 431, 34
62, 2459, 200, 973, 35
62, 2460, 200, 712, 58
62, 2461, 200, 639, 30
62, 2462, 200, 672, 36
62, 2463, 200, 631, 62
62, 2464, 200, 690, 48
62, 2465, 200, 627, 48
62, 2466, 200, 635, 48
62, 2467, 200, 562, 25
62, 2468, 200, 689, 17
62, 2469, 200, 396, 32
62, 2470, 200, 468, 38
62, 2471, 200, 552, 34
62, 2472, 200, 467, 41
62, 2473, 200, 506, 31
62, 2474, 200, 553, 41
62, 2475, 200, 442, 26
62, 2476, 200, 381, 35
62, 2477, 200, 483, 29
62, 2478, 200, 439, 32
62, 2479, 200, 546, 71
63, 2480, 200, 391, 6
63, 2481, 200, 446, 28
63, 2482, 200, 488, 35
63, 2483, 200, 590, 30
63, 2484, 200, 442, 21
63, 2485, 200, 479, 52
63, 2486, 200, 562, 29
63, 2487, 200, 476, 42
63, 2488, 200, 532, 58
63, 2489, 200, 505, 39
63, 2490, 200, 564, 25
63, 2491, 200, 405, 40
63, 2492, 200, 577, 23
63, 2493, 200, 488, 28
63, 2494, 200, 594, 22
63, 2495, 200, 548, 48
63, 2496, 200, 364, 38
63, 2497, 200, 365, 33
63, 2498, 200, 395, 42
63, 2499, 200, 420, 25
63, 2500, 200, 493, 28
63, 2501, 200, 516, 45
63, 2502, 200, 383, 32
63, 2503, 200, 444, 22
63, 2504, 200, 309, 32
63, 2505, 200, 422, 45
63, 2506, 200, 524, 36
63, 2507, 200, 397, 17
63, 2508, 200, 398, 9
63, 2509, 200, 514, 36
63, 2510, 200, 459, 43
63, 2511, 200, 642, 35
63, 2512, 200, 504, 23
63, 2513, 200, 523, 14
63, 2514, 200, 419, 6
63, 2515, 200, 320, 18
63, 2516, 200, 511, 31
63, 2517, 200, 707, 54
63, 2518, 200, 676, 46
63, 2519, 200, 739, 33
64, 2520, 200, 718, 24
64, 2521, 200, 631, 22
64, 2522, 200, 730, 31
64, 2523, 200, 654, 37
64, 2524, 200, 400, 30
64, 2525, 200, 454, 39
64, 2526, 200, 447, 26
64, 2527, 200, 611, 19
64, 2528, 200, 649, 32
64, 2529, 200, 458, 24
64, 2530, 200, 522, 14
64, 2531, 200, 566, 21
64, 2532, 200, 409, 18
64, 2533, 200, 435, 18
64, 2534, 200, 431, 18
64, 2535, 200, 525, 26
64, 2536, 200, 409, 23
64, 2537, 200, 533, 23
64, 2538, 200, 591, 36
64, 2539, 200, 612, 20
64, 2540, 200, 740, 29
64, 2541, 200, 621, 13
64, 2542, 200, 538, 31
64, 2543, 200, 529, 28
64, 2544, 200, 442, 9
64, 2545, 200, 352, 18
64, 2546, 200, 379, 11
64, 2547, 200, 429, 11
64, 2548, 200, 480, 16
64, 2549, 200, 702, 25
64, 2550, 200, 540, 23
64, 2551, 200, 558, 18
64, 2552, 200, 564, 18
64, 2553, 200, 822, 20
64, 2554, 200, 583, 9
64, 2555, 200, 422, 17
64, 2556, 200, 678, 15
64, 2557, 200, 492, 10
64, 2558, 200, 675, 25
64, 2559, 200, 699, 17
65, 2560, 200, 756, 22
65, 2561, 200, 770, 35
65, 2562, 200, 530, 30
65, 2563, 200, 658, 45
65, 2564, 200, 710, 41
65, 2565, 200, 511, 35
65, 2566, 200, 523, 43
65, 2567, 200, 559, 33
65, 2568, 200, 693, 36
65, 2569, 200, 618, 23
65, 2570, 200, 659, 19
65, 2571, 200, 733, 37
65, 2572, 200, 650, 25
65, 2573, 200, 712, 32
65, 2574, 200, 677, 35
65, 2575, 200, 591, 24
65, 2576, 200, 590, 22
65, 2577, 200, 584, 46
65, 2578, 200, 459, 47
65, 2579, 200, 615, 41
65, 2580, 200, 581, 34
65, 2581, 200, 532, 13
65, 2582, 200, 512, 33
65, 2583, 200, 520, 29
65, 2584, 200, 369, 17
65, 2585, 200, 507, 20
65, 2586, 200, 511, 31
65, 2587, 200, 457, 15
65, 2588, 200, 542, 31
65, 2589, 200, 725, 35
65, 2590, 200, 387, 44
65, 2591, 200, 402, 24
65, 2592, 200, 536, 25
65, 2593, 200, 652, 38
65, 2594, 200, 698, 28
65, 2595, 200, 519, 25
65, 2596, 200, 569, 23
65, 2597, 200, 515, 49
65, 2598, 200, 689, 43
65, 2599, 200, 574, 53
66, 2600, 200, 801, 25
66, 2601, 200, 596, 30
66, 2602, 200, 576, 23
66, 2603, 200, 495, 17
66, 2604, 200, 640, 45
66, 2605, 200, 832, 46
66, 2606, 200, 485, 26
66, 2607, 200, 665, 28
66, 2608, 200, 691, 33
66, 2609, 200, 721, 42
66, 2610, 200, 512, 17
66, 2611, 200, 350, 35
66, 2612, 200, 358, 33
66, 2613, 200, 363, 48
66, 2614, 200, 438, 69
66, 2615, 200, 402, 26
66, 2616, 200, 340, 26
66, 2617, 200, 359, 17
66, 2618, 200, 497, 23
66, 2619, 200, 649, 37
66, 2620, 200, 601, 37
66, 2621, 200, 578, 37
66, 2622, 200, 701, 25
66, 2623, 200, 532, 14
66, 2624, 200, 497, 31
66, 2625, 200, 521, 21
66, 2626, 200, 631, 22
66, 2627, 200, 899, 30
66, 2628, 200, 789, 33
66, 2629, 200, 814, 28
66, 2630, 200, 987, 74
66, 2631, 200, 943, 39
66, 2632, 200, 597, 32
66, 2633, 200, 726, 54
66, 2634, 200, 717, 47
66, 2635, 200, 657, 38
66, 2636, 200, 584, 22
66, 2637, 200, 873, 8
66, 2638, 200, 519, 22
66, 2639, 200, 579, 17
67, 2640, 200, 639, 17
67, 2641, 200, 456, 23
67, 2642, 200, 376, 24
67, 2643, 200, 422, 15
67, 2644, 200, 435, 28
67, 2645, 200, 519, 42
67, 2646, 200, 536, 54
67, 2647, 200, 586, 24
67, 2648, 200, 517, 22
67, 2649, 200, 581, 30
67, 2650, 200, 470, 25
67, 2651, 200, 518, 26
67, 2652, 200, 492, 41
67, 2653, 200, 856, 61
67, 2654, 200, 631, 38
67, 2655, 200, 681, 76
67, 2656, 200, 722, 25
67, 2657, 200, 522, 14
67, 2658, 200, 585, 32
67, 2659, 200, 756, 27
67, 2660, 200, 524, 26
67, 2661, 200, 404, 15
67, 2662, 200, 591, 29
67, 2663, 200, 661, 24
67, 2664, 200, 472, 20
67, 2665, 200, 643, 32
67, 2666, 200, 548, 55
67, 2667, 200, 557, 22
67, 2668, 200, 654, 31
67, 2669, 200, 638, 41
67, 2670, 200, 640, 38
67, 2671, 200, 632, 30
67, 2672, 200, 485, 40
67, 2673, 200, 492, 29
67, 2674, 200, 486, 46
67, 2675, 200, 452, 30
67, 2676, 200, 540, 43
67, 2677, 200, 399, 33
67, 2678, 200, 543, 43
67, 2679, 200, 450, 36
68, 2680, 200, 704, 42
68, 2681, 200, 688, 33
68, 2682, 200, 346, 24
68, 2683, 200, 410, 16
68, 2684, 200, 504, 34
68, 2685, 200, 499, 33
68, 2686, 200, 578, 15
68, 2687, 200, 661, 48
68, 2688, 200, 578, 27
68, 2689, 200, 561, 30
68, 2690, 200, 646, 43
68, 2691, 200, 479, 15
68, 2692, 200, 517, 12
68, 2693, 200, 575, 20
68, 2694, 200, 691, 31
68, 2695, 200, 707, 24
68, 2696, 200, 618, 29
68, 2697, 200, 603, 21
68, 2698, 200, 610, 18
68, 2699, 200, 738, 42
68, 2700, 200, 635, 33
68, 2701, 200, 357, 16
68, 2702, 200, 460, 40
68, 2703, 200, 546, 43
68, 2704, 200, 522, 18
68, 2705, 200, 573, 17
68, 2706, 200, 640, 30
68, 2707, 200, 358, 19
68, 2708, 200, 480, 34
68, 2709, 200, 472, 15
68, 2710, 200, 600, 28
68, 2711, 200, 686, 35
68, 2712, 200, 420, 16
68, 2713, 200, 384, 13
68, 2714, 200, 408, 27
68, 2715, 200, 518, 14
68, 2716, 200, 626, 24
68, 2717, 200, 597, 52
68, 2718, 200, 597, 42
68, 2719, 200, 681, 24
69, 2720, 200, 670, 40
69, 2721, 200, 524, 38
69, 2722, 200, 582, 44
69, 2723, 200, 498, 20
69, 2724, 200, 417, 20
69, 2725, 200, 457, 32
69, 2726, 200, 414, 29
69, 2727, 200, 410, 16
69, 2728, 200, 360, 17
69, 2729, 200, 429, 10
69, 2730, 200, 538, 31
69, 2731, 200, 380, 18
69, 2732, 200, 434, 26
69, 2733, 200, 422, 18
69, 2734, 200, 517, 29
69, 2735, 200, 762, 29
69, 2736, 200, 733, 22
69, 2737, 200, 1029, 29
69, 2738, 200, 796, 39
69, 2739, 200, 742, 44
69, 2740, 200, 723, 35
69, 2741, 200, 738, 28
69, 2742, 200, 636, 20
69, 2743, 200, 472, 54
69, 2744, 200, 668, 34
69, 2745, 200, 307, 39
69, 2746, 200, 725, 23
69, 2747, 200, 548, 40
69, 2748, 200, 652, 40
69, 2749, 200, 521, 47
69, 2750, 200, 503, 27
69, 2751, 200, 547, 25
69, 2752, 200, 595, 35
69, 2753, 200, 533, 19
69, 2754, 200, 315, 13
69, 2755, 200, 469, 38
69, 2756, 200, 424, 20
69, 2757, 200, 456, 29
69, 2758, 200, 456, 33
69, 2759, 200, 599, 39
70, 2760, 200, 380, 23
70, 2761, 200, 381, 33
70, 2762, 200, 389, 25
70, 2763, 200, 573, 42
70, 2764, 200, 484, 33
70, 2765, 200, 395, 21
70, 2766, 200, 654, 22
70, 2767, 200, 635, 24
70, 2768, 200, 721, 27
70, 2769, 200, 472, 27
70, 2770, 200, 571, 26
70, 2771, 200, 572, 22
70, 2772, 200, 470, 16
70, 2773, 200, 413, 21
70, 2774, 200, 418, 17
70, 2775, 200, 405, 21
70, 2776, 200, 587, 22
70, 2777, 200, 546, 16
70, 2778, 200, 394, 11
70, 2779, 200, 503, 30
70, 2780, 200, 515, 22
70, 2781, 200, 690, 20
70, 2782, 200, 724, 24
70, 2783, 200, 603, 23
70, 2784, 200, 686, 42
70, 2785, 200, 568, 32
70, 2786, 200, 526, 28
70, 2787, 200, 428, 26
70, 2788, 200, 506, 31
70, 2789, 200, 569, 23
70, 2790, 200, 616, 26
70, 2791, 200, 597, 36
70, 2792, 200, 546, 34
70, 2793, 200, 552, 50
70, 2794, 200, 497, 27
70, 2795, 200, 498, 22
70, 2796, 200, 545, 14
70, 2797, 200, 674, 21
70, 2798, 200, 500, 22
70, 2799, 200, 499, 24
71, 2800, 200, 648, 32
71, 2801, 200, 411, 20
71, 2802, 200, 658, 21
71, 2803, 200, 660, 24
71, 2804, 200, 716, 21
71, 2805, 200, 688, 28
71, 2806, 200, 425, 28
71, 2807, 200, 465, 38
71, 2808, 200, 582, 31
71, 2809, 200, 385, 41
71, 2810, 200, 403, 18
71, 2811, 200, 493, 27
71, 2812, 200, 415, 19
71, 2813, 200, 398, 7
71, 2814, 200, 584, 20
71, 2815, 200, 560, 8
71, 2816, 200, 480, 13
71, 2817, 200, 555, 18
71, 2818, 200, 479, 28
71, 2819, 200, 501, 11
71, 2820, 200, 573, 16
71, 2821, 200, 710, 24
71, 2822, 200, 646, 20
71, 2823, 200, 842, 45
71, 2824, 200, 624, 24
71, 2825, 200, 535, 18
71, 2826, 200, 381, 20
71, 2827, 200, 456, 27
71, 2828, 200, 451, 20
71, 2829, 200, 479, 14
71, 2830, 200, 447, 17
71, 2831, 200, 507, 18
71, 2832, 200, 829, 23
71, 2833, 200, 669, 19
71, 2834, 200, 500, 13
71, 2835, 200, 343, 11
71, 2836, 200, 582, 53
71, 2837, 200, 811, 36
71, 2838, 200, 832, 26
71, 2839, 200, 498, 61
72, 2840, 200, 600, 44
72, 2841, 200, 726, 25
72, 2842, 200, 656, 14
72, 2843, 200, 619, 20
72, 2844, 200, 674, 50
72, 2845, 200, 848, 49
72, 2846, 200, 496, 29
72, 2847, 200, 791, 33
72, 2848, 200, 589, 37
72, 2849, 200, 1115, 41
72, 2850, 200, 793, 20
72, 2851, 200, 808, 49
72, 2852, 200, 729, 51
72, 2853, 200, 607, 26
72, 2854, 200, 481, 26
72, 2855, 200, 471, 27
72, 2856, 200, 499, 29
72, 2857, 200, 402, 14
72, 2858, 200, 517, 22
72, 2859, 200, 402, 32
72, 2860, 200, 401, 28
72, 2861, 200, 485, 19
72, 2862, 200, 747, 22
72, 2863, 200, 311, 5
72, 2864, 200, 543, 48
72, 2865, 200, 735, 24
72, 2866, 200, 428, 14
72, 2867, 200, 586, 20
72, 2868, 200, 499, 30
72, 2869, 200, 458, 34
72, 2870, 200, 523, 15
72, 2871, 200, 403, 6
72, 2872, 200, 540, 15
72, 2873, 200, 491, 6
72, 2874, 200, 561, 18
72, 2875, 200, 427, 18
72, 2876, 200, 573, 16
72, 2877, 200, 600, 32
72, 2878, 200, 520, 13
72, 2879, 200, 526, 10
73, 2880, 200, 588, 9
73, 2881, 200, 459, 14
73, 2882, 200, 520, 45
73, 2883, 200, 507, 36
73, 2884, 200, 585, 28
73, 2885, 200, 514, 11
73, 2886, 200, 481, 23
73, 2887, 200, 534, 20
73, 2888, 200, 690, 34
73, 2889, 200, 547, 19
73, 2890, 200, 434, 17
73, 2891, 200, 322, 29
73, 2892, 200, 340, 23
73, 2893, 200, 396, 33
73, 2894, 200, 439, 28
73, 2895, 200, 553, 49
73, 2896, 200, 620, 42
73, 2897, 200, 592, 13
73, 2898, 200, 533, 13
73, 2899, 200, 473, 20
73, 2900, 200, 405, 25
73, 2901, 200, 630, 32
73, 2902, 200, 541, 24
73, 2903, 200, 571, 27
73, 2904, 200, 588, 21
73, 2905, 200, 764, 18
73, 2906, 200, 619, 21
73, 2907, 200, 520, 20
73, 2908, 200, 394, 10
73, 2909, 200, 745, 27
73, 2910, 200, 517, 30
73, 2911, 200, 644, 23
73, 2912, 200, 524, 20
73, 2913, 200, 546, 20
73, 2914, 200, 427, 28
73, 2915, 200, 549, 32
73, 2916, 200, 540, 31
73, 2917, 200, 450, 25
73, 2918, 200, 497, 44
73, 2919, 200, 546, 24
74, 2920, 200, 562, 39
74, 2921, 200, 576, 36
74, 2922, 200, 641, 21
74, 2923, 200, 623, 27
74, 2924, 200, 747, 37
74, 2925, 200, 826, 41
74, 2926, 200, 642, 11
74, 2927, 200, 720, 20
74, 2928, 200, 594, 31
74, 2929, 200, 384, 20
74, 2930, 200, 426, 25
74, 2931, 200, 525, 32
74, 2932, 200, 473, 31
74, 2933, 200, 502, 29
74, 2934, 200, 615, 56
74, 2935, 200, 598, 27
74, 2936, 200, 727, 27
74, 2937, 200, 620, 30
74, 2938, 200, 708, 22
74, 2939, 200, 647, 53
74, 2940, 200, 488, 33
74, 2941, 200, 509, 18
74, 2942, 200, 514, 14
74, 2943, 200, 601, 35
74, 2944, 200, 491, 44
74, 2945, 200, 433, 41
74, 2946, 200, 507, 32
74, 2947, 200, 810, 44
74, 2948, 200, 924, 23
74, 2949, 200, 620, 20
74, 2950, 200, 507, 29
74, 2951, 200, 551, 19
74, 2952, 200, 610, 18
74, 2953, 200, 632, 37
74, 2954, 200, 481, 45
74, 2955, 200, 525, 36
74, 2956, 200, 699, 21
74, 2957, 200, 706, 20
74, 2958, 200, 782, 30
74, 2959, 200, 563, 34
75, 2960, 200, 531, 39
75, 2961, 200, 929, 36
75, 2962, 200, 788, 32
75, 2963, 200, 738, 45
75, 2964, 200, 846, 32
75, 2965, 200, 724, 28
75, 2966, 200, 694, 51
75, 2967, 200, 983, 43
75, 2968, 200, 664, 49
75, 2969, 200, 641, 25
75, 2970, 200, 568, 47
75, 2971, 200, 542, 75
75, 2972, 200, 810, 60
75, 2973, 200, 604, 30
75, 2974, 200, 513, 36
75, 2975, 200, 662, 25
75, 2976, 200, 514, 48
75, 2977, 200, 512, 28
75, 2978, 200, 431, 28
75, 2979, 200, 596, 32
75, 2980, 200, 479, 26
75, 2981, 200, 433, 26
75, 2982, 200, 274, 12
75, 2983, 200, 394, 19
75, 2984, 200, 422, 29
75, 2985, 200, 468, 20
75, 2986, 200, 473, 32
75, 2987, 200, 472, 62
75, 2988, 200, 382, 14
75, 2989, 200, 395, 29
75, 2990, 200, 331, 20
75, 2991, 200, 500, 18
75, 2992, 200, 569, 50
75, 2993, 200, 564, 22
75, 2994, 200, 520, 30
75, 2995, 200, 544, 43
75, 2996, 200, 607, 13
75, 2997, 200, 437, 18
75, 2998, 200, 340, 17
75, 2999, 200, 444, 12
76, 3000, 200, 389, 28
76, 3001, 200, 311, 7
76, 3002, 200, 499, 28
76, 3003, 200, 358, 33
76, 3004, 200, 633, 49
76, 3005, 200, 569, 30
76, 3006, 200, 656, 36
76, 3007, 200, 761, 47
76, 3008, 200, 735, 35
76, 3009, 200, 662, 31
76, 3010, 200, 623, 17
76, 3011, 200, 571, 9
76, 3012, 200, 508, 14
76, 3013, 200, 532, 48
76, 3014, 200, 521, 31
76, 3015, 200, 395, 21
76, 3016, 200, 252, 9
76, 3017, 200, 391, 31
76, 3018, 200, 536, 29
76, 3019, 200, 681, 49
76, 3020, 200, 867, 42
76, 3021, 200, 681, 30
76, 3022, 200, 638, 30
76, 3023, 200, 938, 46
76, 3024, 200, 567, 28
76, 3025, 200, 689, 34
76, 3026, 200, 492, 29
76, 3027, 200, 754, 33
76, 3028, 200, 736, 50
76, 3029, 200, 695, 21
76, 3030, 200, 486, 16
76, 3031, 200, 514, 18
76, 3032, 200, 684, 23
76, 3033, 200, 442, 27
76, 3034, 200, 558, 28
76, 3035, 200, 640, 37
76, 3036, 200, 695, 31
76, 3037, 200, 470, 30
76, 3038, 200, 717, 19
76, 3039, 200, 438, 29
77, 3040, 200, 457, 19
77, 3041, 200, 645, 26
77, 3042, 200, 688, 67
77, 3043, 200, 600, 35
77, 3044, 200, 362, 48
77, 3045, 200, 435, 17
77, 3046, 200, 422, 36
77, 3047, 200, 524, 31
77, 3048, 200, 521, 34
77, 3049, 200, 769, 36
77, 3050, 200, 725, 56
77, 3051, 200, 564, 15
77, 3052, 200, 615, 47
77, 3053, 200, 515, 22
77, 3054, 200, 441, 15
77, 3055, 200, 439, 35
77, 3056, 200, 594, 30
77, 3057, 200, 392, 37
77, 3058, 200, 628, 35
77, 3059, 200, 569, 33
77, 3060, 200, 719, 36
77, 3061, 200, 703, 26
77, 3062, 200, 473, 35
77, 3063, 200, 542, 43
77, 3064, 200, 473, 22
77, 3065, 200, 660, 24
77, 3066, 200, 537, 19
77, 3067, 200, 434, 16
77, 3068, 200, 743, 38
77, 3069, 200, 549, 20
77, 3070, 200, 590, 16
77, 3071, 200, 514, 18
77, 3072, 200, 462, 28
77, 3073, 200, 595, 53
77, 3074, 200, 526, 27
77, 3075, 200, 613, 32
77, 3076, 200, 579, 25
77, 3077, 200, 594, 32
77, 3078, 200, 727, 28
77, 3079, 200, 581, 32
78, 3080, 200, 462, 29
78, 3081, 200, 623, 52
78, 3082, 200, 407, 27
78, 3083, 200, 557, 24
78, 3084, 200, 448, 26
78, 3085, 200, 462, 12
78, 3086, 200, 315, 9
78, 3087, 200, 253, 21
78, 3088, 200, 384, 22
78, 3089, 200, 447, 38
78, 3090, 200, 431, 15
78, 3091, 200, 384, 22
78, 3092, 200, 307, 23
78, 3093, 200, 372, 57
78, 3094, 200, 461, 33
78, 3095, 200, 535, 24
78, 3096, 200, 591, 14
78, 3097, 200, 483, 21
78, 3098, 200, 574, 26
78, 3099, 200, 465, 30
78, 3100, 200, 719, 24
78, 3101, 200, 496, 21
78, 3102, 200, 441, 45
78, 3103, 200, 501, 32
78, 3104, 200, 494, 41
78, 3105, 200, 555, 35
78, 3106, 200, 398, 28
78, 3107, 200, 545, 33
78, 3108, 200, 355, 27
78, 3109, 200, 314, 39
78, 3110, 200, 500, 57
78, 3111, 200, 445, 31
78, 3112, 200, 621, 49
78, 3113, 200, 360, 29
78, 3114, 200, 634, 36
78, 3115, 200, 489, 16
78, 3116, 200, 700, 27
78, 3117, 200, 488, 36
78, 3118, 200, 433, 38
78, 3119, 200, 613, 41
79, 3120, 200, 649, 45
79, 3121, 200, 608, 24
79, 3122, 200, 591, 29
79, 3123, 200, 450, 22
79, 3124, 200, 404, 34
79, 3125, 200, 419, 32
79, 3126, 200, 537, 29
79, 3127, 200, 708, 43
79, 3128, 200, 630, 30
79, 3129, 200, 454, 50
79, 3130, 200, 583, 16
79, 3131, 200, 625, 39
79, 3132, 200, 875, 40
79, 3133, 200, 779, 48
79, 3134, 200, 658, 20
79, 3135, 200, 833, 43
79, 3136, 200, 902, 40
79, 3137, 200, 732, 27
79, 3138, 200, 741, 42
79, 3139, 200, 713, 35
79, 3140, 200, 615, 33
79, 3141, 200, 785, 33
79, 3142, 200, 688, 46
79, 3143, 200, 507, 27
79, 3144, 200, 599, 28
79, 3145, 200, 616, 24
79, 3146, 200, 517, 38
79, 3147, 200, 694, 38
79, 3148, 200, 779, 51
79, 3149, 200, 802, 42
79, 3150, 200, 845, 28
79, 3151, 200, 882, 39
79, 3152, 200, 873, 44
79, 3153, 200, 738, 39
79, 3154, 200, 556, 43
79, 3155, 200, 763, 66
79, 3156, 200, 673, 41
79, 3157, 200, 857, 56
79, 3158, 200, 580, 29
79, 3159, 200, 563, 27
80, 3160, 200, 463, 14
80, 3161, 200, 507, 41
80, 3162, 200, 549, 32
80, 3163, 200, 687, 42
80, 3164, 200, 620, 60
80, 3165, 200, 771, 78
80, 3166, 200, 692, 46
80, 3167, 200, 494, 18
80, 3168, 200, 452, 47
80, 3169, 200, 483, 25
80, 3170, 200, 492, 29
80, 3171, 200, 365, 30
80, 3172, 200, 434, 36
80, 3173, 200, 348, 12
80, 3174, 200, 320, 33
80, 3175, 200, 412, 58
80, 3176, 200, 402, 30
80, 3177, 200, 497, 26
80, 3178, 200, 466, 27
80, 3179, 200, 397, 34
80, 3180, 200, 364, 41
80, 3181, 200, 520, 35
80, 3182, 200, 737, 64
80, 3183, 200, 369, 31
80, 3184, 200, 423, 60
80, 3185, 200, 433, 44
80, 3186, 200, 585, 42
80, 3187, 200, 594, 34
80, 3188, 200, 292, 27
80, 3189, 200, 324, 25
80, 3190, 200, 592, 49
80, 3191, 200, 483, 27
80, 3192, 200, 530, 30
80, 3193, 200, 501, 42
80, 3194, 200, 471, 53
80, 3195, 200, 533, 50
80, 3196, 200, 525, 53
80, 3197, 200, 775, 37
80, 3198, 200, 835, 24
80, 3199, 200, 596, 26
81, 3200, 200, 629, 58
81, 3201, 200, 697, 15
81, 3202, 200, 570, 54
81, 3203, 200, 834, 41
81, 3204, 200, 611, 18
81, 3205, 200, 529, 42
81, 3206, 200, 448, 75
81, 3207, 200, 432, 34
81, 3208, 200, 554, 31
81, 3209, 200, 617, 26
81, 3210, 200, 583, 41
81, 3211, 200, 494, 35
81, 3212, 200, 504, 41
81, 3213, 200, 542, 24
81, 3214, 200, 537, 39
81, 3215, 200, 529, 13
81, 3216, 200, 396, 58
81, 3217, 200, 369, 50
81, 3218, 200, 473, 44
81, 3219, 200, 377, 33
81, 3220, 200, 334, 23
81, 3221, 200, 271, 28
81, 3222, 200, 361, 22
81, 3223, 200, 484, 32
81, 3224, 200, 429, 44
81, 3225, 200, 581, 26
81, 3226, 200, 724, 52
81, 3227, 200, 572, 27
81, 3228, 200, 646, 15
81, 3229, 200, 712, 30
81, 3230, 200, 518, 28
81, 3231, 200, 530, 38
81, 3232, 200, 480, 39
81, 3233, 200, 537, 11
81, 3234, 200, 249, 12
81, 3235, 200, 417, 38
81, 3236, 200, 434, 30
81, 3237, 200, 443, 57
81, 3238, 200, 576, 32
81, 3239, 200, 427, 27
82, 3240, 200, 439, 24
82, 3241, 200, 383, 17
82, 3242, 200, 434, 31
82, 3243, 200, 535, 23
82, 3244, 200, 738, 46
82, 3245, 200, 539, 33
82, 3246, 200, 381, 41
82, 3247, 200, 670, 26
82, 3248, 200, 403, 41
82, 3249, 200, 418, 18
82, 3250, 200, 561, 40
82, 3251, 200, 425, 41
82, 3252, 200, 456, 26
82, 3253, 200, 480, 52
82, 3254, 200, 314, 17
82, 3255, 200, 342, 19
82, 3256, 200, 331, 27
82, 3257, 200, 520, 23
82, 3258, 200, 500, 22
82, 3259, 200, 469, 23
82, 3260, 200, 478, 38
82, 3261, 200, 436, 12
82, 3262, 200, 469, 40
82, 3263, 200, 515, 29
82, 3264, 200, 464, 51
82, 3265, 200, 631, 37
82, 3266, 200, 730, 22
82, 3267, 200, 831, 35
82, 3268, 200, 601, 60
82, 3269, 200, 781, 33
82, 3270, 200, 663, 27
82, 3271, 200, 394, 18
82, 3272, 200, 417, 33
82, 3273, 200, 476, 28
82, 3274, 200, 662, 32
82, 3275, 200, 512, 22
82, 3276, 200, 327, 14
82, 3277, 200, 411, 25
82, 3278, 200, 437, 32
82, 3279, 200, 387, 30
83, 3280, 200, 391, 26
83, 3281, 200, 351, 24
83, 3282, 200, 395, 14
83, 3283, 200, 344, 19
83, 3284, 200, 306, 20
83, 3285, 200, 386, 23
83, 3286, 200, 429, 18
83, 3287, 200, 332, 25
83, 3288, 200, 234, 12
83, 3289, 200, 381, 19
83, 3290, 200, 496, 15
83, 3291, 200, 350, 31
83, 3292, 200, 364, 13
83, 3293, 200, 489, 36
83, 3294, 200, 544, 43
83, 3295, 200, 655, 27
83, 3296, 200, 567, 19
83, 3297, 200, 591, 36
83, 3298, 200, 512, 13
83, 3299, 200, 627, 28
83, 3300, 200, 635, 25
83, 3301, 200, 512, 19
83, 3302, 200, 565, 23
83, 3303, 200, 457, 26
83, 3304, 200, 474, 21
83, 3305, 200, 522, 29
83, 3306, 200, 619, 24
83, 3307, 200, 609, 26
83, 3308, 200, 516, 37
83, 3309, 200, 537, 42
83, 3310, 200, 509, 24
83, 3311, 200, 612, 17
83, 3312, 200, 599, 22
83, 3313, 200, 658, 28
83, 3314, 200, 450, 13
83, 3315, 200, 512, 17
83, 3316, 200, 727, 42
83, 3317, 200, 793, 30
83, 3318, 200, 741, 19
83, 3319, 200, 560, 54
84, 3320, 200, 735, 49
84, 3321, 200, 592, 31
84, 3322, 200, 653, 31
84, 3323, 200, 409, 15
84, 3324, 200, 640, 38
84, 3325, 200, 904, 31
84, 3326, 200, 881, 19
84, 3327, 200, 636, 39
84, 3328, 200, 677, 21
84, 3329, 200, 438, 45
84, 3330, 200, 424, 24
84, 3331, 200, 541, 36
84, 3332, 200, 471, 32
84, 3333, 200, 566, 27
84, 3334, 200, 714, 30
84, 3335, 200, 486, 27
84, 3336, 200, 481, 30
84, 3337, 200, 557, 24
84, 3338, 200, 481, 31
84, 3339, 200, 502, 15
84, 3340, 200, 531, 9
84, 3341, 200, 529, 17
84, 3342, 200, 507, 29
84, 3343, 200, 599, 25
84, 3344, 200, 761, 25
84, 3345, 200, 722, 28
84, 3346, 200, 590, 23
84, 3347, 200, 641, 63
84, 3348, 200, 575, 30
84, 3349, 200, 652, 50
84, 3350, 200, 814, 63
84, 3351, 200, 920, 32
84, 3352, 200, 813, 35
84, 3353, 200, 889, 35
84, 3354, 200, 583, 38
84, 3355, 200, 770, 19
84, 3356, 200, 531, 26
84, 3357, 200, 382, 18
84, 3358, 200, 554, 25
84, 3359, 200, 429, 34
85, 3360, 200, 627, 22
85, 3361, 200, 534, 25
85, 3362, 200, 742, 44
85, 3363, 200, 671, 31
85, 3364, 200, 863, 70
85, 3365, 200, 763, 44
85, 3366, 200, 880, 37
85, 3367, 200, 710, 73
85, 3368, 200, 613, 46
85, 3369, 200, 643, 61
85, 3370, 200, 602, 84
85, 3371, 200, 506, 15
85, 3372, 200, 438, 35
85, 3373, 200, 529, 26
85, 3374, 200, 731, 25
85, 3375, 200, 511, 20
85, 3376, 200, 682, 34
85, 3377, 200, 703, 21
85, 3378, 200, 597, 35
85, 3379, 200, 565, 20
85, 3380, 200, 387, 9
85, 3381, 200, 511, 18
85, 3382, 200, 491, 44
85, 3383, 200, 492, 35
85, 3384, 200, 494, 19
85, 3385, 200, 574, 51
85, 3386, 200, 487, 26
85, 3387, 200, 526, 31
85, 3388, 200, 421, 33
85, 3389, 200, 286, 7
85, 3390, 200, 232, 17
85, 3391, 200, 319, 13
85, 3392, 200, 358, 21
85, 3393, 200, 649, 28
85, 3394, 200, 534, 10
85, 3395, 200, 508, 33
85, 3396, 200, 512, 33
85, 3397, 200, 528, 30
85, 3398, 200, 593, 35
85, 3399, 200, 654, 24
86, 3400, 200, 678, 46
86, 3401, 200, 716, 37
86, 3402, 200, 621, 48
86, 3403, 200, 538, 37
86, 3404, 200, 578, 17
86, 3405, 200, 463, 27
86, 3406, 200, 754, 27
86, 3407, 200, 508, 25
86, 3408, 200, 639, 42
86, 3409, 200, 684, 39
86, 3410, 200, 740, 55
86, 3411, 200, 777, 39
86, 3412, 200, 634, 37
86, 3413, 200, 725, 39
86, 3414, 200, 762, 30
86, 3415, 200, 662, 16
86, 3416, 200, 539, 26
86, 3417, 200, 572, 32
86, 3418, 200, 296, 13
86, 3419, 200, 652, 21
86, 3420, 200, 605, 28
86, 3421, 200, 493, 28
86, 3422, 200, 529, 32
86, 3423, 200, 321, 45
86, 3424, 200, 325, 21
86, 3425, 200, 360, 40
86, 3426, 200, 397, 32
86, 3427, 200, 536, 24
86, 3428, 200, 372, 46
86, 3429, 200, 464, 20
86, 3430, 200, 392, 18
86, 3431, 200, 436, 43
86, 3432, 200, 485, 40
86, 3433, 200, 497, 14
86, 3434, 200, 489, 25
86, 3435, 200, 731, 31
86, 3436, 200, 442, 40
86, 3437, 200, 455, 35
86, 3438, 200, 650, 33
86, 3439, 200, 579, 30
87, 3440, 200, 496, 59
87, 3441, 200, 424, 39
87, 3442, 200, 425, 28
87, 3443, 200, 342, 21
87, 3444, 200, 466, 41
87, 3445, 200, 534, 44
87, 3446, 200, 482, 43
87, 3447, 200, 568, 33
87, 3448, 200, 459, 31
87, 3449, 200, 504, 52
87, 3450, 200, 455, 77
87, 3451, 200, 457, 48
87, 3452, 200, 595, 31
87, 3453, 200, 702, 40
87, 3454, 200, 500, 33
87, 3455, 200, 405, 39
87, 3456, 200, 588, 18
87, 3457, 200, 447, 11
87, 3458, 200, 372, 21
87, 3459, 200, 427, 19
87, 3460, 200, 480, 33
87, 3461, 200, 550, 36
87, 3462, 200, 409, 22
87, 3463, 200, 462, 28
87, 3464, 200, 519, 61
87, 3465, 200, 614, 33
87, 3466, 200, 540, 9
87, 3467, 200, 391, 15
87, 3468, 200, 330, 23
87, 3469, 200, 360, 44
87, 3470, 200, 413, 31
87, 3471, 200, 539, 36
87, 3472, 200, 548, 57
87, 3473, 200, 604, 30
87, 3474, 200, 697, 38
87, 3475, 200, 654, 26
87, 3476, 200, 585, 14
87, 3477, 200, 837, 60
87, 3478, 200, 889, 22
87, 3479, 200, 639, 46
88, 3480, 200, 586, 36
88, 3481, 200, 435, 27
88, 3482, 200, 508, 34
88, 3483, 200, 761, 43
88, 3484, 200, 509, 17
88, 3485, 200, 612, 19
88, 3486, 200, 651, 47
88, 3487, 200, 738, 29
88, 3488, 200, 557, 24
88, 3489, 200, 946, 44
88, 3490, 200, 832, 36
88, 3491, 200, 431, 20
88, 3492, 200, 481, 28
88, 3493, 200, 541, 15
88, 3494, 200, 486, 20
88, 3495, 200, 580, 32
88, 3496, 200, 1140, 34
88, 3497, 200, 820, 48
88, 3498, 200, 816, 49
88, 3499, 200, 617, 42
88, 3500, 200, 648, 34
88, 3501, 200, 673, 40
88, 3502, 200, 536, 32
88, 3503, 200, 898, 60
88, 3504, 200, 898, 37
88, 3505, 200, 508, 58
88, 3506, 200, 408, 43
88, 3507, 200, 603, 20
88, 3508, 200, 652, 30
88, 3509, 200, 939, 45
88, 3510, 200, 523, 28
88, 3511, 200, 566, 40
88, 3512, 200, 1022, 66
88, 3513, 200, 825, 50
88, 3514, 200, 553, 32
88, 3515, 200, 475, 45
88, 3516, 200, 401, 25
88, 3517, 200, 477, 43
88, 3518, 200, 572, 32
88, 3519, 200, 606, 26
89, 3520, 200, 486, 17
89, 3521, 200, 367, 30
89, 3522, 200, 439, 8
89, 3523, 200, 485, 37
89, 3524, 200, 477, 18
89, 3525, 200, 414, 27
89, 3526, 200, 552, 15
89, 3527, 200, 433, 26
89, 3528, 200, 626, 24
89, 3529, 200, 609, 41
89, 3530, 200, 602, 30
89, 3531, 200, 507, 37
89, 3532, 200, 739, 37
89, 3533, 200, 924, 45
89, 3534, 200, 717, 43
89, 3535, 200, 571, 36
89, 3536, 200, 533, 23
89, 3537, 200, 533, 28
89, 3538, 200, 471, 30
89, 3539, 200, 817, 61
89, 3540, 200, 591, 48
89, 3541, 200, 699, 19
89, 3542, 200, 511, 13
89, 3543, 200, 676, 23
89, 3544, 200, 521, 14
89, 3545, 200, 595, 39
89, 3546, 200, 700, 36
89, 3547, 200, 507, 40
89, 3548, 200, 694, 29
89, 3549, 200, 655, 48
89, 3550, 200, 633, 40
89, 3551, 200, 508, 25
89, 3552, 200, 396, 29
89, 3553, 200, 335, 40
89, 3554, 200, 334, 24
89, 3555, 200, 357, 15
89, 3556, 200, 397, 22
89, 3557, 200, 499, 23
89, 3558, 200, 832, 31
89, 3559, 200, 663, 19
90, 3560, 200, 666, 48
90, 3561, 200, 553, 29
90, 3562, 200, 605, 22
90, 3563, 200, 626, 32
90, 3564, 200, 750, 28
90, 3565, 200, 764, 12
90, 3566, 200, 839, 35
90, 3567, 200, 609, 23
90, 3568, 200, 700, 30
90, 3569, 200, 732, 16
90, 3570, 200, 556, 29
90, 3571, 200, 766, 44
90, 3572, 200, 670, 22
90, 3573, 200, 565, 22
90, 3574, 200, 720, 30
90, 3575, 200, 977, 33
90, 3576, 200, 714, 37
90, 3577, 200, 585, 31
90, 3578, 200, 614, 41
90, 3579, 200, 490, 34
90, 3580, 200, 501, 18
90, 3581, 200, 583, 17
90, 3582, 200, 411, 33
90, 3583, 200, 476, 39
90, 3584, 200, 354, 16
90, 3585, 200, 372, 24
90, 3586, 200, 561, 46
90, 3587, 200, 533, 27
90, 3588, 200, 587, 17
90, 3589, 200, 535, 27
90, 3590, 200, 378, 57
90, 3591, 200, 628, 42
90, 3592, 200, 523, 55
90, 3593, 200, 560, 75
90, 3594, 200, 607, 49
90, 3595, 200, 563, 43
90, 3596, 200, 468, 43
90, 3597, 200, 563, 37
90, 3598, 200, 575, 35
90, 3599, 200, 562, 41
91, 3600, 200, 678, 43
91, 3601, 200, 544, 33
91, 3602, 200, 688, 25
91, 3603, 200, 698, 61
91, 3604, 200, 660, 51
91, 3605, 200, 600, 29
91, 3606, 200, 686, 18
91, 3607, 200, 551, 30
91, 3608, 200, 628, 40
91, 3609, 200, 442, 15
91, 3610, 200, 496, 28
91, 3611, 200, 653, 34
91, 3612, 200, 535, 32
91, 3613, 200, 450, 38
91, 3614, 200, 550, 26
91, 3615, 200, 358, 37
91, 3616, 200, 608, 37
91, 3617, 200, 708, 32
91, 3618, 200, 566, 47
91, 3619, 200, 816, 39
91, 3620, 200, 811, 35
91, 3621, 200, 595, 27
91, 3622, 200, 562, 36
91, 3623, 200, 602, 34
91, 3624, 200, 691, 35
91, 3625, 200, 686, 40
91, 3626, 200, 645, 36
91, 3627, 200, 626, 22
91, 3628, 200, 590, 36
91, 3629, 200, 779, 45
91, 3630, 200, 563, 55
91, 3631, 200, 575, 30
91, 3632, 200, 515, 24
91, 3633, 200, 485, 46
91, 3634, 200, 552, 20
91, 3635, 200, 368, 21
91, 3636, 200, 495, 35
91, 3637, 200, 518, 15
91, 3638, 200, 605, 35
91, 3639, 200, 543, 28
92, 3640, 200, 505, 39
92, 3641, 200, 441, 27
92, 3642, 200, 527, 22
92, 3643, 200, 581, 23
92, 3644, 200, 542, 36
92, 3645, 200, 590, 39
92, 3646, 200, 603, 28
92, 3647, 200, 574, 20
92, 3648, 200, 624, 29
92, 3649, 200, 489, 29
92, 3650, 200, 589, 31
92, 3651, 200, 852, 26
92, 3652, 200, 668, 51
92, 3653, 200, 625, 40
92, 3654, 200, 587, 48
92, 3655, 200, 548, 51
92, 3656, 200, 519, 27
92, 3657, 200, 695, 38
92, 3658, 200, 571, 43
92, 3659, 200, 542, 24
92, 3660, 200, 671, 23
92, 3661, 200, 641, 27
92, 3662, 200, 555, 22
92, 3663, 200, 455, 30
92, 3664, 200, 459, 24
92, 3665, 200, 529, 9
92, 3666, 200, 658, 46
92, 3667, 200, 652, 51
92, 3668, 200, 551, 25
92, 3669, 200, 657, 29
92, 3670, 200, 532, 37
92, 3671, 200, 606, 32
92, 3672, 200, 631, 36
92, 3673, 200, 482, 28
92, 3674, 200, 541, 40
92, 3675, 200, 514, 40
92, 3676, 200, 681, 31
92, 3677, 200, 739, 56
92, 3678, 200, 573, 33
92, 3679, 200, 611, 43
93, 3680, 200, 491, 16
93, 3681, 200, 566, 41
93, 3682, 200, 410, 54
93, 3683, 200, 526, 39
93, 3684, 200, 511, 27
93, 3685, 200, 366, 47
93, 3686, 200, 372, 20
93, 3687, 200, 337, 28
93, 3688, 200, 536, 30
93, 3689, 200, 720, 39
93, 3690, 200, 644, 39
93, 3691, 200, 688, 65
93, 3692, 200, 551, 52
93, 3693, 200, 699, 63
93, 3694, 200, 745, 43
93, 3695, 200, 719, 39
93, 3696, 200, 653, 56
93, 3697, 200, 571, 35
93, 3698, 200, 588, 26
93, 3699, 200, 290, 19
93, 3700, 200, 387, 19
93, 3701, 200, 480, 36
93, 3702, 200, 440, 22
93, 3703, 200, 536, 24
93, 3704, 200, 556, 40
93, 3705, 200, 496, 31
93, 3706, 200, 465, 37
93, 3707, 200, 486, 30
93, 3708, 200, 596, 24
93, 3709, 200, 630, 19
93, 3710, 200, 443, 30
93, 3711, 200, 487, 35
93, 3712, 200, 459, 35
93, 3713, 200, 469, 29
93, 3714, 200, 517, 59
93, 3715, 200, 625, 28
93, 3716, 200, 372, 10
93, 3717, 200, 396, 29
93, 3718, 200, 517, 47
93, 3719, 200, 456, 24
94, 3720, 200, 464, 16
94, 3721, 200, 413, 31
94, 3722, 200, 309, 16
94, 3723, 200, 327, 41
94, 3724, 200, 519, 44
94, 3725, 200, 829, 37
94, 3726, 200, 286, 41
94, 3727, 200, 388, 40
94, 3728, 200, 554, 34
94, 3729, 200, 526, 29
94, 3730, 200, 448, 53
94, 3731, 200, 513, 27
94, 3732, 200, 505, 36
94, 3733, 200, 438, 20
94, 3734, 200, 461, 19
94, 3735, 200, 439, 6
94, 3736, 200, 450, 36
94, 3737, 200, 510, 26
94, 3738, 200, 294, 28
94, 3739, 200, 423, 28
94, 3740, 200, 632, 32
94, 3741, 200, 530, 34
94, 3742, 200, 639, 53
94, 3743, 200, 684, 34
94, 3744, 200, 529, 18
94, 3745, 200, 412, 18
94, 3746, 200, 365, 30
94, 3747, 200, 693, 24
94, 3748, 200, 443, 12
94, 3749, 200, 488, 24
94, 3750, 200, 589, 77
94, 3751, 200, 692, 51
94, 3752, 200, 734, 46
94, 3753, 200, 504, 59
94, 3754, 200, 526, 60
94, 3755, 200, 527, 41
94, 3756, 200, 405, 33
94, 3757, 200, 589, 39
94, 3758, 200, 487, 30
94, 3759, 200, 475, 17
95, 3760, 200, 517, 39
95, 3761, 200, 526, 33
95, 3762, 200, 642, 33
95, 3763, 200, 521, 33
95, 3764, 200, 477, 37
95, 3765, 200, 484, 29
95, 3766, 200, 431, 16
95, 3767, 200, 789, 14
95, 3768, 200, 561, 18
95, 3769, 200, 681, 40
95, 3770, 200, 593, 28
95, 3771, 200, 625, 24
95, 3772, 200, 745, 36
95, 3773, 200, 532, 28
95, 3774, 200, 547, 33
95, 3775, 200, 670, 52
95, 3776, 200, 669, 38
95, 3777, 200, 723, 24
95, 3778, 200, 652, 22
95, 3779, 200, 673, 25
95, 3780, 200, 466, 25
95, 3781, 200, 350, 28
95, 3782, 200, 477, 43
95, 3783, 200, 435, 26
95, 3784, 200, 649, 39
95, 3785, 200, 748, 56
95, 3786, 200, 727, 15
95, 3787, 200, 660, 29
95, 3788, 200, 768, 22
95, 3789, 200, 778, 27
95, 3790, 200, 674, 28
95, 3791, 200, 684, 38
95, 3792, 200, 635, 35
95, 3793, 200, 652, 45
95, 3794, 200, 630, 33
95, 3795, 200, 669, 22
95, 3796, 200, 534, 38
95, 3797, 200, 550, 24
95, 3798, 200, 650, 27
95, 3799, 200, 531, 46
96, 3800, 200, 556, 36
96, 3801, 200, 618, 13
96, 3802, 200, 436, 16
96, 3803, 200, 430, 19
96, 3804, 200, 444, 26
96, 3805, 200, 511, 12
96, 3806, 200, 598, 34
96, 3807, 200, 1000, 42
96, 3808, 200, 765, 42
96, 3809, 200, 695, 16
96, 3810, 200, 488, 35
96, 3811, 200, 559, 65
96, 3812, 200, 577, 38
96, 3813, 200, 821, 44
96, 3814, 200, 675, 63
96, 3815, 200, 496, 72
96, 3816, 200, 530, 31
96, 3817, 200, 737, 42
96, 3818, 200, 565, 22
96, 3819, 200, 728, 51
96, 3820, 200, 1063, 54
96, 3821, 200, 741, 49
96, 3822, 200, 808, 40
96, 3823, 200, 718, 44
96, 3824, 200, 588, 36
96, 3825, 200, 515, 40
96, 3826, 200, 697, 28
96, 3827, 200, 649, 36
96, 3828, 200, 548, 57
96, 3829, 200, 454, 33
96, 3830, 200, 709, 24
96, 3831, 200, 516, 36
96, 3832, 200, 372, 31
96, 3833, 200, 556, 12
96, 3834, 200, 492, 29
96, 3835, 200, 592, 20
96, 3836, 200, 441, 24
96, 3837, 200, 552, 26
96, 3838, 200, 528, 18
96, 3839, 200, 581, 26
97, 3840, 200, 603, 27
97, 3841, 200, 468, 36
97, 3842, 200, 567, 36
97, 3843, 200, 510, 29
97, 3844, 200, 565, 37
97, 3845, 200, 634, 41
97, 3846, 200, 839, 39
97, 3847, 200, 475, 34
97, 3848, 200, 568, 14
97, 3849, 200, 517, 24
97, 3850, 200, 505, 25
97, 3851, 200, 525, 18
97, 3852, 200, 452, 24
97, 3853, 200, 560, 32
97, 3854, 200, 602, 36
97, 3855, 200, 664, 12
97, 3856, 200, 512, 19
97, 3857, 200, 603, 23
97, 3858, 200, 511, 21
97, 3859, 200, 473, 24
97, 3860, 200, 489, 21
97, 3861, 200, 583, 12
97, 3862, 200, 528, 40
97, 3863, 200, 727, 35
97, 3864, 200, 409, 24
97, 3865, 200, 570, 30
97, 3866, 200, 396, 13
97, 3867, 200, 568, 42
97, 3868, 200, 583, 46
97, 3869, 200, 382, 34
97, 3870, 200, 672, 51
97, 3871, 200, 497, 34
97, 3872, 200, 429, 25
97, 3873, 200, 582, 38
97, 3874, 200, 614, 34
97, 3875, 200, 432, 26
97, 3876, 200, 340, 27
97, 3877, 200, 383, 49
97, 3878, 200, 701, 36
97, 3879, 200, 426, 44
98, 3880, 200, 535, 29
98, 3881, 200, 357, 31
98, 3882, 200, 338, 15
98, 3883, 200, 279, 22
98, 3884, 200, 415, 17
98, 3885, 200, 414, 20
98, 3886, 200, 357, 39
98, 3887, 200, 416, 9
98, 3888, 200, 444, 21
98, 3889, 200, 649, 36
98, 3890, 200, 518, 20
98, 3891, 200, 464, 19
98, 3892, 200, 389, 18
98, 3893, 200, 524, 35
98, 3894, 200, 553, 45
98, 3895, 200, 562, 34
98, 3896, 200, 468, 29
98, 3897, 200, 494, 27
98, 3898, 200, 321, 17
98, 3899, 200, 438, 17
98, 3900, 200, 420, 12
98, 3901, 200, 450, 25
98, 3902, 200, 447, 16
98, 3903, 200, 351, 27
98, 3904, 200, 468, 24
98, 3905, 200, 536, 30
98, 3906, 200, 330, 22
98, 3907, 200, 378, 32
98, 3908, 200, 446, 25
98, 3909, 200, 331, 42
98, 3910, 200, 358, 31
98, 3911, 200, 409, 10
98, 3912, 200, 469, 21
98, 3913, 200, 546, 36
98, 3914, 200, 328, 28
98, 3915, 200, 471, 29
98, 3916, 200, 622, 43
98, 3917, 200, 688, 37
98, 3918, 200, 863, 29
98, 3919, 200, 812, 60
99, 3920, 200, 564, 61
99, 3921, 200, 572, 27
99, 3922, 200, 642, 24
99, 3923, 200, 606, 39
99, 3924, 200, 488, 21
99, 3925, 200, 316, 17
99, 3926, 200, 385, 23
99, 3927, 200, 494, 29
99, 3928, 200, 597, 34
99, 3929, 200, 706, 8
99, 3930, 200, 470, 29
99, 3931, 200, 496, 28
99, 3932, 200, 554, 40
99, 3933, 200, 546, 22
99, 3934, 200, 645, 15
99, 3935, 200, 419, 32
99, 3936, 200, 543, 27
99, 3937, 200, 474, 44
99, 3938, 200, 530, 59
99, 3939, 200, 461, 20
99, 3940, 200, 442, 33
99, 3941, 200, 554, 25
99, 3942, 200, 420, 38
99, 3943, 200, 728, 29
99, 3944, 200, 882, 48
99, 3945, 200, 772, 31
99, 3946, 200, 668, 18
99, 3947, 200, 768, 21
99, 3948, 200, 712, 18
99, 3949, 200, 514, 30
99, 3950, 200, 511, 52
99, 3951, 200, 506, 19
99, 3952, 200, 653, 24
99, 3953, 200, 399, 17
99, 3954, 200, 678, 45
99, 3955, 200, 646, 37
99, 3956, 200, 536, 45
99, 3957, 200, 534, 47
99, 3958, 200, 536, 27
99, 3959, 200, 362, 17
100, 3960, 200, 658, 13
100, 3961, 200, 365, 24
100, 3962, 200, 513, 22
100, 3963, 200, 408, 28
100, 3964, 200, 453, 23
100, 3965, 200, 420, 15
100, 3966, 200, 680, 31
100, 3967, 200, 430, 32
100, 3968, 200, 962, 41
100, 3969, 200, 636, 37
100, 3970, 200, 713, 28
100, 3971, 200, 941, 61
100, 3972, 200, 612, 49
100, 3973, 200, 659, 48
100, 3974, 200, 901, 9
100, 3975, 200, 731, 33
100, 3976, 200, 684, 34
100, 3977, 200, 808, 14
100, 3978, 200, 504, 37
100, 3979, 200, 621, 17
100, 3980, 200, 722, 21
100, 3981, 200, 578, 25
100, 3982, 200, 720, 36
100, 3983, 200, 560, 37
100, 3984, 200, 631, 49
100, 3985, 200, 562, 15
100, 3986, 200, 577, 39
100, 3987, 200, 644, 22
100, 3988, 200, 559, 30
100, 3989, 200, 571, 34
100, 3990, 200, 622, 32
100, 3991, 200, 510, 13
100, 3992, 200, 432, 27
100, 3993, 200, 496, 35
100, 3994, 200, 388, 33
100, 3995, 200, 460, 45
100, 3996, 200, 445, 23
100, 3997, 200, 494, 29
100, 3998, 200, 444, 24
100, 3999, 200, 525, 26
