1, 0, 200, 9, 8
1, 1, 200, 9, 5
1, 2, 200, 34, 30
1, 3, 200, 4, 2
1, 4, 200, 128, 15
1, 5, 200, 225, 34
1, 6, 200, 291, 55
1, 7, 200, 298, 21
1, 8, 200, 562, 17
1, 9, 200, 296, 12
1, 10, 200, 781, 63
1, 11, 200, 772, 51
1, 12, 200, 386, 7
1, 13, 200, 600, 44
1, 14, 200, 617, 39
1, 15, 200, 462, 6
1, 16, 200, 724, 12
1, 17, 200, 467, 15
1, 18, 200, 702, 27
1, 19, 200, 845, 21
1, 20, 200, 1089, 59
1, 21, 200, 1008, 58
1, 22, 200, 1392, 164
1, 23, 200, 1094, 152
1, 24, 200, 1297, 113
1, 25, 200, 1250, 89
1, 26, 200, 875, 95
1, 27, 200, 815, 35
1, 28, 200, 1239, 71
1, 29, 200, 1300, 42
1, 30, 200, 1379, 99
1, 31, 200, 1268, 123
1, 32, 200, 1223, 160
1, 33, 200, 1058, 59
1, 34, 200, 951, 59
1, 35, 200, 854, 60
1, 36, 200, 868, 49
1, 37, 200, 956, 53
1, 38, 200, 1066, 87
1, 39, 200, 869, 99
2, 40, 200, 893, 73
2, 41, 200, 789, 100
2, 42, 200, 1091, 125
2, 43, 200, 1136, 105
2, 44, 200, 949, 111
2, 45, 200, 1193, 112
2, 46, 200, 826, 59
2, 47, 200, 758, 75
2, 48, 200, 836, 75
2, 49, 200, 981, 50
2, 50, 200, 1050, 40
2, 51, 200, 888, 34
2, 52, 200, 957, 48
2, 53, 200, 720, 42
2, 54, 200, 785, 52
2, 55, 200, 723, 65
2, 56, 200, 840, 38
2, 57, 200, 803, 63
2, 58, 200, 788, 49
2, 59, 200, 636, 52
2, 60, 200, 585, 29
2, 61, 200, 689, 32
2, 62, 200, 663, 37
2, 63, 200, 851, 31
2, 64, 200, 892, 24
2, 65, 200, 979, 46
2, 66, 200, 775, 53
2, 67, 200, 1058, 71
2, 68, 200, 864, 71
2, 69, 200, 878, 36
2, 70, 200, 636, 28
2, 71, 200, 522, 34
2, 72, 200, 728, 51
2, 73, 200, 805, 50
2, 74, 200, 728, 39
2, 75, 200, 954, 30
2, 76, 200, 854, 29
2, 77, 200, 619, 33
2, 78, 200, 660, 94
2, 79, 200, 911, 62
3, 80, 200, 723, 25
3, 81, 200, 581, 35
3, 82, 200, 844, 36
3, 83, 200, 832, 25
3, 84, 200, 678, 25
3, 85, 200, 978, 65
3, 86, 200, 650, 42
3, 87, 200, 847, 29
3, 88, 200, 683, 17
3, 89, 200, 623, 59
3, 90, 200, 577, 36
3, 91, 200, 771, 27
3, 92, 200, 851, 41
3, 93, 200, 604, 44
3, 94, 200, 723, 40
3, 95, 200, 929, 21
3, 96, 200, 969, 16
3, 97, 200, 928, 38
3, 98, 200, 857, 31
3, 99, 200, 730, 32
3, 100, 200, 1003, 45
3, 101, 200, 906, 55
3, 102, 200, 744, 45
3, 103, 200, 580, 32
3, 104, 200, 723, 38
3, 105, 200, 769, 38
3, 106, 200, 695, 62
3, 107, 200, 657, 49
3, 108, 200, 661, 25
3, 109, 200, 740, 12
3, 110, 200, 816, 27
3, 111, 200, 670, 29
3, 112, 200, 606, 23
3, 113, 200, 610, 32
3, 114, 200, 430, 29
3, 115, 200, 411, 19
3, 116, 200, 509, 28
3, 117, 200, 532, 14
3, 118, 200, 648, 21
3, 119, 200, 703, 35
4, 120, 200, 755, 33
4, 121, 200, 711, 37
4, 122, 200, 651, 19
4, 123, 200, 909, 50
4, 124, 200, 1196, 58
4, 125, 200, 1166, 47
4, 126, 200, 773, 36
4, 127, 200, 717, 38
4, 128, 200, 686, 22
4, 129, 200, 731, 25
4, 130, 200, 897, 22
4, 131, 200, 726, 17
4, 132, 200, 673, 30
4, 133, 200, 664, 39
4, 134, 200, 919, 34
4, 135, 200, 792, 21
4, 136, 200, 944, 35
4, 137, 200, 688, 30
4, 138, 200, 793, 32
4, 139, 200, 670, 19
4, 140, 200, 699, 35
4, 141, 200, 549, 13
4, 142, 200, 341, 14
4, 143, 200, 533, 29
4, 144, 200, 542, 22
4, 145, 200, 817, 33
4, 146, 200, 739, 16
4, 147, 200, 847, 23
4, 148, 200, 786, 17
4, 149, 200, 1129, 36
4, 150, 200, 578, 41
4, 151, 200, 490, 26
4, 152, 200, 460, 24
4, 153, 200, 619, 27
4, 154, 200, 257, 32
4, 155, 200, 270, 9
4, 156, 200, 260, 14
4, 157, 200, 314, 11
4, 158, 200, 534, 19
4, 159, 200, 488, 28
5, 160, 200, 538, 32
5, 161, 200, 464, 31
5, 162, 200, 478, 21
5, 163, 200, 437, 9
5, 164, 200, 552, 21
5, 165, 200, 506, 22
5, 166, 200, 566, 21
5, 167, 200, 742, 26
5, 168, 200, 492, 26
5, 169, 200, 560, 23
5, 170, 200, 486, 24
5, 171, 200, 546, 17
5, 172, 200, 661, 18
5, 173, 200, 831, 27
5, 174, 200, 573, 22
5, 175, 200, 757, 15
5, 176, 200, 695, 24
5, 177, 200, 692, 34
5, 178, 200, 763, 25
5, 179, 200, 535, 9
5, 180, 200, 403, 14
5, 181, 200, 578, 22
5, 182, 200, 453, 29
5, 183, 200, 569, 30
5, 184, 200, 610, 42
5, 185, 200, 607, 17
5, 186, 200, 512, 30
5, 187, 200, 628, 14
5, 188, 200, 616, 29
5, 189, 200, 522, 31
5, 190, 200, 443, 18
5, 191, 200, 525, 20
5, 192, 200, 384, 25
5, 193, 200, 438, 17
5, 194, 200, 395, 28
5, 195, 200, 419, 24
5, 196, 200, 646, 32
5, 197, 200, 645, 25
5, 198, 200, 531, 20
5, 199, 200, 520, 21
6, 200, 200, 445, 20
6, 201, 200, 482, 19
6, 202, 200, 512, 23
6, 203, 200, 398, 17
6, 204, 200, 422, 13
6, 205, 200, 657, 26
6, 206, 200, 547, 26
6, 207, 200, 712, 26
6, 208, 200, 674, 13
6, 209, 200, 602, 15
6, 210, 200, 511, 12
6, 211, 200, 543, 10
6, 212, 200, 659, 23
6, 213, 200, 568, 11
6, 214, 200, 461, 13
6, 215, 200, 629, 21
6, 216, 200, 619, 24
6, 217, 200, 905, 21
6, 218, 200, 653, 19
6, 219, 200, 529, 18
6, 220, 200, 452, 21
6, 221, 200, 781, 19
6, 222, 200, 699, 18
6, 223, 200, 569, 15
6, 224, 200, 387, 15
6, 225, 200, 438, 23
6, 226, 200, 500, 21
6, 227, 200, 568, 11
6, 228, 200, 373, 22
6, 229, 200, 523, 24
6, 230, 200, 547, 24
6, 231, 200, 452, 27
6, 232, 200, 644, 9
6, 233, 200, 652, 7
6, 234, 200, 564, 16
6, 235, 200, 553, 15
6, 236, 200, 543, 17
6, 237, 200, 349, 12
6, 238, 200, 394, 8
6, 239, 200, 392, 16
7, 240, 200, 414, 12
7, 241, 200, 479, 16
7, 242, 200, 511, 17
7, 243, 200, 380, 23
7, 244, 200, 344, 17
7, 245, 200, 473, 14
7, 246, 200, 358, 14
7, 247, 200, 340, 19
7, 248, 200, 336, 18
7, 249, 200, 659, 22
7, 250, 200, 591, 14
7, 251, 200, 457, 15
7, 252, 200, 478, 15
7, 253, 200, 421, 17
7, 254, 200, 401, 8
7, 255, 200, 298, 18
7, 256, 200, 350, 12
7, 257, 200, 466, 28
7, 258, 200, 601, 25
7, 259, 200, 487, 16
7, 260, 200, 329, 24
7, 261, 200, 338, 19
7, 262, 200, 417, 21
7, 263, 200, 362, 11
7, 264, 200, 341, 21
7, 265, 200, 468, 13
7, 266, 200, 311, 12
7, 267, 200, 238, 16
7, 268, 200, 308, 18
7, 269, 200, 405, 16
7, 270, 200, 549, 22
7, 271, 200, 467, 46
7, 272, 200, 616, 28
7, 273, 200, 443, 22
7, 274, 200, 546, 18
7, 275, 200, 424, 25
7, 276, 200, 359, 22
7, 277, 200, 339, 12
7, 278, 200, 527, 33
7, 279, 200, 450, 10
8, 280, 200, 678, 19
8, 281, 200, 469, 25
8, 282, 200, 461, 8
8, 283, 200, 501, 21
8, 284, 200, 481, 23
8, 285, 200, 372, 17
8, 286, 200, 396, 15
8, 287, 200, 441, 20
8, 288, 200, 417, 13
8, 289, 200, 447, 26
8, 290, 200, 343, 7
8, 291, 200, 453, 20
8, 292, 200, 443, 23
8, 293, 200, 481, 10
8, 294, 200, 399, 10
8, 295, 200, 344, 23
8, 296, 200, 471, 30
8, 297, 200, 621, 27
8, 298, 200, 601, 29
8, 299, 200, 583, 28
8, 300, 200, 610, 24
8, 301, 200, 480, 18
8, 302, 200, 480, 30
8, 303, 200, 552, 34
8, 304, 200, 495, 26
8, 305, 200, 515, 16
8, 306, 200, 560, 22
8, 307, 200, 841, 30
8, 308, 200, 928, 35
8, 309, 200, 860, 27
8, 310, 200, 638, 23
8, 311, 200, 614, 16
8, 312, 200, 537, 21
8, 313, 200, 736, 8
8, 314, 200, 685, 11
8, 315, 200, 574, 21
8, 316, 200, 637, 14
8, 317, 200, 385, 13
8, 318, 200, 416, 15
8, 319, 200, 416, 11
9, 320, 200, 562, 36
9, 321, 200, 700, 31
9, 322, 200, 476, 16
9, 323, 200, 681, 37
9, 324, 200, 780, 24
9, 325, 200, 689, 28
9, 326, 200, 402, 34
9, 327, 200, 487, 13
9, 328, 200, 516, 14
9, 329, 200, 422, 22
9, 330, 200, 311, 13
9, 331, 200, 348, 16
9, 332, 200, 399, 14
9, 333, 200, 689, 23
9, 334, 200, 571, 19
9, 335, 200, 458, 17
9, 336, 200, 714, 4
9, 337, 200, 833, 31
9, 338, 200, 798, 30
9, 339, 200, 615, 34
9, 340, 200, 536, 27
9, 341, 200, 439, 16
9, 342, 200, 388, 15
9, 343, 200, 800, 20
9, 344, 200, 546, 13
9, 345, 200, 569, 17
9, 346, 200, 373, 11
9, 347, 200, 528, 16
9, 348, 200, 443, 26
9, 349, 200, 494, 25
9, 350, 200, 534, 9
9, 351, 200, 711, 26
9, 352, 200, 726, 29
9, 353, 200, 567, 7
9, 354, 200, 557, 21
9, 355, 200, 456, 24
9, 356, 200, 582, 14
9, 357, 200, 583, 11
9, 358, 200, 728, 29
9, 359, 200, 369, 19
10, 360, 200, 777, 26
10, 361, 200, 587, 26
10, 362, 200, 479, 15
10, 363, 200, 440, 12
10, 364, 200, 516, 30
10, 365, 200, 459, 28
10, 366, 200, 459, 16
10, 367, 200, 446, 11
10, 368, 200, 557, 24
10, 369, 200, 529, 18
10, 370, 200, 657, 23
10, 371, 200, 679, 34
10, 372, 200, 365, 12
10, 373, 200, 351, 19
10, 374, 200, 496, 14
10, 375, 200, 466, 23
10, 376, 200, 451, 29
10, 377, 200, 415, 13
10, 378, 200, 386, 9
10, 379, 200, 314, 12
10, 380, 200, 387, 9
10, 381, 200, 267, 16
10, 382, 200, 330, 18
10, 383, 200, 482, 22
10, 384, 200, 305, 5
10, 385, 200, 469, 15
10, 386, 200, 437, 16
10, 387, 200, 380, 13
10, 388, 200, 420, 17
10, 389, 200, 235, 14
10, 390, 200, 322, 16
10, 391, 200, 437, 18
10, 392, 200, 459, 17
10, 393, 200, 390, 14
10, 394, 200, 618, 18
10, 395, 200, 409, 23
10, 396, 200, 348, 25
10, 397, 200, 533, 26
10, 398, 200, 525, 16
10, 399, 200, 478, 9
11, 400, 200, 458, 21
11, 401, 200, 558, 10
11, 402, 200, 299, 15
11, 403, 200, 284, 10
11, 404, 200, 290, 7
11, 405, 200, 436, 18
11, 406, 200, 450, 7
11, 407, 200, 650, 21
11, 408, 200, 558, 20
11, 409, 200, 352, 14
11, 410, 200, 493, 28
11, 411, 200, 414, 20
11, 412, 200, 364, 10
11, 413, 200, 381, 16
11, 414, 200, 438, 16
11, 415, 200, 372, 12
11, 416, 200, 388, 12
11, 417, 200, 658, 32
11, 418, 200, 528, 32
11, 419, 200, 682, 9
11, 420, 200, 406, 14
11, 421, 200, 576, 19
11, 422, 200, 551, 22
11, 423, 200, 354, 19
11, 424, 200, 334, 14
11, 425, 200, 415, 19
11, 426, 200, 370, 16
11, 427, 200, 528, 21
11, 428, 200, 383, 9
11, 429, 200, 393, 10
11, 430, 200, 429, 11
11, 431, 200, 513, 23
11, 432, 200, 583, 23
11, 433, 200, 417, 11
11, 434, 200, 406, 18
11, 435, 200, 456, 16
11, 436, 200, 651, 20
11, 437, 200, 528, 14
11, 438, 200, 652, 14
11, 439, 200, 586, 24
12, 440, 200, 455, 8
12, 441, 200, 425, 12
12, 442, 200, 462, 15
12, 443, 200, 691, 11
12, 444, 200, 581, 21
12, 445, 200, 521, 21
12, 446, 200, 424, 20
12, 447, 200, 364, 17
12, 448, 200, 407, 16
12, 449, 200, 264, 15
12, 450, 200, 476, 15
12, 451, 200, 470, 8
12, 452, 200, 356, 13
12, 453, 200, 424, 5
12, 454, 200, 627, 8
12, 455, 200, 572, 7
12, 456, 200, 495, 12
12, 457, 200, 332, 10
12, 458, 200, 302, 5
12, 459, 200, 295, 9
12, 460, 200, 318, 13
12, 461, 200, 311, 11
12, 462, 200, 515, 15
12, 463, 200, 555, 15
12, 464, 200, 454, 14
12, 465, 200, 522, 19
12, 466, 200, 506, 16
12, 467, 200, 296, 23
12, 468, 200, 649, 24
12, 469, 200, 548, 17
12, 470, 200, 439, 21
12, 471, 200, 486, 24
12, 472, 200, 473, 25
12, 473, 200, 430, 17
12, 474, 200, 588, 15
12, 475, 200, 577, 20
12, 476, 200, 807, 21
12, 477, 200, 445, 20
12, 478, 200, 464, 10
12, 479, 200, 352, 6
13, 480, 200, 520, 23
13, 481, 200, 482, 13
13, 482, 200, 391, 19
13, 483, 200, 580, 34
13, 484, 200, 637, 35
13, 485, 200, 533, 19
13, 486, 200, 442, 6
13, 487, 200, 547, 12
13, 488, 200, 421, 16
13, 489, 200, 400, 7
13, 490, 200, 570, 19
13, 491, 200, 730, 8
13, 492, 200, 680, 27
13, 493, 200, 948, 24
13, 494, 200, 615, 26
13, 495, 200, 549, 14
13, 496, 200, 573, 12
13, 497, 200, 489, 6
13, 498, 200, 534, 12
13, 499, 200, 403, 3
13, 500, 200, 440, 8
13, 501, 200, 398, 9
13, 502, 200, 382, 11
13, 503, 200, 289, 12
13, 504, 200, 360, 17
13, 505, 200, 279, 5
13, 506, 200, 427, 9
13, 507, 200, 426, 20
13, 508, 200, 520, 19
13, 509, 200, 359, 17
13, 510, 200, 382, 24
13, 511, 200, 435, 14
13, 512, 200, 402, 19
13, 513, 200, 488, 2
13, 514, 200, 345, 13
13, 515, 200, 383, 6
13, 516, 200, 419, 28
13, 517, 200, 611, 20
13, 518, 200, 653, 34
13, 519, 200, 580, 17
14, 520, 200, 525, 31
14, 521, 200, 600, 14
14, 522, 200, 645, 13
14, 523, 200, 535, 9
14, 524, 200, 502, 18
14, 525, 200, 418, 15
14, 526, 200, 474, 12
14, 527, 200, 716, 21
14, 528, 200, 555, 14
14, 529, 200, 469, 11
14, 530, 200, 565, 14
14, 531, 200, 394, 19
14, 532, 200, 456, 19
14, 533, 200, 366, 10
14, 534, 200, 491, 18
14, 535, 200, 408, 8
14, 536, 200, 491, 11
14, 537, 200, 541, 11
14, 538, 200, 526, 16
14, 539, 200, 523, 8
14, 540, 200, 398, 13
14, 541, 200, 423, 26
14, 542, 200, 478, 24
14, 543, 200, 380, 13
14, 544, 200, 413, 13
14, 545, 200, 389, 19
14, 546, 200, 363, 34
14, 547, 200, 344, 15
14, 548, 200, 489, 10
14, 549, 200, 404, 4
14, 550, 200, 405, 6
14, 551, 200, 418, 17
14, 552, 200, 422, 19
14, 553, 200, 568, 15
14, 554, 200, 499, 21
14, 555, 200, 573, 14
14, 556, 200, 550, 22
14, 557, 200, 508, 13
14, 558, 200, 522, 20
14, 559, 200, 653, 20
15, 560, 200, 487, 5
15, 561, 200, 590, 14
15, 562, 200, 438, 15
15, 563, 200, 651, 15
15, 564, 200, 763, 13
15, 565, 200, 459, 14
15, 566, 200, 675, 33
15, 567, 200, 485, 10
15, 568, 200, 369, 12
15, 569, 200, 369, 23
15, 570, 200, 405, 18
15, 571, 200, 431, 23
15, 572, 200, 391, 15
15, 573, 200, 466, 15
15, 574, 200, 518, 13
15, 575, 200, 468, 13
15, 576, 200, 531, 6
15, 577, 200, 410, 14
15, 578, 200, 525, 11
15, 579, 200, 477, 20
15, 580, 200, 509, 17
15, 581, 200, 501, 7
15, 582, 200, 494, 5
15, 583, 200, 514, 22
15, 584, 200, 600, 19
15, 585, 200, 404, 6
15, 586, 200, 454, 5
15, 587, 200, 248, 4
15, 588, 200, 270, 14
15, 589, 200, 416, 12
15, 590, 200, 452, 10
15, 591, 200, 505, 31
15, 592, 200, 440, 11
15, 593, 200, 421, 15
15, 594, 200, 257, 13
15, 595, 200, 420, 10
15, 596, 200, 479, 21
15, 597, 200, 354, 11
15, 598, 200, 417, 13
15, 599, 200, 414, 11
16, 600, 200, 396, 6
16, 601, 200, 523, 20
16, 602, 200, 569, 34
16, 603, 200, 716, 21
16, 604, 200, 595, 14
16, 605, 200, 610, 34
16, 606, 200, 378, 6
16, 607, 200, 417, 23
16, 608, 200, 363, 13
16, 609, 200, 369, 15
16, 610, 200, 486, 13
16, 611, 200, 537, 9
16, 612, 200, 506, 20
16, 613, 200, 719, 19
16, 614, 200, 529, 7
16, 615, 200, 514, 21
16, 616, 200, 439, 14
16, 617, 200, 417, 11
16, 618, 200, 339, 15
16, 619, 200, 215, 22
16, 620, 200, 415, 10
16, 621, 200, 588, 14
16, 622, 200, 398, 11
16, 623, 200, 385, 12
16, 624, 200, 553, 6
16, 625, 200, 544, 10
16, 626, 200, 695, 14
16, 627, 200, 575, 13
16, 628, 200, 989, 22
16, 629, 200, 825, 17
16, 630, 200, 581, 19
16, 631, 200, 309, 11
16, 632, 200, 381, 21
16, 633, 200, 472, 23
16, 634, 200, 606, 40
16, 635, 200, 518, 32
16, 636, 200, 465, 27
16, 637, 200, 550, 23
16, 638, 200, 301, 22
16, 639, 200, 324, 11
17, 640, 200, 367, 32
17, 641, 200, 739, 40
17, 642, 200, 648, 56
17, 643, 200, 687, 41
17, 644, 200, 523, 30
17, 645, 200, 447, 16
17, 646, 200, 655, 32
17, 647, 200, 524, 26
17, 648, 200, 627, 20
17, 649, 200, 719, 22
17, 650, 200, 521, 22
17, 651, 200, 388, 11
17, 652, 200, 660, 30
17, 653, 200, 559, 21
17, 654, 200, 569, 18
17, 655, 200, 464, 24
17, 656, 200, 334, 18
17, 657, 200, 391, 38
17, 658, 200, 436, 14
17, 659, 200, 538, 36
17, 660, 200, 450, 32
17, 661, 200, 338, 37
17, 662, 200, 603, 35
17, 663, 200, 359, 11
17, 664, 200, 416, 21
17, 665, 200, 403, 22
17, 666, 200, 596, 30
17, 667, 200, 413, 27
17, 668, 200, 410, 46
17, 669, 200, 532, 28
17, 670, 200, 552, 15
17, 671, 200, 615, 22
17, 672, 200, 518, 17
17, 673, 200, 482, 11
17, 674, 200, 465, 21
17, 675, 200, 264, 7
17, 676, 200, 356, 38
17, 677, 200, 475, 39
17, 678, 200, 508, 24
17, 679, 200, 413, 12
18, 680, 200, 576, 11
18, 681, 200, 573, 13
18, 682, 200, 498, 8
18, 683, 200, 748, 10
18, 684, 200, 707, 8
18, 685, 200, 654, 39
18, 686, 200, 699, 13
18, 687, 200, 560, 21
18, 688, 200, 514, 19
18, 689, 200, 766, 17
18, 690, 200, 508, 8
18, 691, 200, 455, 16
18, 692, 200, 459, 13
18, 693, 200, 446, 14
18, 694, 200, 441, 11
18, 695, 200, 471, 13
18, 696, 200, 707, 25
18, 697, 200, 948, 24
18, 698, 200, 726, 31
18, 699, 200, 711, 14
18, 700, 200, 538, 19
18, 701, 200, 713, 24
18, 702, 200, 477, 23
18, 703, 200, 501, 19
18, 704, 200, 611, 16
18, 705, 200, 799, 33
18, 706, 200, 741, 46
18, 707, 200, 562, 16
18, 708, 200, 613, 15
18, 709, 200, 452, 17
18, 710, 200, 690, 19
18, 711, 200, 463, 15
18, 712, 200, 563, 24
18, 713, 200, 524, 21
18, 714, 200, 625, 23
18, 715, 200, 651, 20
18, 716, 200, 546, 17
18, 717, 200, 584, 14
18, 718, 200, 415, 19
18, 719, 200, 529, 13
19, 720, 200, 602, 23
19, 721, 200, 701, 42
19, 722, 200, 597, 17
19, 723, 200, 663, 21
19, 724, 200, 682, 23
19, 725, 200, 722, 21
19, 726, 200, 654, 9
19, 727, 200, 531, 16
19, 728, 200, 474, 14
19, 729, 200, 545, 18
19, 730, 200, 388, 35
19, 731, 200, 446, 8
19, 732, 200, 572, 34
19, 733, 200, 577, 19
19, 734, 200, 488, 16
19, 735, 200, 550, 21
19, 736, 200, 568, 16
19, 737, 200, 373, 11
19, 738, 200, 418, 5
19, 739, 200, 560, 12
19, 740, 200, 459, 30
19, 741, 200, 594, 36
19, 742, 200, 689, 26
19, 743, 200, 686, 16
19, 744, 200, 692, 30
19, 745, 200, 483, 19
19, 746, 200, 475, 14
19, 747, 200, 477, 17
19, 748, 200, 393, 12
19, 749, 200, 389, 15
19, 750, 200, 359, 14
19, 751, 200, 457, 26
19, 752, 200, 320, 23
19, 753, 200, 447, 24
19, 754, 200, 413, 28
19, 755, 200, 270, 20
19, 756, 200, 343, 20
19, 757, 200, 500, 20
19, 758, 200, 523, 35
19, 759, 200, 457, 48
20, 760, 200, 326, 22
20, 761, 200, 380, 26
20, 762, 200, 490, 26
20, 763, 200, 530, 22
20, 764, 200, 568, 18
20, 765, 200, 427, 19
20, 766, 200, 371, 20
20, 767, 200, 522, 16
20, 768, 200, 433, 10
20, 769, 200, 430, 7
20, 770, 200, 272, 15
20, 771, 200, 461, 28
20, 772, 200, 563, 24
20, 773, 200, 507, 19
20, 774, 200, 646, 38
20, 775, 200, 387, 8
20, 776, 200, 224, 16
20, 777, 200, 556, 21
20, 778, 200, 500, 30
20, 779, 200, 451, 21
20, 780, 200, 455, 44
20, 781, 200, 508, 33
20, 782, 200, 504, 39
20, 783, 200, 466, 27
20, 784, 200, 442, 23
20, 785, 200, 414, 20
20, 786, 200, 365, 11
20, 787, 200, 645, 52
20, 788, 200, 713, 32
20, 789, 200, 479, 20
20, 790, 200, 352, 23
20, 791, 200, 275, 9
20, 792, 200, 320, 7
20, 793, 200, 378, 20
20, 794, 200, 317, 16
20, 795, 200, 294, 22
20, 796, 200, 334, 17
20, 797, 200, 233, 30
20, 798, 200, 338, 28
20, 799, 200, 320, 15
21, 800, 200, 500, 16
21, 801, 200, 308, 22
21, 802, 200, 374, 13
21, 803, 200, 533, 27
21, 804, 200, 425, 30
21, 805, 200, 522, 17
21, 806, 200, 498, 24
21, 807, 200, 610, 28
21, 808, 200, 631, 18
21, 809, 200, 526, 22
21, 810, 200, 688, 16
21, 811, 200, 572, 19
21, 812, 200, 845, 15
21, 813, 200, 553, 12
21, 814, 200, 334, 7
21, 815, 200, 401, 10
21, 816, 200, 674, 23
21, 817, 200, 930, 32
21, 818, 200, 849, 39
21, 819, 200, 556, 23
21, 820, 200, 654, 41
21, 821, 200, 560, 26
21, 822, 200, 382, 21
21, 823, 200, 536, 37
21, 824, 200, 543, 23
21, 825, 200, 447, 22
21, 826, 200, 361, 22
21, 827, 200, 486, 34
21, 828, 200, 287, 23
21, 829, 200, 399, 24
21, 830, 200, 410, 24
21, 831, 200, 401, 16
21, 832, 200, 464, 20
21, 833, 200, 453, 9
21, 834, 200, 574, 37
21, 835, 200, 708, 46
21, 836, 200, 746, 34
21, 837, 200, 718, 48
21, 838, 200, 616, 33
21, 839, 200, 435, 23
22, 840, 200, 426, 15
22, 841, 200, 634, 36
22, 842, 200, 632, 34
22, 843, 200, 578, 21
22, 844, 200, 660, 27
22, 845, 200, 482, 19
22, 846, 200, 485, 25
22, 847, 200, 478, 16
22, 848, 200, 387, 16
22, 849, 200, 354, 17
22, 850, 200, 390, 16
22, 851, 200, 439, 17
22, 852, 200, 443, 9
22, 853, 200, 605, 15
22, 854, 200, 585, 19
22, 855, 200, 488, 33
22, 856, 200, 410, 28
22, 857, 200, 446, 28
22, 858, 200, 306, 22
22, 859, 200, 463, 33
22, 860, 200, 570, 22
22, 861, 200, 405, 11
22, 862, 200, 408, 12
22, 863, 200, 329, 17
22, 864, 200, 502, 29
22, 865, 200, 347, 11
22, 866, 200, 673, 20
22, 867, 200, 562, 21
22, 868, 200, 612, 20
22, 869, 200, 512, 24
22, 870, 200, 359, 15
22, 871, 200, 502, 18
22, 872, 200, 605, 36
22, 873, 200, 421, 14
22, 874, 200, 348, 12
22, 875, 200, 452, 12
22, 876, 200, 336, 6
22, 877, 200, 396, 26
22, 878, 200, 373, 21
22, 879, 200, 403, 21
23, 880, 200, 313, 19
23, 881, 200, 491, 21
23, 882, 200, 407, 12
23, 883, 200, 382, 5
23, 884, 200, 523, 21
23, 885, 200, 447, 36
23, 886, 200, 419, 15
23, 887, 200, 342, 14
23, 888, 200, 273, 5
23, 889, 200, 333, 9
23, 890, 200, 542, 17
23, 891, 200, 507, 22
23, 892, 200, 512, 17
23, 893, 200, 553, 16
23, 894, 200, 516, 24
23, 895, 200, 457, 17
23, 896, 200, 708, 27
23, 897, 200, 439, 21
23, 898, 200, 432, 16
23, 899, 200, 543, 12
23, 900, 200, 550, 15
23, 901, 200, 328, 15
23, 902, 200, 376, 11
23, 903, 200, 496, 34
23, 904, 200, 354, 16
23, 905, 200, 491, 9
23, 906, 200, 404, 8
23, 907, 200, 323, 21
23, 908, 200, 347, 14
23, 909, 200, 456, 15
23, 910, 200, 505, 16
23, 911, 200, 512, 16
23, 912, 200, 368, 16
23, 913, 200, 372, 12
23, 914, 200, 411, 18
23, 915, 200, 343, 23
23, 916, 200, 400, 15
23, 917, 200, 400, 14
23, 918, 200, 321, 15
23, 919, 200, 452, 15
24, 920, 200, 419, 22
24, 921, 200, 285, 12
24, 922, 200, 387, 10
24, 923, 200, 531, 23
24, 924, 200, 678, 18
24, 925, 200, 473, 21
24, 926, 200, 469, 31
24, 927, 200, 624, 29
24, 928, 200, 356, 18
24, 929, 200, 576, 16
24, 930, 200, 516, 16
24, 931, 200, 522, 12
24, 932, 200, 543, 12
24, 933, 200, 581, 12
24, 934, 200, 356, 17
24, 935, 200, 410, 10
24, 936, 200, 397, 8
24, 937, 200, 338, 15
24, 938, 200, 403, 16
24, 939, 200, 401, 37
24, 940, 200, 476, 31
24, 941, 200, 428, 14
24, 942, 200, 412, 19
24, 943, 200, 485, 21
24, 944, 200, 611, 26
24, 945, 200, 454, 30
24, 946, 200, 447, 24
24, 947, 200, 622, 21
24, 948, 200, 360, 14
24, 949, 200, 470, 16
24, 950, 200, 613, 18
24, 951, 200, 385, 13
24, 952, 200, 561, 22
24, 953, 200, 522, 13
24, 954, 200, 534, 27
24, 955, 200, 471, 18
24, 956, 200, 573, 8
24, 957, 200, 531, 13
24, 958, 200, 569, 14
24, 959, 200, 511, 20
25, 960, 200, 583, 23
25, 961, 200, 876, 24
25, 962, 200, 827, 27
25, 963, 200, 642, 36
25, 964, 200, 978, 49
25, 965, 200, 811, 31
25, 966, 200, 691, 35
25, 967, 200, 609, 30
25, 968, 200, 660, 21
25, 969, 200, 554, 19
25, 970, 200, 304, 20
25, 971, 200, 378, 17
25, 972, 200, 431, 20
25, 973, 200, 454, 21
25, 974, 200, 488, 20
25, 975, 200, 600, 25
25, 976, 200, 672, 40
25, 977, 200, 581, 17
25, 978, 200, 418, 35
25, 979, 200, 375, 16
25, 980, 200, 479, 29
25, 981, 200, 459, 11
25, 982, 200, 408, 11
25, 983, 200, 470, 13
25, 984, 200, 364, 17
25, 985, 200, 374, 13
25, 986, 200, 359, 12
25, 987, 200, 343, 5
25, 988, 200, 458, 10
25, 989, 200, 536, 26
25, 990, 200, 417, 22
25, 991, 200, 610, 33
25, 992, 200, 405, 23
25, 993, 200, 394, 17
25, 994, 200, 355, 11
25, 995, 200, 599, 14
25, 996, 200, 978, 27
25, 997, 200, 519, 24
25, 998, 200, 464, 12
25, 999, 200, 365, 11
26, 1000, 200, 438, 14
26, 1001, 200, 449, 16
26, 1002, 200, 655, 22
26, 1003, 200, 442, 13
26, 1004, 200, 598, 25
26, 1005, 200, 503, 36
26, 1006, 200, 621, 22
26, 1007, 200, 687, 25
26, 1008, 200, 977, 24
26, 1009, 200, 657, 13
26, 1010, 200, 372, 18
26, 1011, 200, 472, 16
26, 1012, 200, 496, 24
26, 1013, 200, 585, 15
26, 1014, 200, 601, 27
26, 1015, 200, 628, 17
26, 1016, 200, 853, 25
26, 1017, 200, 671, 44
26, 1018, 200, 569, 40
26, 1019, 200, 514, 13
26, 1020, 200, 477, 10
26, 1021, 200, 508, 28
26, 1022, 200, 563, 17
26, 1023, 200, 1070, 27
26, 1024, 200, 730, 16
26, 1025, 200, 577, 11
26, 1026, 200, 691, 8
26, 1027, 200, 591, 11
26, 1028, 200, 504, 15
26, 1029, 200, 660, 11
26, 1030, 200, 328, 13
26, 1031, 200, 585, 15
26, 1032, 200, 361, 18
26, 1033, 200, 605, 15
26, 1034, 200, 554, 13
26, 1035, 200, 656, 29
26, 1036, 200, 555, 14
26, 1037, 200, 495, 20
26, 1038, 200, 672, 36
26, 1039, 200, 655, 17
27, 1040, 200, 580, 14
27, 1041, 200, 600, 20
27, 1042, 200, 576, 34
27, 1043, 200, 682, 34
27, 1044, 200, 761, 13
27, 1045, 200, 732, 18
27, 1046, 200, 758, 26
27, 1047, 200, 630, 37
27, 1048, 200, 518, 14
27, 1049, 200, 412, 22
27, 1050, 200, 670, 35
27, 1051, 200, 540, 19
27, 1052, 200, 707, 29
27, 1053, 200, 543, 20
27, 1054, 200, 424, 16
27, 1055, 200, 456, 24
27, 1056, 200, 536, 49
27, 1057, 200, 715, 31
27, 1058, 200, 603, 23
27, 1059, 200, 582, 23
27, 1060, 200, 577, 23
27, 1061, 200, 444, 20
27, 1062, 200, 544, 38
27, 1063, 200, 363, 17
27, 1064, 200, 338, 23
27, 1065, 200, 461, 20
27, 1066, 200, 453, 21
27, 1067, 200, 550, 14
27, 1068, 200, 381, 23
27, 1069, 200, 505, 10
27, 1070, 200, 401, 17
27, 1071, 200, 583, 26
27, 1072, 200, 644, 48
27, 1073, 200, 593, 11
27, 1074, 200, 532, 26
27, 1075, 200, 322, 30
27, 1076, 200, 582, 28
27, 1077, 200, 479, 17
27, 1078, 200, 406, 5
27, 1079, 200, 420, 17
28, 1080, 200, 565, 30
28, 1081, 200, 386, 28
28, 1082, 200, 537, 41
28, 1083, 200, 599, 27
28, 1084, 200, 488, 19
28, 1085, 200, 491, 15
28, 1086, 200, 332, 19
28, 1087, 200, 346, 19
28, 1088, 200, 474, 13
28, 1089, 200, 390, 12
28, 1090, 200, 327, 14
28, 1091, 200, 409, 17
28, 1092, 200, 461, 26
28, 1093, 200, 459, 14
28, 1094, 200, 438, 15
28, 1095, 200, 428, 17
28, 1096, 200, 584, 30
28, 1097, 200, 515, 62
28, 1098, 200, 635, 28
28, 1099, 200, 499, 32
28, 1100, 200, 530, 15
28, 1101, 200, 679, 25
28, 1102, 200, 535, 18
28, 1103, 200, 729, 27
28, 1104, 200, 480, 14
28, 1105, 200, 444, 22
28, 1106, 200, 572, 28
28, 1107, 200, 482, 27
28, 1108, 200, 376, 12
28, 1109, 200, 362, 13
28, 1110, 200, 524, 24
28, 1111, 200, 377, 27
28, 1112, 200, 421, 25
28, 1113, 200, 459, 15
28, 1114, 200, 348, 16
28, 1115, 200, 280, 17
28, 1116, 200, 391, 24
28, 1117, 200, 459, 8
28, 1118, 200, 357, 19
28, 1119, 200, 359, 21
29, 1120, 200, 576, 54
29, 1121, 200, 526, 22
29, 1122, 200, 763, 25
29, 1123, 200, 569, 24
29, 1124, 200, 616, 11
29, 1125, 200, 611, 17
29, 1126, 200, 640, 30
29, 1127, 200, 560, 34
29, 1128, 200, 478, 27
29, 1129, 200, 630, 19
29, 1130, 200, 533, 23
29, 1131, 200, 415, 24
29, 1132, 200, 576, 20
29, 1133, 200, 496, 19
29, 1134, 200, 595, 29
29, 1135, 200, 552, 13
29, 1136, 200, 634, 18
29, 1137, 200, 491, 12
29, 1138, 200, 371, 16
29, 1139, 200, 429, 10
29, 1140, 200, 468, 13
29, 1141, 200, 414, 21
29, 1142, 200, 675, 25
29, 1143, 200, 489, 33
29, 1144, 200, 533, 24
29, 1145, 200, 445, 17
29, 1146, 200, 574, 20
29, 1147, 200, 424, 14
29, 1148, 200, 501, 12
29, 1149, 200, 404, 5
29, 1150, 200, 824, 29
29, 1151, 200, 629, 24
29, 1152, 200, 573, 23
29, 1153, 200, 698, 12
29, 1154, 200, 506, 12
29, 1155, 200, 452, 7
29, 1156, 200, 643, 22
29, 1157, 200, 574, 13
29, 1158, 200, 754, 10
29, 1159, 200, 539, 23
30, 1160, 200, 546, 20
30, 1161, 200, 544, 17
30, 1162, 200, 548, 29
30, 1163, 200, 533, 10
30, 1164, 200, 772, 25
30, 1165, 200, 444, 24
30, 1166, 200, 413, 20
30, 1167, 200, 526, 11
30, 1168, 200, 777, 20
30, 1169, 200, 719, 20
30, 1170, 200, 579, 14
30, 1171, 200, 514, 19
30, 1172, 200, 471, 15
30, 1173, 200, 333, 21
30, 1174, 200, 538, 10
30, 1175, 200, 843, 8
30, 1176, 200, 441, 11
30, 1177, 200, 638, 13
30, 1178, 200, 580, 23
30, 1179, 200, 725, 21
30, 1180, 200, 641, 15
30, 1181, 200, 632, 25
30, 1182, 200, 634, 10
30, 1183, 200, 721, 24
30, 1184, 200, 430, 11
30, 1185, 200, 555, 19
30, 1186, 200, 472, 26
30, 1187, 200, 543, 23
30, 1188, 200, 544, 27
30, 1189, 200, 497, 11
30, 1190, 200, 551, 17
30, 1191, 200, 455, 23
30, 1192, 200, 471, 30
30, 1193, 200, 595, 23
30, 1194, 200, 858, 27
30, 1195, 200, 992, 25
30, 1196, 200, 630, 18
30, 1197, 200, 691, 19
30, 1198, 200, 613, 29
30, 1199, 200, 686, 22
31, 1200, 200, 604, 8
31, 1201, 200, 346, 5
31, 1202, 200, 970, 14
31, 1203, 200, 775, 9
31, 1204, 200, 501, 14
31, 1205, 200, 633, 14
31, 1206, 200, 593, 17
31, 1207, 200, 613, 29
31, 1208, 200, 688, 25
31, 1209, 200, 686, 25
31, 1210, 200, 677, 11
31, 1211, 200, 498, 14
31, 1212, 200, 560, 13
31, 1213, 200, 409, 15
31, 1214, 200, 435, 9
31, 1215, 200, 499, 13
31, 1216, 200, 711, 24
31, 1217, 200, 737, 20
31, 1218, 200, 590, 16
31, 1219, 200, 643, 16
31, 1220, 200, 630, 5
31, 1221, 200, 479, 12
31, 1222, 200, 502, 15
31, 1223, 200, 777, 7
31, 1224, 200, 810, 20
31, 1225, 200, 577, 8
31, 1226, 200, 411, 8
31, 1227, 200, 495, 32
31, 1228, 200, 438, 17
31, 1229, 200, 540, 21
31, 1230, 200, 427, 10
31, 1231, 200, 398, 13
31, 1232, 200, 317, 11
31, 1233, 200, 388, 8
31, 1234, 200, 533, 16
31, 1235, 200, 372, 16
31, 1236, 200, 496, 13
31, 1237, 200, 390, 7
31, 1238, 200, 537, 14
31, 1239, 200, 660, 18
32, 1240, 200, 1019, 13
32, 1241, 200, 616, 7
32, 1242, 200, 683, 13
32, 1243, 200, 560, 5
32, 1244, 200, 680, 12
32, 1245, 200, 716, 20
32, 1246, 200, 637, 16
32, 1247, 200, 665, 14
32, 1248, 200, 657, 18
32, 1249, 200, 596, 22
32, 1250, 200, 652, 22
32, 1251, 200, 601, 20
32, 1252, 200, 372, 10
32, 1253, 200, 686, 23
32, 1254, 200, 442, 16
32, 1255, 200, 423, 18
32, 1256, 200, 316, 17
32, 1257, 200, 539, 15
32, 1258, 200, 486, 28
32, 1259, 200, 505, 24
32, 1260, 200, 538, 24
32, 1261, 200, 443, 17
32, 1262, 200, 541, 26
32, 1263, 200, 574, 10
32, 1264, 200, 528, 17
32, 1265, 200, 471, 12
32, 1266, 200, 492, 18
32, 1267, 200, 451, 10
32, 1268, 200, 379, 15
32, 1269, 200, 297, 9
32, 1270, 200, 487, 25
32, 1271, 200, 441, 38
32, 1272, 200, 537, 31
32, 1273, 200, 463, 36
32, 1274, 200, 428, 28
32, 1275, 200, 513, 11
32, 1276, 200, 430, 34
32, 1277, 200, 691, 32
32, 1278, 200, 484, 24
32, 1279, 200, 647, 39
33, 1280, 200, 794, 42
33, 1281, 200, 905, 32
33, 1282, 200, 714, 32
33, 1283, 200, 444, 28
33, 1284, 200, 570, 15
33, 1285, 200, 723, 12
33, 1286, 200, 625, 20
33, 1287, 200, 611, 8
33, 1288, 200, 774, 22
33, 1289, 200, 836, 40
33, 1290, 200, 809, 21
33, 1291, 200, 759, 16
33, 1292, 200, 533, 24
33, 1293, 200, 657, 23
33, 1294, 200, 517, 10
33, 1295, 200, 655, 20
33, 1296, 200, 829, 26
33, 1297, 200, 558, 20
33, 1298, 200, 642, 20
33, 1299, 200, 670, 21
33, 1300, 200, 490, 12
33, 1301, 200, 528, 18
33, 1302, 200, 397, 4
33, 1303, 200, 363, 17
33, 1304, 200, 432, 13
33, 1305, 200, 432, 6
33, 1306, 200, 400, 13
33, 1307, 200, 405, 8
33, 1308, 200, 448, 16
33, 1309, 200, 399, 16
33, 1310, 200, 488, 21
33, 1311, 200, 453, 27
33, 1312, 200, 644, 22
33, 1313, 200, 585, 30
33, 1314, 200, 536, 16
33, 1315, 200, 799, 26
33, 1316, 200, 507, 32
33, 1317, 200, 537, 7
33, 1318, 200, 770, 21
33, 1319, 200, 544, 14
34, 1320, 200, 464, 13
34, 1321, 200, 300, 13
34, 1322, 200, 314, 13
34, 1323, 200, 387, 23
34, 1324, 200, 320, 19
34, 1325, 200, 309, 13
34, 1326, 200, 404, 8
34, 1327, 200, 341, 26
34, 1328, 200, 404, 16
34, 1329, 200, 505, 8
34, 1330, 200, 323, 18
34, 1331, 200, 406, 13
34, 1332, 200, 406, 15
34, 1333, 200, 288, 10
34, 1334, 200, 283, 19
34, 1335, 200, 450, 30
34, 1336, 200, 319, 25
34, 1337, 200, 555, 13
34, 1338, 200, 656, 13
34, 1339, 200, 631, 12
34, 1340, 200, 671, 33
34, 1341, 200, 495, 25
34, 1342, 200, 719, 19
34, 1343, 200, 950, 16
34, 1344, 200, 900, 16
34, 1345, 200, 640, 23
34, 1346, 200, 607, 23
34, 1347, 200, 572, 10
34, 1348, 200, 573, 7
34, 1349, 200, 510, 14
34, 1350, 200, 479, 12
34, 1351, 200, 630, 17
34, 1352, 200, 744, 17
34, 1353, 200, 613, 9
34, 1354, 200, 502, 11
34, 1355, 200, 349, 7
34, 1356, 200, 481, 7
34, 1357, 200, 691, 31
34, 1358, 200, 763, 26
34, 1359, 200, 657, 22
35, 1360, 200, 670, 21
35, 1361, 200, 539, 19
35, 1362, 200, 420, 10
35, 1363, 200, 431, 18
35, 1364, 200, 514, 30
35, 1365, 200, 537, 16
35, 1366, 200, 493, 16
35, 1367, 200, 566, 16
35, 1368, 200, 435, 10
35, 1369, 200, 415, 12
35, 1370, 200, 407, 23
35, 1371, 200, 505, 18
35, 1372, 200, 566, 15
35, 1373, 200, 617, 15
35, 1374, 200, 570, 26
35, 1375, 200, 545, 25
35, 1376, 200, 672, 22
35, 1377, 200, 865, 28
35, 1378, 200, 916, 15
35, 1379, 200, 851, 8
35, 1380, 200, 560, 13
35, 1381, 200, 520, 12
35, 1382, 200, 563, 20
35, 1383, 200, 600, 20
35, 1384, 200, 350, 11
35, 1385, 200, 441, 19
35, 1386, 200, 401, 7
35, 1387, 200, 602, 15
35, 1388, 200, 563, 28
35, 1389, 200, 726, 20
35, 1390, 200, 793, 19
35, 1391, 200, 829, 22
35, 1392, 200, 568, 21
35, 1393, 200, 583, 20
35, 1394, 200, 692, 15
35, 1395, 200, 685, 15
35, 1396, 200, 481, 9
35, 1397, 200, 632, 17
35, 1398, 200, 580, 8
35, 1399, 200, 622, 20
36, 1400, 200, 763, 27
36, 1401, 200, 779, 29
36, 1402, 200, 760, 14
36, 1403, 200, 757, 9
36, 1404, 200, 603, 17
36, 1405, 200, 367, 8
36, 1406, 200, 357, 13
36, 1407, 200, 474, 7
36, 1408, 200, 522, 5
36, 1409, 200, 493, 9
36, 1410, 200, 586, 12
36, 1411, 200, 644, 21
36, 1412, 200, 371, 8
36, 1413, 200, 385, 9
36, 1414, 200, 363, 18
36, 1415, 200, 392, 11
36, 1416, 200, 515, 18
36, 1417, 200, 610, 22
36, 1418, 200, 373, 20
36, 1419, 200, 385, 8
36, 1420, 200, 506, 14
36, 1421, 200, 481, 21
36, 1422, 200, 527, 10
36, 1423, 200, 406, 11
36, 1424, 200, 391, 12
36, 1425, 200, 591, 17
36, 1426, 200, 486, 19
36, 1427, 200, 680, 16
36, 1428, 200, 581, 16
36, 1429, 200, 529, 20
36, 1430, 200, 586, 21
36, 1431, 200, 498, 9
36, 1432, 200, 524, 11
36, 1433, 200, 561, 14
36, 1434, 200, 415, 17
36, 1435, 200, 555, 14
36, 1436, 200, 586, 27
36, 1437, 200, 284, 18
36, 1438, 200, 331, 13
36, 1439, 200, 396, 9
37, 1440, 200, 305, 23
37, 1441, 200, 535, 11
37, 1442, 200, 385, 8
37, 1443, 200, 518, 11
37, 1444, 200, 460, 12
37, 1445, 200, 311, 12
37, 1446, 200, 516, 6
37, 1447, 200, 249, 5
37, 1448, 200, 375, 9
37, 1449, 200, 523, 10
37, 1450, 200, 757, 23
37, 1451, 200, 673, 20
37, 1452, 200, 420, 12
37, 1453, 200, 692, 33
37, 1454, 200, 767, 8
37, 1455, 200, 460, 7
37, 1456, 200, 428, 17
37, 1457, 200, 356, 10
37, 1458, 200, 302, 9
37, 1459, 200, 376, 11
37, 1460, 200, 584, 14
37, 1461, 200, 724, 21
37, 1462, 200, 664, 18
37, 1463, 200, 718, 31
37, 1464, 200, 554, 29
37, 1465, 200, 649, 24
37, 1466, 200, 563, 39
37, 1467, 200, 654, 36
37, 1468, 200, 582, 37
37, 1469, 200, 719, 18
37, 1470, 200, 749, 25
37, 1471, 200, 868, 16
37, 1472, 200, 759, 25
37, 1473, 200, 665, 23
37, 1474, 200, 762, 11
37, 1475, 200, 679, 10
37, 1476, 200, 563, 13
37, 1477, 200, 589, 22
37, 1478, 200, 813, 19
37, 1479, 200, 627, 23
38, 1480, 200, 533, 8
38, 1481, 200, 542, 7
38, 1482, 200, 741, 16
38, 1483, 200, 627, 10
38, 1484, 200, 675, 9
38, 1485, 200, 920, 22
38, 1486, 200, 721, 14
38, 1487, 200, 1230, 21
38, 1488, 200, 740, 12
38, 1489, 200, 572, 15
38, 1490, 200, 449, 12
38, 1491, 200, 620, 25
38, 1492, 200, 578, 16
38, 1493, 200, 564, 8
38, 1494, 200, 688, 9
38, 1495, 200, 698, 19
38, 1496, 200, 699, 19
38, 1497, 200, 481, 16
38, 1498, 200, 636, 21
38, 1499, 200, 805, 18
38, 1500, 200, 635, 16
38, 1501, 200, 518, 19
38, 1502, 200, 490, 13
38, 1503, 200, 571, 22
38, 1504, 200, 579, 10
38, 1505, 200, 427, 19
38, 1506, 200, 358, 10
38, 1507, 200, 534, 8
38, 1508, 200, 643, 10
38, 1509, 200, 479, 12
38, 1510, 200, 430, 10
38, 1511, 200, 283, 17
38, 1512, 200, 277, 6
38, 1513, 200, 404, 10
38, 1514, 200, 374, 28
38, 1515, 200, 492, 18
38, 1516, 200, 400, 10
38, 1517, 200, 371, 13
38, 1518, 200, 505, 26
38, 1519, 200, 456, 22
39, 1520, 200, 560, 16
39, 1521, 200, 433, 11
39, 1522, 200, 459, 9
39, 1523, 200, 297, 6
39, 1524, 200, 428, 6
39, 1525, 200, 455, 10
39, 1526, 200, 400, 8
39, 1527, 200, 485, 29
39, 1528, 200, 414, 16
39, 1529, 200, 410, 14
39, 1530, 200, 306, 12
39, 1531, 200, 210, 13
39, 1532, 200, 349, 22
39, 1533, 200, 387, 22
39, 1534, 200, 412, 11
39, 1535, 200, 281, 15
39, 1536, 200, 340, 15
39, 1537, 200, 467, 14
39, 1538, 200, 449, 16
39, 1539, 200, 456, 26
39, 1540, 200, 468, 10
39, 1541, 200, 531, 16
39, 1542, 200, 537, 25
39, 1543, 200, 770, 22
39, 1544, 200, 646, 31
39, 1545, 200, 694, 17
39, 1546, 200, 644, 25
39, 1547, 200, 653, 19
39, 1548, 200, 623, 20
39, 1549, 200, 483, 9
39, 1550, 200, 570, 17
39, 1551, 200, 449, 23
39, 1552, 200, 597, 32
39, 1553, 200, 508, 10
39, 1554, 200, 513, 21
39, 1555, 200, 687, 7
39, 1556, 200, 554, 11
39, 1557, 200, 435, 13
39, 1558, 200, 568, 6
39, 1559, 200, 639, 8
40, 1560, 200, 549, 12
40, 1561, 200, 468, 12
40, 1562, 200, 378, 10
40, 1563, 200, 353, 19
40, 1564, 200, 325, 10
40, 1565, 200, 336, 7
40, 1566, 200, 444, 15
40, 1567, 200, 306, 14
40, 1568, 200, 448, 11
40, 1569, 200, 480, 19
40, 1570, 200, 387, 25
40, 1571, 200, 525, 23
40, 1572, 200, 425, 6
40, 1573, 200, 516, 8
40, 1574, 200, 369, 17
40, 1575, 200, 422, 23
40, 1576, 200, 659, 24
40, 1577, 200, 777, 20
40, 1578, 200, 601, 17
40, 1579, 200, 634, 23
40, 1580, 200, 405, 16
40, 1581, 200, 579, 21
40, 1582, 200, 414, 22
40, 1583, 200, 455, 15
40, 1584, 200, 566, 17
40, 1585, 200, 549, 16
40, 1586, 200, 533, 8
40, 1587, 200, 786, 24
40, 1588, 200, 663, 30
40, 1589, 200, 686, 27
40, 1590, 200, 650, 21
40, 1591, 200, 547, 28
40, 1592, 200, 365, 20
40, 1593, 200, 641, 21
40, 1594, 200, 577, 16
40, 1595, 200, 518, 17
40, 1596, 200, 618, 22
40, 1597, 200, 612, 26
40, 1598, 200, 620, 5
40, 1599, 200, 647, 15
41, 1600, 200, 506, 20
41, 1601, 200, 556, 24
41, 1602, 200, 526, 22
41, 1603, 200, 393, 13
41, 1604, 200, 573, 10
41, 1605, 200, 403, 12
41, 1606, 200, 565, 3
41, 1607, 200, 436, 13
41, 1608, 200, 548, 11
41, 1609, 200, 435, 17
41, 1610, 200, 415, 8
41, 1611, 200, 452, 9
41, 1612, 200, 450, 11
41, 1613, 200, 323, 31
41, 1614, 200, 330, 21
41, 1615, 200, 348, 16
41, 1616, 200, 457, 4
41, 1617, 200, 514, 24
41, 1618, 200, 334, 14
41, 1619, 200, 471, 15
41, 1620, 200, 579, 28
41, 1621, 200, 577, 11
41, 1622, 200, 742, 9
41, 1623, 200, 421, 10
41, 1624, 200, 705, 15
41, 1625, 200, 452, 13
41, 1626, 200, 571, 14
41, 1627, 200, 432, 11
41, 1628, 200, 679, 14
41, 1629, 200, 622, 28
41, 1630, 200, 752, 22
41, 1631, 200, 478, 27
41, 1632, 200, 506, 18
41, 1633, 200, 407, 21
41, 1634, 200, 292, 16
41, 1635, 200, 645, 21
41, 1636, 200, 376, 7
41, 1637, 200, 392, 17
41, 1638, 200, 541, 7
41, 1639, 200, 491, 16
42, 1640, 200, 398, 16
42, 1641, 200, 643, 25
42, 1642, 200, 562, 14
42, 1643, 200, 582, 19
42, 1644, 200, 474, 29
42, 1645, 200, 689, 11
42, 1646, 200, 496, 11
42, 1647, 200, 477, 4
42, 1648, 200, 295, 21
42, 1649, 200, 425, 5
42, 1650, 200, 437, 20
42, 1651, 200, 506, 35
42, 1652, 200, 442, 26
42, 1653, 200, 429, 29
42, 1654, 200, 748, 35
42, 1655, 200, 644, 39
42, 1656, 200, 523, 22
42, 1657, 200, 379, 10
42, 1658, 200, 396, 17
42, 1659, 200, 293, 17
42, 1660, 200, 453, 17
42, 1661, 200, 504, 25
42, 1662, 200, 375, 12
42, 1663, 200, 297, 4
42, 1664, 200, 376, 7
42, 1665, 200, 463, 13
42, 1666, 200, 421, 11
42, 1667, 200, 413, 11
42, 1668, 200, 543, 16
42, 1669, 200, 585, 12
42, 1670, 200, 621, 19
42, 1671, 200, 806, 12
42, 1672, 200, 585, 17
42, 1673, 200, 616, 10
42, 1674, 200, 548, 18
42, 1675, 200, 486, 17
42, 1676, 200, 763, 4
42, 1677, 200, 715, 23
42, 1678, 200, 679, 33
42, 1679, 200, 564, 12
43, 1680, 200, 722, 16
43, 1681, 200, 623, 25
43, 1682, 200, 842, 16
43, 1683, 200, 871, 18
43, 1684, 200, 599, 26
43, 1685, 200, 873, 22
43, 1686, 200, 600, 26
43, 1687, 200, 976, 35
43, 1688, 200, 792, 15
43, 1689, 200, 600, 18
43, 1690, 200, 568, 14
43, 1691, 200, 640, 13
43, 1692, 200, 587, 9
43, 1693, 200, 615, 16
43, 1694, 200, 547, 19
43, 1695, 200, 450, 23
43, 1696, 200, 505, 24
43, 1697, 200, 517, 20
43, 1698, 200, 555, 14
43, 1699, 200, 438, 11
43, 1700, 200, 504, 26
43, 1701, 200, 694, 29
43, 1702, 200, 424, 20
43, 1703, 200, 561, 9
43, 1704, 200, 505, 12
43, 1705, 200, 484, 19
43, 1706, 200, 397, 22
43, 1707, 200, 447, 20
43, 1708, 200, 433, 23
43, 1709, 200, 384, 21
43, 1710, 200, 561, 34
43, 1711, 200, 742, 24
43, 1712, 200, 642, 9
43, 1713, 200, 617, 12
43, 1714, 200, 492, 23
43, 1715, 200, 558, 27
43, 1716, 200, 593, 10
43, 1717, 200, 418, 22
43, 1718, 200, 514, 18
43, 1719, 200, 436, 24
44, 1720, 200, 526, 24
44, 1721, 200, 502, 30
44, 1722, 200, 410, 20
44, 1723, 200, 373, 22
44, 1724, 200, 365, 13
44, 1725, 200, 555, 19
44, 1726, 200, 473, 17
44, 1727, 200, 465, 8
44, 1728, 200, 289, 10
44, 1729, 200, 400, 13
44, 1730, 200, 512, 25
44, 1731, 200, 482, 18
44, 1732, 200, 632, 27
44, 1733, 200, 467, 21
44, 1734, 200, 330, 10
44, 1735, 200, 497, 18
44, 1736, 200, 419, 5
44, 1737, 200, 552, 6
44, 1738, 200, 509, 14
44, 1739, 200, 371, 8
44, 1740, 200, 342, 6
44, 1741, 200, 527, 9
44, 1742, 200, 413, 9
44, 1743, 200, 347, 14
44, 1744, 200, 367, 20
44, 1745, 200, 370, 25
44, 1746, 200, 377, 36
44, 1747, 200, 394, 22
44, 1748, 200, 337, 27
44, 1749, 200, 329, 7
44, 1750, 200, 399, 10
44, 1751, 200, 372, 13
44, 1752, 200, 412, 14
44, 1753, 200, 388, 8
44, 1754, 200, 399, 16
44, 1755, 200, 353, 6
44, 1756, 200, 503, 13
44, 1757, 200, 522, 7
44, 1758, 200, 458, 25
44, 1759, 200, 671, 16
45, 1760, 200, 445, 22
45, 1761, 200, 461, 25
45, 1762, 200, 572, 12
45, 1763, 200, 720, 15
45, 1764, 200, 784, 13
45, 1765, 200, 553, 24
45, 1766, 200, 370, 11
45, 1767, 200, 466, 3
45, 1768, 200, 565, 10
45, 1769, 200, 518, 13
45, 1770, 200, 381, 13
45, 1771, 200, 339, 15
45, 1772, 200, 381, 7
45, 1773, 200, 494, 19
45, 1774, 200, 528, 10
45, 1775, 200, 419, 24
45, 1776, 200, 563, 13
45, 1777, 200, 500, 16
45, 1778, 200, 424, 21
45, 1779, 200, 487, 14
45, 1780, 200, 569, 10
45, 1781, 200, 427, 14
45, 1782, 200, 701, 10
45, 1783, 200, 592, 9
45, 1784, 200, 615, 31
45, 1785, 200, 496, 17
45, 1786, 200, 602, 12
45, 1787, 200, 446, 15
45, 1788, 200, 505, 28
45, 1789, 200, 392, 27
45, 1790, 200, 595, 21
45, 1791, 200, 699, 25
45, 1792, 200, 673, 20
45, 1793, 200, 759, 18
45, 1794, 200, 763, 13
45, 1795, 200, 870, 19
45, 1796, 200, 517, 15
45, 1797, 200, 552, 7
45, 1798, 200, 444, 11
45, 1799, 200, 631, 7
46, 1800, 200, 556, 17
46, 1801, 200, 487, 16
46, 1802, 200, 615, 10
46, 1803, 200, 676, 24
46, 1804, 200, 682, 12
46, 1805, 200, 601, 16
46, 1806, 200, 618, 12
46, 1807, 200, 611, 27
46, 1808, 200, 561, 15
46, 1809, 200, 449, 18
46, 1810, 200, 475, 24
46, 1811, 200, 349, 14
46, 1812, 200, 375, 13
46, 1813, 200, 648, 15
46, 1814, 200, 560, 19
46, 1815, 200, 814, 44
46, 1816, 200, 472, 10
46, 1817, 200, 534, 8
46, 1818, 200, 499, 14
46, 1819, 200, 469, 7
46, 1820, 200, 579, 6
46, 1821, 200, 310, 16
46, 1822, 200, 605, 15
46, 1823, 200, 589, 17
46, 1824, 200, 425, 19
46, 1825, 200, 457, 14
46, 1826, 200, 480, 19
46, 1827, 200, 387, 12
46, 1828, 200, 384, 17
46, 1829, 200, 416, 14
46, 1830, 200, 446, 14
46, 1831, 200, 478, 18
46, 1832, 200, 542, 11
46, 1833, 200, 695, 21
46, 1834, 200, 580, 7
46, 1835, 200, 535, 17
46, 1836, 200, 616, 4
46, 1837, 200, 450, 15
46, 1838, 200, 531, 7
46, 1839, 200, 711, 22
47, 1840, 200, 596, 14
47, 1841, 200, 585, 16
47, 1842, 200, 646, 18
47, 1843, 200, 439, 21
47, 1844, 200, 491, 9
47, 1845, 200, 517, 11
47, 1846, 200, 552, 9
47, 1847, 200, 421, 12
47, 1848, 200, 462, 11
47, 1849, 200, 356, 10
47, 1850, 200, 585, 14
47, 1851, 200, 461, 9
47, 1852, 200, 420, 19
47, 1853, 200, 471, 13
47, 1854, 200, 535, 21
47, 1855, 200, 514, 18
47, 1856, 200, 556, 13
47, 1857, 200, 427, 10
47, 1858, 200, 316, 12
47, 1859, 200, 300, 9
47, 1860, 200, 484, 7
47, 1861, 200, 426, 11
47, 1862, 200, 335, 11
47, 1863, 200, 421, 15
47, 1864, 200, 427, 16
47, 1865, 200, 504, 12
47, 1866, 200, 768, 18
47, 1867, 200, 359, 11
47, 1868, 200, 308, 14
47, 1869, 200, 649, 27
47, 1870, 200, 514, 15
47, 1871, 200, 479, 14
47, 1872, 200, 599, 6
47, 1873, 200, 273, 13
47, 1874, 200, 275, 19
47, 1875, 200, 371, 9
47, 1876, 200, 563, 13
47, 1877, 200, 444, 7
47, 1878, 200, 453, 21
47, 1879, 200, 361, 15
48, 1880, 200, 523, 9
48, 1881, 200, 489, 14
48, 1882, 200, 431, 8
48, 1883, 200, 551, 18
48, 1884, 200, 469, 11
48, 1885, 200, 359, 17
48, 1886, 200, 480, 4
48, 1887, 200, 500, 8
48, 1888, 200, 768, 22
48, 1889, 200, 715, 26
48, 1890, 200, 695, 14
48, 1891, 200, 474, 8
48, 1892, 200, 526, 11
48, 1893, 200, 612, 12
48, 1894, 200, 657, 7
48, 1895, 200, 723, 10
48, 1896, 200, 902, 13
48, 1897, 200, 893, 20
48, 1898, 200, 688, 15
48, 1899, 200, 568, 11
48, 1900, 200, 495, 9
48, 1901, 200, 463, 23
48, 1902, 200, 566, 14
48, 1903, 200, 598, 8
48, 1904, 200, 538, 23
48, 1905, 200, 701, 20
48, 1906, 200, 614, 15
48, 1907, 200, 598, 24
48, 1908, 200, 521, 23
48, 1909, 200, 584, 11
48, 1910, 200, 492, 17
48, 1911, 200, 589, 23
48, 1912, 200, 553, 16
48, 1913, 200, 429, 32
48, 1914, 200, 413, 38
48, 1915, 200, 525, 18
48, 1916, 200, 806, 27
48, 1917, 200, 572, 28
48, 1918, 200, 736, 14
48, 1919, 200, 681, 17
49, 1920, 200, 645, 21
49, 1921, 200, 632, 25
49, 1922, 200, 404, 20
49, 1923, 200, 545, 21
49, 1924, 200, 666, 13
49, 1925, 200, 585, 14
49, 1926, 200, 557, 19
49, 1927, 200, 608, 24
49, 1928, 200, 600, 13
49, 1929, 200, 543, 7
49, 1930, 200, 498, 21
49, 1931, 200, 645, 19
49, 1932, 200, 646, 19
49, 1933, 200, 411, 15
49, 1934, 200, 728, 24
49, 1935, 200, 441, 17
49, 1936, 200, 438, 19
49, 1937, 200, 450, 17
49, 1938, 200, 791, 18
49, 1939, 200, 642, 14
49, 1940, 200, 821, 20
49, 1941, 200, 594, 16
49, 1942, 200, 654, 17
49, 1943, 200, 560, 22
49, 1944, 200, 397, 10
49, 1945, 200, 420, 19
49, 1946, 200, 640, 22
49, 1947, 200, 508, 38
49, 1948, 200, 633, 19
49, 1949, 200, 655, 26
49, 1950, 200, 438, 19
49, 1951, 200, 561, 17
49, 1952, 200, 677, 23
49, 1953, 200, 544, 19
49, 1954, 200, 476, 9
49, 1955, 200, 480, 13
49, 1956, 200, 666, 33
49, 1957, 200, 621, 16
49, 1958, 200, 457, 21
49, 1959, 200, 615, 10
50, 1960, 200, 836, 20
50, 1961, 200, 480, 16
50, 1962, 200, 455, 20
50, 1963, 200, 468, 11
50, 1964, 200, 409, 13
50, 1965, 200, 422, 24
50, 1966, 200, 726, 6
50, 1967, 200, 715, 13
50, 1968, 200, 553, 14
50, 1969, 200, 566, 10
50, 1970, 200, 685, 18
50, 1971, 200, 588, 25
50, 1972, 200, 576, 12
50, 1973, 200, 519, 7
50, 1974, 200, 352, 15
50, 1975, 200, 338, 21
50, 1976, 200, 223, 10
50, 1977, 200, 344, 16
50, 1978, 200, 317, 7
50, 1979, 200, 408, 28
50, 1980, 200, 369, 20
50, 1981, 200, 431, 20
50, 1982, 200, 323, 23
50, 1983, 200, 323, 15
50, 1984, 200, 279, 11
50, 1985, 200, 397, 17
50, 1986, 200, 478, 12
50, 1987, 200, 429, 12
50, 1988, 200, 391, 20
50, 1989, 200, 604, 33
50, 1990, 200, 682, 24
50, 1991, 200, 568, 24
50, 1992, 200, 539, 29
50, 1993, 200, 493, 15
50, 1994, 200, 620, 12
50, 1995, 200, 638, 14
50, 1996, 200, 507, 17
50, 1997, 200, 547, 12
50, 1998, 200, 639, 22
50, 1999, 200, 676, 25
51, 2000, 200, 807, 19
51, 2001, 200, 546, 11
51, 2002, 200, 830, 20
51, 2003, 200, 730, 11
51, 2004, 200, 685, 22
51, 2005, 200, 521, 4
51, 2006, 200, 576, 24
51, 2007, 200, 633, 29
51, 2008, 200, 817, 43
51, 2009, 200, 643, 27
51, 2010, 200, 432, 8
51, 2011, 200, 454, 12
51, 2012, 200, 497, 24
51, 2013, 200, 482, 28
51, 2014, 200, 519, 31
51, 2015, 200, 490, 14
51, 2016, 200, 412, 12
51, 2017, 200, 599, 8
51, 2018, 200, 246, 6
51, 2019, 200, 253, 12
51, 2020, 200, 517, 19
51, 2021, 200, 271, 12
51, 2022, 200, 261, 10
51, 2023, 200, 422, 18
51, 2024, 200, 333, 15
51, 2025, 200, 466, 19
51, 2026, 200, 344, 3
51, 2027, 200, 398, 22
51, 2028, 200, 323, 11
51, 2029, 200, 285, 16
51, 2030, 200, 377, 8
51, 2031, 200, 278, 18
51, 2032, 200, 257, 13
51, 2033, 200, 264, 16
51, 2034, 200, 464, 35
51, 2035, 200, 372, 27
51, 2036, 200, 428, 12
51, 2037, 200, 449, 10
51, 2038, 200, 412, 13
51, 2039, 200, 477, 11
52, 2040, 200, 399, 7
52, 2041, 200, 347, 11
52, 2042, 200, 415, 15
52, 2043, 200, 537, 15
52, 2044, 200, 439, 18
52, 2045, 200, 365, 16
52, 2046, 200, 348, 17
52, 2047, 200, 288, 7
52, 2048, 200, 408, 22
52, 2049, 200, 388, 17
52, 2050, 200, 401, 12
52, 2051, 200, 408, 12
52, 2052, 200, 506, 10
52, 2053, 200, 517, 15
52, 2054, 200, 484, 15
52, 2055, 200, 470, 12
52, 2056, 200, 458, 20
52, 2057, 200, 327, 18
52, 2058, 200, 450, 10
52, 2059, 200, 580, 27
52, 2060, 200, 445, 22
52, 2061, 200, 374, 20
52, 2062, 200, 751, 27
52, 2063, 200, 722, 16
52, 2064, 200, 471, 22
52, 2065, 200, 478, 15
52, 2066, 200, 415, 27
52, 2067, 200, 438, 14
52, 2068, 200, 493, 20
52, 2069, 200, 484, 20
52, 2070, 200, 381, 16
52, 2071, 200, 532, 27
52, 2072, 200, 591, 29
52, 2073, 200, 466, 18
52, 2074, 200, 441, 18
52, 2075, 200, 480, 12
52, 2076, 200, 399, 25
52, 2077, 200, 600, 27
52, 2078, 200, 548, 14
52, 2079, 200, 405, 21
53, 2080, 200, 472, 35
53, 2081, 200, 613, 16
53, 2082, 200, 635, 12
53, 2083, 200, 497, 26
53, 2084, 200, 548, 22
53, 2085, 200, 513, 13
53, 2086, 200, 470, 20
53, 2087, 200, 587, 6
53, 2088, 200, 477, 13
53, 2089, 200, 544, 15
53, 2090, 200, 513, 11
53, 2091, 200, 451, 5
53, 2092, 200, 451, 22
53, 2093, 200, 447, 10
53, 2094, 200, 435, 16
53, 2095, 200, 476, 13
53, 2096, 200, 375, 18
53, 2097, 200, 522, 15
53, 2098, 200, 657, 34
53, 2099, 200, 511, 21
53, 2100, 200, 643, 19
53, 2101, 200, 560, 19
53, 2102, 200, 681, 24
53, 2103, 200, 578, 18
53, 2104, 200, 312, 8
53, 2105, 200, 404, 2
53, 2106, 200, 448, 10
53, 2107, 200, 329, 10
53, 2108, 200, 316, 25
53, 2109, 200, 330, 14
53, 2110, 200, 420, 30
53, 2111, 200, 418, 29
53, 2112, 200, 528, 25
53, 2113, 200, 529, 18
53, 2114, 200, 628, 14
53, 2115, 200, 616, 20
53, 2116, 200, 455, 8
53, 2117, 200, 615, 13
53, 2118, 200, 507, 19
53, 2119, 200, 414, 14
54, 2120, 200, 590, 24
54, 2121, 200, 611, 12
54, 2122, 200, 536, 27
54, 2123, 200, 425, 18
54, 2124, 200, 413, 18
54, 2125, 200, 525, 5
54, 2126, 200, 445, 28
54, 2127, 200, 381, 21
54, 2128, 200, 470, 45
54, 2129, 200, 561, 23
54, 2130, 200, 488, 33
54, 2131, 200, 341, 21
54, 2132, 200, 612, 22
54, 2133, 200, 395, 33
54, 2134, 200, 409, 11
54, 2135, 200, 479, 15
54, 2136, 200, 373, 14
54, 2137, 200, 417, 36
54, 2138, 200, 430, 51
54, 2139, 200, 545, 20
54, 2140, 200, 392, 16
54, 2141, 200, 502, 15
54, 2142, 200, 574, 34
54, 2143, 200, 467, 22
54, 2144, 200, 647, 39
54, 2145, 200, 556, 10
54, 2146, 200, 469, 15
54, 2147, 200, 397, 17
54, 2148, 200, 838, 32
54, 2149, 200, 687, 27
54, 2150, 200, 515, 25
54, 2151, 200, 838, 27
54, 2152, 200, 506, 15
54, 2153, 200, 569, 19
54, 2154, 200, 346, 15
54, 2155, 200, 513, 5
54, 2156, 200, 474, 20
54, 2157, 200, 401, 5
54, 2158, 200, 312, 18
54, 2159, 200, 397, 16
55, 2160, 200, 474, 17
55, 2161, 200, 350, 11
55, 2162, 200, 589, 18
55, 2163, 200, 638, 16
55, 2164, 200, 541, 20
55, 2165, 200, 526, 70
55, 2166, 200, 486, 39
55, 2167, 200, 637, 39
55, 2168, 200, 412, 24
55, 2169, 200, 596, 48
55, 2170, 200, 685, 13
55, 2171, 200, 731, 42
55, 2172, 200, 432, 29
55, 2173, 200, 525, 27
55, 2174, 200, 483, 21
55, 2175, 200, 269, 10
55, 2176, 200, 442, 21
55, 2177, 200, 472, 31
55, 2178, 200, 709, 52
55, 2179, 200, 757, 46
55, 2180, 200, 404, 35
55, 2181, 200, 504, 35
55, 2182, 200, 440, 20
55, 2183, 200, 375, 16
55, 2184, 200, 488, 32
55, 2185, 200, 458, 27
55, 2186, 200, 539, 20
55, 2187, 200, 382, 23
55, 2188, 200, 623, 22
55, 2189, 200, 670, 15
55, 2190, 200, 588, 26
55, 2191, 200, 629, 25
55, 2192, 200, 988, 37
55, 2193, 200, 798, 19
55, 2194, 200, 583, 20
55, 2195, 200, 505, 42
55, 2196, 200, 607, 43
55, 2197, 200, 373, 18
55, 2198, 200, 589, 20
55, 2199, 200, 424, 27
56, 2200, 200, 446, 48
56, 2201, 200, 393, 19
56, 2202, 200, 448, 14
56, 2203, 200, 571, 19
56, 2204, 200, 432, 15
56, 2205, 200, 350, 22
56, 2206, 200, 603, 6
56, 2207, 200, 399, 14
56, 2208, 200, 408, 9
56, 2209, 200, 344, 10
56, 2210, 200, 384, 9
56, 2211, 200, 518, 16
56, 2212, 200, 570, 20
56, 2213, 200, 425, 15
56, 2214, 200, 436, 24
56, 2215, 200, 381, 17
56, 2216, 200, 518, 10
56, 2217, 200, 551, 27
56, 2218, 200, 655, 40
56, 2219, 200, 541, 28
56, 2220, 200, 465, 20
56, 2221, 200, 348, 27
56, 2222, 200, 580, 25
56, 2223, 200, 403, 13
56, 2224, 200, 417, 15
56, 2225, 200, 398, 43
56, 2226, 200, 436, 22
56, 2227, 200, 490, 24
56, 2228, 200, 599, 30
56, 2229, 200, 588, 24
56, 2230, 200, 657, 20
56, 2231, 200, 574, 14
56, 2232, 200, 608, 43
56, 2233, 200, 521, 32
56, 2234, 200, 649, 31
56, 2235, 200, 466, 10
56, 2236, 200, 316, 6
56, 2237, 200, 455, 29
56, 2238, 200, 420, 27
56, 2239, 200, 445, 11
57, 2240, 200, 409, 30
57, 2241, 200, 415, 28
57, 2242, 200, 486, 26
57, 2243, 200, 521, 28
57, 2244, 200, 555, 18
57, 2245, 200, 363, 17
57, 2246, 200, 438, 32
57, 2247, 200, 403, 43
57, 2248, 200, 743, 35
57, 2249, 200, 430, 36
57, 2250, 200, 509, 14
57, 2251, 200, 546, 12
57, 2252, 200, 437, 8
57, 2253, 200, 381, 23
57, 2254, 200, 335, 3
57, 2255, 200, 551, 16
57, 2256, 200, 525, 15
57, 2257, 200, 460, 19
57, 2258, 200, 385, 23
57, 2259, 200, 430, 6
57, 2260, 200, 364, 12
57, 2261, 200, 551, 18
57, 2262, 200, 500, 12
57, 2263, 200, 427, 15
57, 2264, 200, 532, 9
57, 2265, 200, 535, 11
57, 2266, 200, 372, 21
57, 2267, 200, 480, 6
57, 2268, 200, 315, 35
57, 2269, 200, 376, 21
57, 2270, 200, 338, 9
57, 2271, 200, 289, 13
57, 2272, 200, 324, 16
57, 2273, 200, 385, 29
57, 2274, 200, 489, 11
57, 2275, 200, 529, 9
57, 2276, 200, 476, 12
57, 2277, 200, 576, 16
57, 2278, 200, 428, 16
57, 2279, 200, 456, 28
58, 2280, 200, 526, 17
58, 2281, 200, 324, 14
58, 2282, 200, 417, 23
58, 2283, 200, 321, 10
58, 2284, 200, 340, 18
58, 2285, 200, 420, 15
58, 2286, 200, 547, 13
58, 2287, 200, 676, 31
58, 2288, 200, 796, 27
58, 2289, 200, 461, 22
58, 2290, 200, 783, 17
58, 2291, 200, 473, 18
58, 2292, 200, 617, 18
58, 2293, 200, 500, 18
58, 2294, 200, 568, 31
58, 2295, 200, 660, 26
58, 2296, 200, 594, 34
58, 2297, 200, 640, 28
58, 2298, 200, 584, 15
58, 2299, 200, 645, 28
58, 2300, 200, 566, 19
58, 2301, 200, 695, 17
58, 2302, 200, 494, 21
58, 2303, 200, 456, 11
58, 2304, 200, 495, 24
58, 2305, 200, 499, 20
58, 2306, 200, 827, 31
58, 2307, 200, 824, 40
58, 2308, 200, 534, 14
58, 2309, 200, 628, 12
58, 2310, 200, 501, 21
58, 2311, 200, 513, 17
58, 2312, 200, 457, 17
58, 2313, 200, 375, 25
58, 2314, 200, 450, 20
58, 2315, 200, 465, 10
58, 2316, 200, 448, 5
58, 2317, 200, 636, 12
58, 2318, 200, 575, 8
58, 2319, 200, 463, 13
59, 2320, 200, 442, 5
59, 2321, 200, 422, 16
59, 2322, 200, 508, 17
59, 2323, 200, 418, 22
59, 2324, 200, 381, 22
59, 2325, 200, 397, 18
59, 2326, 200, 807, 33
59, 2327, 200, 705, 40
59, 2328, 200, 422, 25
59, 2329, 200, 474, 26
59, 2330, 200, 606, 33
59, 2331, 200, 433, 15
59, 2332, 200, 467, 25
59, 2333, 200, 438, 15
59, 2334, 200, 919, 30
59, 2335, 200, 707, 16
59, 2336, 200, 401, 14
59, 2337, 200, 481, 26
59, 2338, 200, 488, 22
59, 2339, 200, 882, 33
59, 2340, 200, 716, 12
59, 2341, 200, 551, 15
59, 2342, 200, 517, 15
59, 2343, 200, 423, 15
59, 2344, 200, 508, 30
59, 2345, 200, 619, 13
59, 2346, 200, 386, 15
59, 2347, 200, 597, 18
59, 2348, 200, 465, 29
59, 2349, 200, 393, 16
59, 2350, 200, 395, 16
59, 2351, 200, 487, 22
59, 2352, 200, 508, 20
59, 2353, 200, 524, 15
59, 2354, 200, 440, 14
59, 2355, 200, 493, 19
59, 2356, 200, 398, 14
59, 2357, 200, 258, 6
59, 2358, 200, 391, 12
59, 2359, 200, 610, 15
60, 2360, 200, 474, 15
60, 2361, 200, 630, 23
60, 2362, 200, 531, 18
60, 2363, 200, 439, 9
60, 2364, 200, 574, 20
60, 2365, 200, 570, 16
60, 2366, 200, 524, 13
60, 2367, 200, 435, 14
60, 2368, 200, 456, 12
60, 2369, 200, 472, 15
60, 2370, 200, 576, 14
60, 2371, 200, 605, 9
60, 2372, 200, 632, 5
60, 2373, 200, 537, 11
60, 2374, 200, 553, 6
60, 2375, 200, 525, 19
60, 2376, 200, 456, 12
60, 2377, 200, 313, 12
60, 2378, 200, 486, 16
60, 2379, 200, 465, 19
60, 2380, 200, 541, 25
60, 2381, 200, 500, 25
60, 2382, 200, 738, 51
60, 2383, 200, 826, 25
60, 2384, 200, 843, 20
60, 2385, 200, 610, 30
60, 2386, 200, 684, 36
60, 2387, 200, 558, 10
60, 2388, 200, 354, 18
60, 2389, 200, 422, 36
60, 2390, 200, 357, 13
60, 2391, 200, 343, 18
60, 2392, 200, 564, 29
60, 2393, 200, 541, 29
60, 2394, 200, 565, 18
60, 2395, 200, 411, 17
60, 2396, 200, 433, 18
60, 2397, 200, 595, 11
60, 2398, 200, 312, 10
60, 2399, 200, 418, 12
61, 2400, 200, 406, 22
61, 2401, 200, 555, 16
61, 2402, 200, 609, 24
61, 2403, 200, 507, 30
61, 2404, 200, 533, 28
61, 2405, 200, 492, 28
61, 2406, 200, 477, 29
61, 2407, 200, 406, 29
61, 2408, 200, 396, 48
61, 2409, 200, 312, 28
61, 2410, 200, 421, 45
61, 2411, 200, 625, 54
61, 2412, 200, 412, 16
61, 2413, 200, 510, 22
61, 2414, 200, 413, 22
61, 2415, 200, 476, 23
61, 2416, 200, 465, 22
61, 2417, 200, 573, 36
61, 2418, 200, 565, 46
61, 2419, 200, 576, 36
61, 2420, 200, 557, 41
61, 2421, 200, 436, 46
61, 2422, 200, 586, 26
61, 2423, 200, 506, 32
61, 2424, 200, 266, 18
61, 2425, 200, 322, 53
61, 2426, 200, 412, 13
61, 2427, 200, 304, 27
61, 2428, 200, 303, 27
61, 2429, 200, 353, 21
61, 2430, 200, 367, 56
61, 2431, 200, 404, 36
61, 2432, 200, 463, 45
61, 2433, 200, 545, 46
61, 2434, 200, 594, 38
61, 2435, 200, 715, 44
61, 2436, 200, 583, 41
61, 2437, 200, 734, 33
61, 2438, 200, 619, 41
61, 2439, 200, 570, 24
62, 2440, 200, 635, 30
62, 2441, 200, 638, 26
62, 2442, 200, 687, 31
62, 2443, 200, 754, 34
62, 2444, 200, 572, 14
62, 2445, 200, 723, 23
62, 2446, 200, 682, 47
62, 2447, 200, 482, 23
62, 2448, 200, 404, 15
62, 2449, 200, 484, 5
62, 2450, 200, 358, 11
62, 2451, 200, 389, 22
62, 2452, 200, 447, 22
62, 2453, 200, 471, 13
62, 2454, 200, 434, 12
62, 2455, 200, 356, 13
62, 2456, 200, 351, 23
62, 2457, 200, 352, 32
62, 2458, 200, 403, 29
62, 2459, 200, 546, 14
62, 2460, 200, 470, 22
62, 2461, 200, 379, 25
62, 2462, 200, 585, 40
62, 2463, 200, 650, 22
62, 2464, 200, 482, 21
62, 2465, 200, 644, 21
62, 2466, 200, 477, 19
62, 2467, 200, 500, 7
62, 2468, 200, 559, 23
62, 2469, 200, 669, 11
62, 2470, 200, 453, 12
62, 2471, 200, 478, 16
62, 2472, 200, 300, 9
62, 2473, 200, 651, 27
62, 2474, 200, 617, 41
62, 2475, 200, 479, 11
62, 2476, 200, 584, 20
62, 2477, 200, 496, 35
62, 2478, 200, 587, 15
62, 2479, 200, 637, 19
63, 2480, 200, 489, 15
63, 2481, 200, 435, 11
63, 2482, 200, 415, 26
63, 2483, 200, 436, 20
63, 2484, 200, 546, 16
63, 2485, 200, 583, 21
63, 2486, 200, 513, 19
63, 2487, 200, 556, 42
63, 2488, 200, 616, 32
63, 2489, 200, 547, 24
63, 2490, 200, 562, 19
63, 2491, 200, 636, 29
63, 2492, 200, 523, 25
63, 2493, 200, 523, 18
63, 2494, 200, 531, 33
63, 2495, 200, 693, 27
63, 2496, 200, 604, 14
63, 2497, 200, 611, 27
63, 2498, 200, 662, 31
63, 2499, 200, 651, 28
63, 2500, 200, 467, 21
63, 2501, 200, 448, 21
63, 2502, 200, 507, 14
63, 2503, 200, 694, 21
63, 2504, 200, 398, 16
63, 2505, 200, 626, 36
63, 2506, 200, 731, 26
63, 2507, 200, 631, 28
63, 2508, 200, 509, 9
63, 2509, 200, 578, 14
63, 2510, 200, 642, 24
63, 2511, 200, 527, 13
63, 2512, 200, 480, 13
63, 2513, 200, 436, 10
63, 2514, 200, 321, 6
63, 2515, 200, 513, 24
63, 2516, 200, 549, 17
63, 2517, 200, 670, 14
63, 2518, 200, 512, 16
63, 2519, 200, 599, 22
64, 2520, 200, 678, 11
64, 2521, 200, 750, 16
64, 2522, 200, 712, 21
64, 2523, 200, 557, 18
64, 2524, 200, 680, 17
64, 2525, 200, 498, 17
64, 2526, 200, 683, 24
64, 2527, 200, 670, 23
64, 2528, 200, 530, 16
64, 2529, 200, 485, 9
64, 2530, 200, 378, 6
64, 2531, 200, 384, 16
64, 2532, 200, 340, 14
64, 2533, 200, 515, 28
64, 2534, 200, 457, 21
64, 2535, 200, 520, 30
64, 2536, 200, 877, 24
64, 2537, 200, 718, 27
64, 2538, 200, 784, 22
64, 2539, 200, 617, 16
64, 2540, 200, 587, 23
64, 2541, 200, 463, 9
64, 2542, 200, 462, 8
64, 2543, 200, 381, 13
64, 2544, 200, 366, 9
64, 2545, 200, 300, 7
64, 2546, 200, 229, 10
64, 2547, 200, 396, 22
64, 2548, 200, 372, 21
64, 2549, 200, 437, 24
64, 2550, 200, 324, 21
64, 2551, 200, 369, 18
64, 2552, 200, 309, 28
64, 2553, 200, 813, 39
64, 2554, 200, 769, 35
64, 2555, 200, 531, 20
64, 2556, 200, 617, 13
64, 2557, 200, 706, 24
64, 2558, 200, 577, 25
64, 2559, 200, 689, 30
65, 2560, 200, 637, 35
65, 2561, 200, 666, 25
65, 2562, 200, 610, 29
65, 2563, 200, 536, 24
65, 2564, 200, 503, 15
65, 2565, 200, 445, 8
65, 2566, 200, 446, 8
65, 2567, 200, 339, 22
65, 2568, 200, 478, 21
65, 2569, 200, 416, 27
65, 2570, 200, 367, 28
65, 2571, 200, 586, 28
65, 2572, 200, 393, 13
65, 2573, 200, 577, 25
65, 2574, 200, 615, 27
65, 2575, 200, 370, 39
65, 2576, 200, 500, 41
65, 2577, 200, 758, 26
65, 2578, 200, 817, 31
65, 2579, 200, 593, 37
65, 2580, 200, 647, 34
65, 2581, 200, 534, 16
65, 2582, 200, 344, 19
65, 2583, 200, 398, 34
65, 2584, 200, 459, 19
65, 2585, 200, 601, 28
65, 2586, 200, 466, 10
65, 2587, 200, 554, 5
65, 2588, 200, 528, 35
65, 2589, 200, 647, 26
65, 2590, 200, 573, 26
65, 2591, 200, 444, 29
65, 2592, 200, 533, 14
65, 2593, 200, 421, 21
65, 2594, 200, 380, 11
65, 2595, 200, 373, 25
65, 2596, 200, 482, 20
65, 2597, 200, 516, 25
65, 2598, 200, 610, 23
65, 2599, 200, 378, 27
66, 2600, 200, 615, 28
66, 2601, 200, 730, 41
66, 2602, 200, 675, 22
66, 2603, 200, 524, 21
66, 2604, 200, 639, 23
66, 2605, 200, 714, 32
66, 2606, 200, 726, 27
66, 2607, 200, 504, 14
66, 2608, 200, 647, 20
66, 2609, 200, 527, 15
66, 2610, 200, 474, 23
66, 2611, 200, 452, 17
66, 2612, 200, 526, 25
66, 2613, 200, 628, 13
66, 2614, 200, 588, 27
66, 2615, 200, 424, 7
66, 2616, 200, 423, 16
66, 2617, 200, 334, 11
66, 2618, 200, 398, 14
66, 2619, 200, 466, 16
66, 2620, 200, 357, 14
66, 2621, 200, 420, 28
66, 2622, 200, 718, 30
66, 2623, 200, 538, 20
66, 2624, 200, 335, 12
66, 2625, 200, 382, 9
66, 2626, 200, 433, 15
66, 2627, 200, 352, 25
66, 2628, 200, 477, 27
66, 2629, 200, 433, 19
66, 2630, 200, 497, 41
66, 2631, 200, 453, 30
66, 2632, 200, 556, 21
66, 2633, 200, 520, 22
66, 2634, 200, 592, 29
66, 2635, 200, 386, 6
66, 2636, 200, 293, 10
66, 2637, 200, 435, 30
66, 2638, 200, 466, 15
66, 2639, 200, 450, 16
67, 2640, 200, 489, 10
67, 2641, 200, 308, 10
67, 2642, 200, 523, 19
67, 2643, 200, 454, 15
67, 2644, 200, 472, 26
67, 2645, 200, 440, 24
67, 2646, 200, 383, 20
67, 2647, 200, 434, 9
67, 2648, 200, 404, 12
67, 2649, 200, 338, 15
67, 2650, 200, 390, 14
67, 2651, 200, 492, 31
67, 2652, 200, 572, 24
67, 2653, 200, 872, 46
67, 2654, 200, 807, 21
67, 2655, 200, 684, 36
67, 2656, 200, 737, 30
67, 2657, 200, 560, 16
67, 2658, 200, 553, 21
67, 2659, 200, 572, 35
67, 2660, 200, 494, 31
67, 2661, 200, 634, 27
67, 2662, 200, 653, 21
67, 2663, 200, 847, 32
67, 2664, 200, 581, 14
67, 2665, 200, 617, 23
67, 2666, 200, 635, 9
67, 2667, 200, 674, 31
67, 2668, 200, 676, 21
67, 2669, 200, 621, 38
67, 2670, 200, 599, 17
67, 2671, 200, 585, 24
67, 2672, 200, 570, 10
67, 2673, 200, 522, 13
67, 2674, 200, 761, 26
67, 2675, 200, 299, 12
67, 2676, 200, 560, 12
67, 2677, 200, 428, 10
67, 2678, 200, 413, 19
67, 2679, 200, 475, 12
68, 2680, 200, 323, 9
68, 2681, 200, 499, 18
68, 2682, 200, 516, 12
68, 2683, 200, 375, 6
68, 2684, 200, 308, 7
68, 2685, 200, 352, 17
68, 2686, 200, 549, 22
68, 2687, 200, 510, 25
68, 2688, 200, 577, 28
68, 2689, 200, 519, 35
68, 2690, 200, 371, 15
68, 2691, 200, 304, 10
68, 2692, 200, 422, 23
68, 2693, 200, 508, 23
68, 2694, 200, 536, 11
68, 2695, 200, 682, 38
68, 2696, 200, 707, 34
68, 2697, 200, 543, 36
68, 2698, 200, 490, 28
68, 2699, 200, 649, 53
68, 2700, 200, 640, 30
68, 2701, 200, 622, 29
68, 2702, 200, 747, 32
68, 2703, 200, 536, 39
68, 2704, 200, 686, 29
68, 2705, 200, 785, 52
68, 2706, 200, 661, 20
68, 2707, 200, 606, 15
68, 2708, 200, 388, 26
68, 2709, 200, 557, 17
68, 2710, 200, 462, 17
68, 2711, 200, 509, 19
68, 2712, 200, 495, 22
68, 2713, 200, 572, 22
68, 2714, 200, 459, 37
68, 2715, 200, 353, 13
68, 2716, 200, 581, 21
68, 2717, 200, 388, 27
68, 2718, 200, 322, 16
68, 2719, 200, 424, 12
69, 2720, 200, 435, 20
69, 2721, 200, 380, 25
69, 2722, 200, 440, 26
69, 2723, 200, 612, 16
69, 2724, 200, 355, 16
69, 2725, 200, 605, 23
69, 2726, 200, 486, 12
69, 2727, 200, 326, 11
69, 2728, 200, 236, 9
69, 2729, 200, 405, 14
69, 2730, 200, 475, 24
69, 2731, 200, 412, 21
69, 2732, 200, 417, 12
69, 2733, 200, 321, 15
69, 2734, 200, 414, 14
69, 2735, 200, 432, 21
69, 2736, 200, 280, 7
69, 2737, 200, 503, 23
69, 2738, 200, 581, 13
69, 2739, 200, 628, 21
69, 2740, 200, 459, 12
69, 2741, 200, 626, 27
69, 2742, 200, 920, 31
69, 2743, 200, 632, 20
69, 2744, 200, 578, 19
69, 2745, 200, 452, 20
69, 2746, 200, 505, 12
69, 2747, 200, 388, 16
69, 2748, 200, 458, 27
69, 2749, 200, 361, 27
69, 2750, 200, 469, 24
69, 2751, 200, 576, 17
69, 2752, 200, 292, 16
69, 2753, 200, 320, 10
69, 2754, 200, 433, 12
69, 2755, 200, 488, 16
69, 2756, 200, 418, 14
69, 2757, 200, 347, 12
69, 2758, 200, 512, 26
69, 2759, 200, 336, 10
70, 2760, 200, 417, 23
70, 2761, 200, 647, 24
70, 2762, 200, 789, 36
70, 2763, 200, 764, 26
70, 2764, 200, 729, 28
70, 2765, 200, 616, 13
70, 2766, 200, 828, 11
70, 2767, 200, 686, 36
70, 2768, 200, 586, 42
70, 2769, 200, 696, 29
70, 2770, 200, 490, 13
70, 2771, 200, 516, 9
70, 2772, 200, 489, 22
70, 2773, 200, 376, 18
70, 2774, 200, 354, 24
70, 2775, 200, 404, 12
70, 2776, 200, 405, 15
70, 2777, 200, 575, 16
70, 2778, 200, 369, 24
70, 2779, 200, 615, 17
70, 2780, 200, 449, 19
70, 2781, 200, 531, 23
70, 2782, 200, 577, 31
70, 2783, 200, 560, 26
70, 2784, 200, 476, 33
70, 2785, 200, 541, 17
70, 2786, 200, 440, 17
70, 2787, 200, 575, 16
70, 2788, 200, 508, 21
70, 2789, 200, 538, 8
70, 2790, 200, 381, 12
70, 2791, 200, 453, 20
70, 2792, 200, 573, 27
70, 2793, 200, 446, 26
70, 2794, 200, 500, 18
70, 2795, 200, 545, 32
70, 2796, 200, 749, 14
70, 2797, 200, 690, 29
70, 2798, 200, 519, 25
70, 2799, 200, 453, 8
71, 2800, 200, 419, 11
71, 2801, 200, 496, 18
71, 2802, 200, 559, 31
71, 2803, 200, 603, 38
71, 2804, 200, 612, 14
71, 2805, 200, 793, 27
71, 2806, 200, 406, 31
71, 2807, 200, 528, 23
71, 2808, 200, 497, 16
71, 2809, 200, 469, 22
71, 2810, 200, 514, 20
71, 2811, 200, 404, 9
71, 2812, 200, 349, 18
71, 2813, 200, 385, 7
71, 2814, 200, 499, 36
71, 2815, 200, 307, 14
71, 2816, 200, 355, 18
71, 2817, 200, 478, 19
71, 2818, 200, 331, 13
71, 2819, 200, 345, 10
71, 2820, 200, 321, 18
71, 2821, 200, 475, 26
71, 2822, 200, 485, 26
71, 2823, 200, 648, 30
71, 2824, 200, 513, 11
71, 2825, 200, 580, 15
71, 2826, 200, 639, 25
71, 2827, 200, 356, 17
71, 2828, 200, 294, 11
71, 2829, 200, 420, 22
71, 2830, 200, 394, 13
71, 2831, 200, 377, 4
71, 2832, 200, 444, 35
71, 2833, 200, 481, 25
71, 2834, 200, 438, 16
71, 2835, 200, 256, 9
71, 2836, 200, 554, 23
71, 2837, 200, 297, 13
71, 2838, 200, 520, 17
71, 2839, 200, 342, 18
72, 2840, 200, 457, 30
72, 2841, 200, 529, 16
72, 2842, 200, 376, 16
72, 2843, 200, 393, 12
72, 2844, 200, 335, 19
72, 2845, 200, 524, 28
72, 2846, 200, 367, 28
72, 2847, 200, 560, 33
72, 2848, 200, 473, 17
72, 2849, 200, 746, 25
72, 2850, 200, 752, 33
72, 2851, 200, 453, 30
72, 2852, 200, 436, 16
72, 2853, 200, 548, 19
72, 2854, 200, 535, 19
72, 2855, 200, 484, 23
72, 2856, 200, 286, 11
72, 2857, 200, 449, 13
72, 2858, 200, 288, 11
72, 2859, 200, 325, 17
72, 2860, 200, 399, 20
72, 2861, 200, 310, 19
72, 2862, 200, 491, 24
72, 2863, 200, 417, 12
72, 2864, 200, 398, 20
72, 2865, 200, 543, 20
72, 2866, 200, 334, 18
72, 2867, 200, 452, 21
72, 2868, 200, 462, 26
72, 2869, 200, 553, 17
72, 2870, 200, 631, 26
72, 2871, 200, 304, 18
72, 2872, 200, 418, 8
72, 2873, 200, 391, 17
72, 2874, 200, 357, 31
72, 2875, 200, 346, 10
72, 2876, 200, 435, 14
72, 2877, 200, 447, 10
72, 2878, 200, 469, 17
72, 2879, 200, 566, 17
73, 2880, 200, 443, 22
73, 2881, 200, 434, 7
73, 2882, 200, 640, 35
73, 2883, 200, 415, 32
73, 2884, 200, 463, 15
73, 2885, 200, 686, 27
73, 2886, 200, 608, 16
73, 2887, 200, 523, 28
73, 2888, 200, 582, 43
73, 2889, 200, 520, 31
73, 2890, 200, 433, 26
73, 2891, 200, 430, 14
73, 2892, 200, 332, 20
73, 2893, 200, 411, 13
73, 2894, 200, 325, 12
73, 2895, 200, 464, 18
73, 2896, 200, 389, 14
73, 2897, 200, 366, 18
73, 2898, 200, 436, 25
73, 2899, 200, 466, 18
73, 2900, 200, 493, 17
73, 2901, 200, 463, 29
73, 2902, 200, 484, 20
73, 2903, 200, 479, 14
73, 2904, 200, 413, 17
73, 2905, 200, 524, 13
73, 2906, 200, 387, 12
73, 2907, 200, 490, 13
73, 2908, 200, 419, 26
73, 2909, 200, 596, 20
73, 2910, 200, 395, 14
73, 2911, 200, 414, 13
73, 2912, 200, 425, 13
73, 2913, 200, 389, 11
73, 2914, 200, 425, 17
73, 2915, 200, 760, 32
73, 2916, 200, 583, 20
73, 2917, 200, 515, 26
73, 2918, 200, 714, 16
73, 2919, 200, 670, 21
74, 2920, 200, 499, 13
74, 2921, 200, 420, 3
74, 2922, 200, 468, 13
74, 2923, 200, 361, 12
74, 2924, 200, 645, 10
74, 2925, 200, 575, 22
74, 2926, 200, 601, 16
74, 2927, 200, 601, 23
74, 2928, 200, 827, 28
74, 2929, 200, 755, 16
74, 2930, 200, 739, 29
74, 2931, 200, 756, 25
74, 2932, 200, 711, 39
74, 2933, 200, 607, 17
74, 2934, 200, 883, 31
74, 2935, 200, 741, 22
74, 2936, 200, 737, 19
74, 2937, 200, 555, 14
74, 2938, 200, 553, 29
74, 2939, 200, 795, 11
74, 2940, 200, 504, 16
74, 2941, 200, 447, 9
74, 2942, 200, 311, 20
74, 2943, 200, 530, 12
74, 2944, 200, 583, 19
74, 2945, 200, 488, 5
74, 2946, 200, 497, 15
74, 2947, 200, 780, 15
74, 2948, 200, 663, 22
74, 2949, 200, 568, 13
74, 2950, 200, 515, 22
74, 2951, 200, 597, 18
74, 2952, 200, 649, 18
74, 2953, 200, 638, 14
74, 2954, 200, 501, 12
74, 2955, 200, 455, 14
74, 2956, 200, 519, 37
74, 2957, 200, 454, 21
74, 2958, 200, 604, 21
74, 2959, 200, 485, 39
75, 2960, 200, 553, 26
75, 2961, 200, 390, 12
75, 2962, 200, 428, 16
75, 2963, 200, 694, 34
75, 2964, 200, 501, 20
75, 2965, 200, 666, 32
75, 2966, 200, 647, 22
75, 2967, 200, 758, 36
75, 2968, 200, 601, 40
75, 2969, 200, 820, 21
75, 2970, 200, 647, 8
75, 2971, 200, 576, 22
75, 2972, 200, 717, 29
75, 2973, 200, 742, 21
75, 2974, 200, 547, 17
75, 2975, 200, 643, 31
75, 2976, 200, 677, 13
75, 2977, 200, 464, 26
75, 2978, 200, 504, 23
75, 2979, 200, 507, 23
75, 2980, 200, 600, 22
75, 2981, 200, 552, 11
75, 2982, 200, 593, 15
75, 2983, 200, 617, 13
75, 2984, 200, 567, 25
75, 2985, 200, 610, 22
75, 2986, 200, 306, 11
75, 2987, 200, 423, 9
75, 2988, 200, 533, 18
75, 2989, 200, 448, 9
75, 2990, 200, 432, 9
75, 2991, 200, 566, 10
75, 2992, 200, 499, 8
75, 2993, 200, 483, 19
75, 2994, 200, 632, 20
75, 2995, 200, 601, 16
75, 2996, 200, 618, 13
75, 2997, 200, 621, 10
75, 2998, 200, 340, 17
75, 2999, 200, 290, 10
76, 3000, 200, 495, 16
76, 3001, 200, 366, 10
76, 3002, 200, 423, 20
76, 3003, 200, 557, 11
76, 3004, 200, 754, 14
76, 3005, 200, 493, 22
76, 3006, 200, 457, 20
76, 3007, 200, 590, 10
76, 3008, 200, 540, 7
76, 3009, 200, 872, 19
76, 3010, 200, 545, 18
76, 3011, 200, 755, 14
76, 3012, 200, 534, 4
76, 3013, 200, 546, 8
76, 3014, 200, 495, 8
76, 3015, 200, 320, 3
76, 3016, 200, 204, 10
76, 3017, 200, 629, 20
76, 3018, 200, 633, 18
76, 3019, 200, 572, 12
76, 3020, 200, 752, 7
76, 3021, 200, 628, 10
76, 3022, 200, 641, 21
76, 3023, 200, 755, 12
76, 3024, 200, 599, 17
76, 3025, 200, 521, 11
76, 3026, 200, 538, 13
76, 3027, 200, 577, 33
76, 3028, 200, 722, 22
76, 3029, 200, 513, 12
76, 3030, 200, 348, 14
76, 3031, 200, 485, 20
76, 3032, 200, 364, 24
76, 3033, 200, 543, 19
76, 3034, 200, 473, 11
76, 3035, 200, 591, 23
76, 3036, 200, 451, 8
76, 3037, 200, 392, 15
76, 3038, 200, 419, 19
76, 3039, 200, 437, 18
77, 3040, 200, 259, 12
77, 3041, 200, 474, 12
77, 3042, 200, 336, 20
77, 3043, 200, 328, 26
77, 3044, 200, 570, 34
77, 3045, 200, 409, 17
77, 3046, 200, 414, 25
77, 3047, 200, 557, 28
77, 3048, 200, 466, 24
77, 3049, 200, 457, 15
77, 3050, 200, 479, 7
77, 3051, 200, 356, 19
77, 3052, 200, 457, 23
77, 3053, 200, 351, 17
77, 3054, 200, 345, 10
77, 3055, 200, 392, 16
77, 3056, 200, 425, 16
77, 3057, 200, 430, 20
77, 3058, 200, 488, 12
77, 3059, 200, 479, 29
77, 3060, 200, 525, 20
77, 3061, 200, 403, 11
77, 3062, 200, 483, 12
77, 3063, 200, 425, 18
77, 3064, 200, 395, 9
77, 3065, 200, 309, 18
77, 3066, 200, 403, 23
77, 3067, 200, 416, 21
77, 3068, 200, 660, 26
77, 3069, 200, 399, 15
77, 3070, 200, 630, 19
77, 3071, 200, 522, 20
77, 3072, 200, 514, 19
77, 3073, 200, 423, 16
77, 3074, 200, 332, 8
77, 3075, 200, 262, 19
77, 3076, 200, 273, 15
77, 3077, 200, 416, 13
77, 3078, 200, 344, 9
77, 3079, 200, 444, 11
78, 3080, 200, 559, 13
78, 3081, 200, 514, 24
78, 3082, 200, 389, 20
78, 3083, 200, 354, 16
78, 3084, 200, 363, 12
78, 3085, 200, 429, 16
78, 3086, 200, 486, 13
78, 3087, 200, 412, 20
78, 3088, 200, 666, 19
78, 3089, 200, 603, 27
78, 3090, 200, 387, 22
78, 3091, 200, 337, 15
78, 3092, 200, 364, 31
78, 3093, 200, 635, 28
78, 3094, 200, 692, 19
78, 3095, 200, 624, 28
78, 3096, 200, 456, 22
78, 3097, 200, 568, 20
78, 3098, 200, 614, 14
78, 3099, 200, 545, 28
78, 3100, 200, 712, 24
78, 3101, 200, 444, 12
78, 3102, 200, 404, 25
78, 3103, 200, 469, 27
78, 3104, 200, 431, 15
78, 3105, 200, 543, 11
78, 3106, 200, 293, 15
78, 3107, 200, 362, 16
78, 3108, 200, 418, 6
78, 3109, 200, 172, 6
78, 3110, 200, 240, 16
78, 3111, 200, 315, 13
78, 3112, 200, 325, 8
78, 3113, 200, 287, 5
78, 3114, 200, 321, 12
78, 3115, 200, 365, 14
78, 3116, 200, 319, 4
78, 3117, 200, 272, 18
78, 3118, 200, 368, 19
78, 3119, 200, 464, 7
79, 3120, 200, 330, 12
79, 3121, 200, 326, 13
79, 3122, 200, 312, 3
79, 3123, 200, 274, 26
79, 3124, 200, 276, 9
79, 3125, 200, 352, 9
79, 3126, 200, 557, 14
79, 3127, 200, 555, 18
79, 3128, 200, 405, 17
79, 3129, 200, 396, 10
79, 3130, 200, 299, 5
79, 3131, 200, 348, 13
79, 3132, 200, 445, 9
79, 3133, 200, 567, 14
79, 3134, 200, 516, 12
79, 3135, 200, 430, 9
79, 3136, 200, 618, 26
79, 3137, 200, 490, 28
79, 3138, 200, 570, 26
79, 3139, 200, 523, 10
79, 3140, 200, 626, 13
79, 3141, 200, 572, 14
79, 3142, 200, 416, 16
79, 3143, 200, 392, 26
79, 3144, 200, 457, 21
79, 3145, 200, 359, 7
79, 3146, 200, 300, 13
79, 3147, 200, 483, 12
79, 3148, 200, 646, 22
79, 3149, 200, 567, 15
79, 3150, 200, 390, 5
79, 3151, 200, 504, 12
79, 3152, 200, 632, 12
79, 3153, 200, 696, 14
79, 3154, 200, 582, 7
79, 3155, 200, 655, 17
79, 3156, 200, 548, 14
79, 3157, 200, 623, 10
79, 3158, 200, 452, 14
79, 3159, 200, 553, 27
80, 3160, 200, 446, 16
80, 3161, 200, 566, 29
80, 3162, 200, 583, 40
80, 3163, 200, 443, 27
80, 3164, 200, 532, 26
80, 3165, 200, 486, 16
80, 3166, 200, 594, 9
80, 3167, 200, 479, 13
80, 3168, 200, 401, 5
80, 3169, 200, 609, 15
80, 3170, 200, 450, 15
80, 3171, 200, 418, 12
80, 3172, 200, 484, 15
80, 3173, 200, 385, 12
80, 3174, 200, 317, 15
80, 3175, 200, 324, 24
80, 3176, 200, 377, 31
80, 3177, 200, 364, 13
80, 3178, 200, 395, 13
80, 3179, 200, 527, 15
80, 3180, 200, 549, 6
80, 3181, 200, 597, 9
80, 3182, 200, 511, 10
80, 3183, 200, 429, 4
80, 3184, 200, 570, 30
80, 3185, 200, 527, 23
80, 3186, 200, 562, 15
80, 3187, 200, 787, 25
80, 3188, 200, 502, 18
80, 3189, 200, 700, 13
80, 3190, 200, 692, 14
80, 3191, 200, 488, 10
80, 3192, 200, 468, 11
80, 3193, 200, 578, 14
80, 3194, 200, 688, 16
80, 3195, 200, 332, 12
80, 3196, 200, 383, 13
80, 3197, 200, 549, 9
80, 3198, 200, 498, 14
80, 3199, 200, 443, 20
81, 3200, 200, 394, 18
81, 3201, 200, 714, 16
81, 3202, 200, 561, 19
81, 3203, 200, 607, 13
81, 3204, 200, 418, 17
81, 3205, 200, 399, 9
81, 3206, 200, 480, 17
81, 3207, 200, 411, 12
81, 3208, 200, 615, 10
81, 3209, 200, 376, 8
81, 3210, 200, 331, 8
81, 3211, 200, 318, 13
81, 3212, 200, 292, 14
81, 3213, 200, 356, 23
81, 3214, 200, 538, 9
81, 3215, 200, 375, 16
81, 3216, 200, 305, 9
81, 3217, 200, 427, 21
81, 3218, 200, 455, 20
81, 3219, 200, 469, 12
81, 3220, 200, 448, 22
81, 3221, 200, 560, 12
81, 3222, 200, 387, 3
81, 3223, 200, 403, 15
81, 3224, 200, 334, 12
81, 3225, 200, 371, 7
81, 3226, 200, 630, 18
81, 3227, 200, 489, 15
81, 3228, 200, 393, 6
81, 3229, 200, 596, 13
81, 3230, 200, 315, 11
81, 3231, 200, 361, 12
81, 3232, 200, 424, 11
81, 3233, 200, 380, 14
81, 3234, 200, 318, 5
81, 3235, 200, 418, 12
81, 3236, 200, 294, 14
81, 3237, 200, 337, 19
81, 3238, 200, 463, 18
81, 3239, 200, 397, 18
82, 3240, 200, 395, 9
82, 3241, 200, 419, 14
82, 3242, 200, 367, 12
82, 3243, 200, 404, 19
82, 3244, 200, 421, 12
82, 3245, 200, 519, 23
82, 3246, 200, 520, 22
82, 3247, 200, 460, 25
82, 3248, 200, 445, 14
82, 3249, 200, 428, 8
82, 3250, 200, 365, 27
82, 3251, 200, 494, 24
82, 3252, 200, 577, 24
82, 3253, 200, 520, 13
82, 3254, 200, 517, 19
82, 3255, 200, 736, 21
82, 3256, 200, 532, 19
82, 3257, 200, 470, 17
82, 3258, 200, 465, 14
82, 3259, 200, 573, 17
82, 3260, 200, 448, 15
82, 3261, 200, 641, 19
82, 3262, 200, 507, 16
82, 3263, 200, 447, 23
82, 3264, 200, 404, 22
82, 3265, 200, 430, 21
82, 3266, 200, 385, 18
82, 3267, 200, 497, 19
82, 3268, 200, 636, 17
82, 3269, 200, 450, 8
82, 3270, 200, 380, 20
82, 3271, 200, 522, 22
82, 3272, 200, 467, 18
82, 3273, 200, 437, 13
82, 3274, 200, 404, 15
82, 3275, 200, 428, 16
82, 3276, 200, 549, 6
82, 3277, 200, 545, 20
82, 3278, 200, 416, 13
82, 3279, 200, 472, 23
83, 3280, 200, 538, 30
83, 3281, 200, 511, 25
83, 3282, 200, 510, 36
83, 3283, 200, 389, 16
83, 3284, 200, 368, 32
83, 3285, 200, 470, 13
83, 3286, 200, 406, 15
83, 3287, 200, 414, 10
83, 3288, 200, 367, 21
83, 3289, 200, 393, 18
83, 3290, 200, 566, 15
83, 3291, 200, 351, 24
83, 3292, 200, 357, 10
83, 3293, 200, 354, 27
83, 3294, 200, 394, 13
83, 3295, 200, 423, 7
83, 3296, 200, 357, 9
83, 3297, 200, 439, 10
83, 3298, 200, 457, 13
83, 3299, 200, 588, 19
83, 3300, 200, 464, 18
83, 3301, 200, 218, 10
83, 3302, 200, 306, 6
83, 3303, 200, 260, 17
83, 3304, 200, 230, 14
83, 3305, 200, 368, 11
83, 3306, 200, 387, 7
83, 3307, 200, 683, 21
83, 3308, 200, 542, 14
83, 3309, 200, 632, 31
83, 3310, 200, 653, 22
83, 3311, 200, 646, 12
83, 3312, 200, 577, 32
83, 3313, 200, 647, 10
83, 3314, 200, 434, 9
83, 3315, 200, 401, 21
83, 3316, 200, 505, 20
83, 3317, 200, 564, 17
83, 3318, 200, 501, 12
83, 3319, 200, 421, 8
84, 3320, 200, 385, 15
84, 3321, 200, 500, 22
84, 3322, 200, 512, 13
84, 3323, 200, 341, 7
84, 3324, 200, 597, 15
84, 3325, 200, 594, 9
84, 3326, 200, 553, 11
84, 3327, 200, 341, 13
84, 3328, 200, 443, 19
84, 3329, 200, 406, 22
84, 3330, 200, 643, 17
84, 3331, 200, 584, 24
84, 3332, 200, 502, 10
84, 3333, 200, 526, 19
84, 3334, 200, 658, 18
84, 3335, 200, 580, 20
84, 3336, 200, 830, 21
84, 3337, 200, 653, 14
84, 3338, 200, 701, 18
84, 3339, 200, 557, 13
84, 3340, 200, 760, 9
84, 3341, 200, 541, 21
84, 3342, 200, 506, 20
84, 3343, 200, 519, 10
84, 3344, 200, 423, 16
84, 3345, 200, 500, 32
84, 3346, 200, 687, 18
84, 3347, 200, 661, 15
84, 3348, 200, 490, 8
84, 3349, 200, 567, 18
84, 3350, 200, 749, 24
84, 3351, 200, 637, 14
84, 3352, 200, 643, 27
84, 3353, 200, 673, 22
84, 3354, 200, 479, 17
84, 3355, 200, 531, 29
84, 3356, 200, 466, 13
84, 3357, 200, 441, 23
84, 3358, 200, 574, 7
84, 3359, 200, 408, 25
85, 3360, 200, 498, 26
85, 3361, 200, 455, 12
85, 3362, 200, 361, 10
85, 3363, 200, 436, 11
85, 3364, 200, 417, 20
85, 3365, 200, 504, 14
85, 3366, 200, 744, 29
85, 3367, 200, 593, 20
85, 3368, 200, 826, 27
85, 3369, 200, 793, 26
85, 3370, 200, 1218, 32
85, 3371, 200, 612, 14
85, 3372, 200, 558, 15
85, 3373, 200, 655, 16
85, 3374, 200, 823, 18
85, 3375, 200, 583, 10
85, 3376, 200, 396, 12
85, 3377, 200, 489, 23
85, 3378, 200, 480, 15
85, 3379, 200, 432, 16
85, 3380, 200, 441, 13
85, 3381, 200, 549, 19
85, 3382, 200, 536, 19
85, 3383, 200, 498, 12
85, 3384, 200, 577, 7
85, 3385, 200, 675, 23
85, 3386, 200, 518, 10
85, 3387, 200, 546, 15
85, 3388, 200, 590, 20
85, 3389, 200, 439, 20
85, 3390, 200, 379, 6
85, 3391, 200, 368, 5
85, 3392, 200, 296, 8
85, 3393, 200, 379, 13
85, 3394, 200, 320, 10
85, 3395, 200, 281, 12
85, 3396, 200, 235, 19
85, 3397, 200, 350, 24
85, 3398, 200, 362, 19
85, 3399, 200, 298, 17
86, 3400, 200, 353, 18
86, 3401, 200, 522, 11
86, 3402, 200, 382, 16
86, 3403, 200, 457, 17
86, 3404, 200, 601, 24
86, 3405, 200, 445, 28
86, 3406, 200, 582, 21
86, 3407, 200, 600, 23
86, 3408, 200, 616, 16
86, 3409, 200, 737, 30
86, 3410, 200, 668, 15
86, 3411, 200, 643, 14
86, 3412, 200, 356, 11
86, 3413, 200, 431, 8
86, 3414, 200, 475, 21
86, 3415, 200, 575, 17
86, 3416, 200, 495, 7
86, 3417, 200, 748, 29
86, 3418, 200, 578, 8
86, 3419, 200, 590, 23
86, 3420, 200, 498, 11
86, 3421, 200, 504, 14
86, 3422, 200, 415, 16
86, 3423, 200, 275, 13
86, 3424, 200, 339, 10
86, 3425, 200, 302, 13
86, 3426, 200, 361, 11
86, 3427, 200, 347, 9
86, 3428, 200, 288, 11
86, 3429, 200, 354, 7
86, 3430, 200, 279, 12
86, 3431, 200, 232, 12
86, 3432, 200, 264, 12
86, 3433, 200, 299, 8
86, 3434, 200, 308, 18
86, 3435, 200, 405, 21
86, 3436, 200, 247, 11
86, 3437, 200, 395, 26
86, 3438, 200, 541, 24
86, 3439, 200, 418, 9
87, 3440, 200, 472, 14
87, 3441, 200, 499, 22
87, 3442, 200, 460, 10
87, 3443, 200, 376, 12
87, 3444, 200, 663, 8
87, 3445, 200, 714, 26
87, 3446, 200, 505, 18
87, 3447, 200, 581, 27
87, 3448, 200, 319, 21
87, 3449, 200, 531, 20
87, 3450, 200, 572, 20
87, 3451, 200, 458, 12
87, 3452, 200, 424, 10
87, 3453, 200, 525, 24
87, 3454, 200, 579, 6
87, 3455, 200, 650, 17
87, 3456, 200, 555, 17
87, 3457, 200, 496, 18
87, 3458, 200, 591, 22
87, 3459, 200, 568, 5
87, 3460, 200, 574, 16
87, 3461, 200, 692, 21
87, 3462, 200, 639, 12
87, 3463, 200, 434, 23
87, 3464, 200, 669, 26
87, 3465, 200, 591, 20
87, 3466, 200, 565, 12
87, 3467, 200, 496, 8
87, 3468, 200, 500, 21
87, 3469, 200, 569, 27
87, 3470, 200, 402, 19
87, 3471, 200, 857, 14
87, 3472, 200, 563, 13
87, 3473, 200, 588, 15
87, 3474, 200, 781, 21
87, 3475, 200, 960, 20
87, 3476, 200, 688, 9
87, 3477, 200, 897, 17
87, 3478, 200, 807, 32
87, 3479, 200, 725, 11
88, 3480, 200, 897, 10
88, 3481, 200, 585, 14
88, 3482, 200, 463, 4
88, 3483, 200, 655, 15
88, 3484, 200, 871, 30
88, 3485, 200, 728, 37
88, 3486, 200, 1087, 51
88, 3487, 200, 796, 18
88, 3488, 200, 508, 6
88, 3489, 200, 645, 17
88, 3490, 200, 702, 17
88, 3491, 200, 666, 14
88, 3492, 200, 509, 20
88, 3493, 200, 676, 15
88, 3494, 200, 452, 13
88, 3495, 200, 422, 9
88, 3496, 200, 623, 11
88, 3497, 200, 485, 13
88, 3498, 200, 681, 19
88, 3499, 200, 422, 14
88, 3500, 200, 416, 4
88, 3501, 200, 389, 10
88, 3502, 200, 413, 2
88, 3503, 200, 445, 12
88, 3504, 200, 474, 12
88, 3505, 200, 467, 8
88, 3506, 200, 431, 8
88, 3507, 200, 530, 12
88, 3508, 200, 538, 7
88, 3509, 200, 663, 6
88, 3510, 200, 612, 24
88, 3511, 200, 562, 22
88, 3512, 200, 580, 35
88, 3513, 200, 501, 14
88, 3514, 200, 500, 19
88, 3515, 200, 526, 27
88, 3516, 200, 517, 16
88, 3517, 200, 571, 20
88, 3518, 200, 516, 18
88, 3519, 200, 499, 12
89, 3520, 200, 586, 8
89, 3521, 200, 538, 14
89, 3522, 200, 489, 21
89, 3523, 200, 436, 18
89, 3524, 200, 409, 10
89, 3525, 200, 394, 16
89, 3526, 200, 344, 5
89, 3527, 200, 406, 13
89, 3528, 200, 476, 20
89, 3529, 200, 499, 16
89, 3530, 200, 507, 37
89, 3531, 200, 633, 26
89, 3532, 200, 558, 36
89, 3533, 200, 615, 24
89, 3534, 200, 677, 18
89, 3535, 200, 546, 25
89, 3536, 200, 343, 19
89, 3537, 200, 305, 12
89, 3538, 200, 328, 13
89, 3539, 200, 482, 16
89, 3540, 200, 613, 37
89, 3541, 200, 522, 23
89, 3542, 200, 458, 20
89, 3543, 200, 505, 25
89, 3544, 200, 360, 18
89, 3545, 200, 421, 19
89, 3546, 200, 328, 21
89, 3547, 200, 447, 38
89, 3548, 200, 552, 40
89, 3549, 200, 493, 35
89, 3550, 200, 514, 33
89, 3551, 200, 488, 31
89, 3552, 200, 434, 16
89, 3553, 200, 406, 22
89, 3554, 200, 292, 32
89, 3555, 200, 378, 30
89, 3556, 200, 458, 51
89, 3557, 200, 565, 42
89, 3558, 200, 465, 19
89, 3559, 200, 493, 23
90, 3560, 200, 492, 21
90, 3561, 200, 362, 12
90, 3562, 200, 341, 22
90, 3563, 200, 442, 13
90, 3564, 200, 405, 10
90, 3565, 200, 388, 10
90, 3566, 200, 346, 19
90, 3567, 200, 502, 17
90, 3568, 200, 497, 20
90, 3569, 200, 636, 17
90, 3570, 200, 425, 8
90, 3571, 200, 397, 18
90, 3572, 200, 504, 12
90, 3573, 200, 476, 12
90, 3574, 200, 474, 36
90, 3575, 200, 766, 29
90, 3576, 200, 767, 18
90, 3577, 200, 536, 15
90, 3578, 200, 568, 9
90, 3579, 200, 506, 23
90, 3580, 200, 456, 13
90, 3581, 200, 422, 15
90, 3582, 200, 557, 25
90, 3583, 200, 500, 23
90, 3584, 200, 380, 9
90, 3585, 200, 327, 7
90, 3586, 200, 276, 5
90, 3587, 200, 374, 28
90, 3588, 200, 332, 19
90, 3589, 200, 827, 21
90, 3590, 200, 762, 6
90, 3591, 200, 489, 7
90, 3592, 200, 422, 7
90, 3593, 200, 456, 15
90, 3594, 200, 522, 23
90, 3595, 200, 762, 42
90, 3596, 200, 565, 18
90, 3597, 200, 536, 20
90, 3598, 200, 629, 18
90, 3599, 200, 439, 20
91, 3600, 200, 471, 16
91, 3601, 200, 550, 15
91, 3602, 200, 436, 27
91, 3603, 200, 364, 24
91, 3604, 200, 393, 19
91, 3605, 200, 451, 17
91, 3606, 200, 438, 16
91, 3607, 200, 316, 10
91, 3608, 200, 457, 26
91, 3609, 200, 424, 18
91, 3610, 200, 358, 19
91, 3611, 200, 472, 20
91, 3612, 200, 757, 28
91, 3613, 200, 710, 31
91, 3614, 200, 494, 12
91, 3615, 200, 540, 17
91, 3616, 200, 416, 18
91, 3617, 200, 446, 17
91, 3618, 200, 426, 12
91, 3619, 200, 433, 10
91, 3620, 200, 506, 5
91, 3621, 200, 543, 12
91, 3622, 200, 342, 6
91, 3623, 200, 500, 7
91, 3624, 200, 504, 20
91, 3625, 200, 485, 8
91, 3626, 200, 511, 10
91, 3627, 200, 464, 10
91, 3628, 200, 411, 4
91, 3629, 200, 338, 5
91, 3630, 200, 663, 27
91, 3631, 200, 430, 24
91, 3632, 200, 524, 16
91, 3633, 200, 513, 16
91, 3634, 200, 486, 28
91, 3635, 200, 377, 26
91, 3636, 200, 457, 19
91, 3637, 200, 385, 19
91, 3638, 200, 591, 24
91, 3639, 200, 343, 12
92, 3640, 200, 516, 22
92, 3641, 200, 665, 39
92, 3642, 200, 500, 16
92, 3643, 200, 361, 21
92, 3644, 200, 344, 35
92, 3645, 200, 456, 55
92, 3646, 200, 430, 22
92, 3647, 200, 575, 26
92, 3648, 200, 711, 15
92, 3649, 200, 517, 19
92, 3650, 200, 568, 27
92, 3651, 200, 519, 15
92, 3652, 200, 728, 26
92, 3653, 200, 539, 20
92, 3654, 200, 394, 19
92, 3655, 200, 355, 19
92, 3656, 200, 631, 23
92, 3657, 200, 708, 41
92, 3658, 200, 495, 13
92, 3659, 200, 587, 20
92, 3660, 200, 532, 34
92, 3661, 200, 478, 22
92, 3662, 200, 544, 21
92, 3663, 200, 517, 27
92, 3664, 200, 561, 33
92, 3665, 200, 502, 21
92, 3666, 200, 491, 40
92, 3667, 200, 604, 21
92, 3668, 200, 683, 28
92, 3669, 200, 479, 6
92, 3670, 200, 477, 24
92, 3671, 200, 505, 22
92, 3672, 200, 442, 9
92, 3673, 200, 578, 13
92, 3674, 200, 427, 17
92, 3675, 200, 419, 21
92, 3676, 200, 461, 17
92, 3677, 200, 652, 24
92, 3678, 200, 483, 23
92, 3679, 200, 425, 45
93, 3680, 200, 640, 28
93, 3681, 200, 539, 30
93, 3682, 200, 563, 10
93, 3683, 200, 572, 32
93, 3684, 200, 339, 14
93, 3685, 200, 533, 27
93, 3686, 200, 477, 14
93, 3687, 200, 318, 20
93, 3688, 200, 617, 20
93, 3689, 200, 547, 17
93, 3690, 200, 370, 12
93, 3691, 200, 531, 33
93, 3692, 200, 421, 14
93, 3693, 200, 454, 32
93, 3694, 200, 594, 22
93, 3695, 200, 629, 40
93, 3696, 200, 555, 42
93, 3697, 200, 570, 20
93, 3698, 200, 620, 15
93, 3699, 200, 431, 19
93, 3700, 200, 331, 24
93, 3701, 200, 415, 13
93, 3702, 200, 525, 23
93, 3703, 200, 421, 22
93, 3704, 200, 506, 33
93, 3705, 200, 415, 9
93, 3706, 200, 350, 22
93, 3707, 200, 347, 49
93, 3708, 200, 485, 29
93, 3709, 200, 441, 24
93, 3710, 200, 530, 38
93, 3711, 200, 453, 27
93, 3712, 200, 450, 26
93, 3713, 200, 768, 23
93, 3714, 200, 966, 30
93, 3715, 200, 763, 17
93, 3716, 200, 546, 32
93, 3717, 200, 719, 18
93, 3718, 200, 504, 50
93, 3719, 200, 718, 39
94, 3720, 200, 549, 21
94, 3721, 200, 513, 27
94, 3722, 200, 375, 15
94, 3723, 200, 376, 30
94, 3724, 200, 560, 36
94, 3725, 200, 750, 39
94, 3726, 200, 652, 33
94, 3727, 200, 490, 31
94, 3728, 200, 558, 22
94, 3729, 200, 427, 28
94, 3730, 200, 476, 32
94, 3731, 200, 522, 18
94, 3732, 200, 578, 26
94, 3733, 200, 555, 28
94, 3734, 200, 367, 16
94, 3735, 200, 404, 19
94, 3736, 200, 403, 31
94, 3737, 200, 417, 18
94, 3738, 200, 447, 7
94, 3739, 200, 483, 19
94, 3740, 200, 446, 17
94, 3741, 200, 447, 35
94, 3742, 200, 419, 33
94, 3743, 200, 544, 16
94, 3744, 200, 383, 9
94, 3745, 200, 374, 8
94, 3746, 200, 361, 13
94, 3747, 200, 473, 18
94, 3748, 200, 419, 27
94, 3749, 200, 401, 13
94, 3750, 200, 368, 18
94, 3751, 200, 416, 21
94, 3752, 200, 313, 14
94, 3753, 200, 450, 27
94, 3754, 200, 520, 17
94, 3755, 200, 567, 23
94, 3756, 200, 381, 15
94, 3757, 200, 451, 10
94, 3758, 200, 473, 9
94, 3759, 200, 275, 8
95, 3760, 200, 477, 19
95, 3761, 200, 332, 12
95, 3762, 200, 562, 24
95, 3763, 200, 584, 26
95, 3764, 200, 537, 24
95, 3765, 200, 541, 21
95, 3766, 200, 405, 9
95, 3767, 200, 445, 6
95, 3768, 200, 475, 14
95, 3769, 200, 535, 26
95, 3770, 200, 692, 7
95, 3771, 200, 579, 20
95, 3772, 200, 523, 29
95, 3773, 200, 470, 19
95, 3774, 200, 437, 15
95, 3775, 200, 542, 24
95, 3776, 200, 400, 18
95, 3777, 200, 574, 23
95, 3778, 200, 682, 31
95, 3779, 200, 560, 26
95, 3780, 200, 642, 28
95, 3781, 200, 481, 21
95, 3782, 200, 726, 30
95, 3783, 200, 440, 26
95, 3784, 200, 497, 18
95, 3785, 200, 568, 17
95, 3786, 200, 850, 26
95, 3787, 200, 715, 30
95, 3788, 200, 602, 14
95, 3789, 200, 678, 22
95, 3790, 200, 643, 8
95, 3791, 200, 686, 20
95, 3792, 200, 881, 18
95, 3793, 200, 822, 18
95, 3794, 200, 465, 17
95, 3795, 200, 629, 11
95, 3796, 200, 391, 24
95, 3797, 200, 665, 20
95, 3798, 200, 691, 25
95, 3799, 200, 795, 18
96, 3800, 200, 616, 12
96, 3801, 200, 677, 10
96, 3802, 200, 579, 13
96, 3803, 200, 623, 14
96, 3804, 200, 614, 9
96, 3805, 200, 637, 13
96, 3806, 200, 661, 8
96, 3807, 200, 638, 20
96, 3808, 200, 573, 27
96, 3809, 200, 507, 32
96, 3810, 200, 501, 45
96, 3811, 200, 824, 45
96, 3812, 200, 528, 16
96, 3813, 200, 681, 27
96, 3814, 200, 531, 23
96, 3815, 200, 477, 14
96, 3816, 200, 404, 18
96, 3817, 200, 507, 18
96, 3818, 200, 600, 14
96, 3819, 200, 389, 40
96, 3820, 200, 567, 40
96, 3821, 200, 407, 23
96, 3822, 200, 401, 26
96, 3823, 200, 322, 15
96, 3824, 200, 269, 24
96, 3825, 200, 277, 16
96, 3826, 200, 380, 31
96, 3827, 200, 789, 22
96, 3828, 200, 597, 11
96, 3829, 200, 589, 10
96, 3830, 200, 532, 8
96, 3831, 200, 493, 19
96, 3832, 200, 386, 16
96, 3833, 200, 490, 17
96, 3834, 200, 396, 9
96, 3835, 200, 447, 16
96, 3836, 200, 485, 26
96, 3837, 200, 526, 36
96, 3838, 200, 433, 16
96, 3839, 200, 470, 11
97, 3840, 200, 373, 20
97, 3841, 200, 447, 21
97, 3842, 200, 389, 16
97, 3843, 200, 399, 15
97, 3844, 200, 293, 6
97, 3845, 200, 373, 19
97, 3846, 200, 320, 21
97, 3847, 200, 244, 12
97, 3848, 200, 191, 5
97, 3849, 200, 385, 8
97, 3850, 200, 333, 18
97, 3851, 200, 332, 16
97, 3852, 200, 315, 16
97, 3853, 200, 481, 29
97, 3854, 200, 424, 19
97, 3855, 200, 419, 11
97, 3856, 200, 355, 18
97, 3857, 200, 354, 30
97, 3858, 200, 455, 19
97, 3859, 200, 365, 14
97, 3860, 200, 533, 8
97, 3861, 200, 598, 7
97, 3862, 200, 417, 9
97, 3863, 200, 626, 25
97, 3864, 200, 522, 22
97, 3865, 200, 587, 21
97, 3866, 200, 608, 22
97, 3867, 200, 649, 18
97, 3868, 200, 446, 22
97, 3869, 200, 410, 10
97, 3870, 200, 501, 28
97, 3871, 200, 547, 23
97, 3872, 200, 448, 19
97, 3873, 200, 400, 11
97, 3874, 200, 423, 31
97, 3875, 200, 333, 13
97, 3876, 200, 364, 13
97, 3877, 200, 474, 19
97, 3878, 200, 496, 26
97, 3879, 200, 440, 24
98, 3880, 200, 599, 31
98, 3881, 200, 576, 13
98, 3882, 200, 474, 12
98, 3883, 200, 347, 16
98, 3884, 200, 321, 13
98, 3885, 200, 307, 19
98, 3886, 200, 481, 14
98, 3887, 200, 316, 19
98, 3888, 200, 448, 35
98, 3889, 200, 395, 21
98, 3890, 200, 350, 13
98, 3891, 200, 432, 9
98, 3892, 200, 284, 11
98, 3893, 200, 394, 19
98, 3894, 200, 366, 16
98, 3895, 200, 473, 22
98, 3896, 200, 513, 14
98, 3897, 200, 641, 21
98, 3898, 200, 401, 16
98, 3899, 200, 359, 13
98, 3900, 200, 423, 17
98, 3901, 200, 468, 28
98, 3902, 200, 489, 26
98, 3903, 200, 406, 33
98, 3904, 200, 573, 32
98, 3905, 200, 390, 14
98, 3906, 200, 384, 6
98, 3907, 200, 591, 16
98, 3908, 200, 507, 13
98, 3909, 200, 339, 20
98, 3910, 200, 351, 26
98, 3911, 200, 285, 18
98, 3912, 200, 301, 19
98, 3913, 200, 392, 26
98, 3914, 200, 373, 30
98, 3915, 200, 438, 22
98, 3916, 200, 379, 38
98, 3917, 200, 466, 11
98, 3918, 200, 673, 17
98, 3919, 200, 705, 20
99, 3920, 200, 695, 17
99, 3921, 200, 541, 17
99, 3922, 200, 591, 19
99, 3923, 200, 683, 23
99, 3924, 200, 463, 26
99, 3925, 200, 350, 13
99, 3926, 200, 451, 15
99, 3927, 200, 620, 21
99, 3928, 200, 673, 16
99, 3929, 200, 614, 13
99, 3930, 200, 603, 5
99, 3931, 200, 461, 24
99, 3932, 200, 645, 23
99, 3933, 200, 477, 13
99, 3934, 200, 475, 13
99, 3935, 200, 405, 12
99, 3936, 200, 514, 27
99, 3937, 200, 513, 11
99, 3938, 200, 441, 6
99, 3939, 200, 340, 5
99, 3940, 200, 320, 6
99, 3941, 200, 406, 19
99, 3942, 200, 356, 11
99, 3943, 200, 353, 18
99, 3944, 200, 341, 17
99, 3945, 200, 266, 7
99, 3946, 200, 287, 6
99, 3947, 200, 298, 3
99, 3948, 200, 336, 13
99, 3949, 200, 334, 13
99, 3950, 200, 355, 15
99, 3951, 200, 405, 19
99, 3952, 200, 392, 18
99, 3953, 200, 280, 15
99, 3954, 200, 567, 15
99, 3955, 200, 381, 22
99, 3956, 200, 495, 22
99, 3957, 200, 466, 16
99, 3958, 200, 405, 18
99, 3959, 200, 355, 4
100, 3960, 200, 375, 7
100, 3961, 200, 348, 17
100, 3962, 200, 301, 10
100, 3963, 200, 379, 10
100, 3964, 200, 428, 11
100, 3965, 200, 659, 20
100, 3966, 200, 494, 11
100, 3967, 200, 517, 26
100, 3968, 200, 836, 19
100, 3969, 200, 571, 15
100, 3970, 200, 554, 20
100, 3971, 200, 568, 17
100, 3972, 200, 588, 21
100, 3973, 200, 635, 18
100, 3974, 200, 593, 17
100, 3975, 200, 665, 22
100, 3976, 200, 733, 28
100, 3977, 200, 749, 31
100, 3978, 200, 843, 27
100, 3979, 200, 855, 20
100, 3980, 200, 672, 18
100, 3981, 200, 688, 28
100, 3982, 200, 664, 37
100, 3983, 200, 746, 35
100, 3984, 200, 736, 44
100, 3985, 200, 707, 26
100, 3986, 200, 651, 20
100, 3987, 200, 604, 24
100, 3988, 200, 561, 25
100, 3989, 200, 525, 18
100, 3990, 200, 474, 8
100, 3991, 200, 604, 11
100, 3992, 200, 490, 12
100, 3993, 200, 852, 25
100, 3994, 200, 1032, 24
100, 3995, 200, 1022, 16
100, 3996, 200, 643, 21
100, 3997, 200, 441, 15
100, 3998, 200, 621, 15
100, 3999, 200, 580, 25
