1, 0, 200, 69, 130
1, 1, 200, 63, 61
1, 2, 200, 11, 6
1, 3, 200, 33, 23
1, 4, 200, 81, 48
1, 5, 200, 92, 83
1, 6, 200, 46, 45
1, 7, 200, 194, 94
1, 8, 200, 0, 0
1, 9, 200, 0, 0
1, 10, 200, 0, 0
1, 11, 200, 0, 0
1, 12, 200, 2, 4
1, 13, 200, 0, 0
1, 14, 200, 27, 7
1, 15, 200, 0, 2
1, 16, 200, 0, 0
1, 17, 200, 57, 14
1, 18, 200, 0, 0
1, 19, 200, 0, 0
1, 20, 200, 0, 8
1, 21, 200, 20, 6
1, 22, 200, 0, 0
1, 23, 200, 145, 56
1, 24, 200, 162, 83
1, 25, 200, 29, 5
1, 26, 200, 516, 108
1, 27, 200, 603, 47
1, 28, 200, 1303, 56
1, 29, 200, 2130, 83
1, 30, 200, 1857, 128
1, 31, 200, 1165, 83
1, 32, 200, 2700, 249
1, 33, 200, 1509, 85
1, 34, 200, 1734, 94
1, 35, 200, 1884, 107
1, 36, 200, 1194, 31
1, 37, 200, 1569, 87
1, 38, 200, 2169, 105
1, 39, 200, 2313, 74
2, 40, 200, 2137, 154
2, 41, 200, 1484, 139
2, 42, 200, 1363, 65
2, 43, 200, 2054, 141
2, 44, 200, 2291, 100
2, 45, 200, 1902, 123
2, 46, 200, 3219, 173
2, 47, 200, 3352, 248
2, 48, 200, 4673, 352
2, 49, 200, 4727, 392
2, 50, 200, 5466, 442
2, 51, 200, 4088, 316
2, 52, 200, 4072, 334
2, 53, 200, 3759, 276
2, 54, 200, 3254, 217
2, 55, 200, 3321, 228
2, 56, 200, 3875, 343
2, 57, 200, 3626, 283
2, 58, 200, 3258, 210
2, 59, 200, 2845, 224
2, 60, 200, 2923, 108
2, 61, 200, 2534, 157
2, 62, 200, 2124, 134
2, 63, 200, 3008, 135
2, 64, 200, 2958, 155
2, 65, 200, 2391, 123
2, 66, 200, 2394, 141
2, 67, 200, 1955, 141
2, 68, 200, 2540, 114
2, 69, 200, 2576, 80
2, 70, 200, 2408, 83
2, 71, 200, 2318, 105
2, 72, 200, 2275, 96
2, 73, 200, 2232, 107
2, 74, 200, 2184, 100
2, 75, 200, 2934, 104
2, 76, 200, 2785, 129
2, 77, 200, 2900, 115
2, 78, 200, 2920, 134
2, 79, 200, 3147, 120
3, 80, 200, 2254, 94
3, 81, 200, 2309, 79
3, 82, 200, 2467, 134
3, 83, 200, 2523, 86
3, 84, 200, 2368, 97
3, 85, 200, 2560, 114
3, 86, 200, 2434, 89
3, 87, 200, 2737, 109
3, 88, 200, 2014, 56
3, 89, 200, 2024, 88
3, 90, 200, 2278, 80
3, 91, 200, 2356, 88
3, 92, 200, 2107, 76
3, 93, 200, 2257, 64
3, 94, 200, 2582, 105
3, 95, 200, 2091, 67
3, 96, 200, 2228, 82
3, 97, 200, 2135, 62
3, 98, 200, 2308, 107
3, 99, 200, 2196, 79
3, 100, 200, 2099, 89
3, 101, 200, 2028, 61
3, 102, 200, 1533, 58
3, 103, 200, 1825, 60
3, 104, 200, 2093, 75
3, 105, 200, 2034, 66
3, 106, 200, 2523, 99
3, 107, 200, 2384, 62
3, 108, 200, 2373, 97
3, 109, 200, 2133, 80
3, 110, 200, 2135, 71
3, 111, 200, 2496, 85
3, 112, 200, 2166, 89
3, 113, 200, 2083, 81
3, 114, 200, 1913, 60
3, 115, 200, 1940, 37
3, 116, 200, 1888, 71
3, 117, 200, 1475, 60
3, 118, 200, 1595, 32
3, 119, 200, 2097, 77
4, 120, 200, 1627, 54
4, 121, 200, 1539, 76
4, 122, 200, 1912, 72
4, 123, 200, 2226, 92
4, 124, 200, 2069, 67
4, 125, 200, 2136, 72
4, 126, 200, 2241, 77
4, 127, 200, 1836, 75
4, 128, 200, 1711, 37
4, 129, 200, 1764, 44
4, 130, 200, 2148, 56
4, 131, 200, 2342, 76
4, 132, 200, 1684, 43
4, 133, 200, 1955, 54
4, 134, 200, 2029, 62
4, 135, 200, 1701, 42
4, 136, 200, 1542, 57
4, 137, 200, 2179, 84
4, 138, 200, 2098, 66
4, 139, 200, 1893, 51
4, 140, 200, 1554, 47
4, 141, 200, 1911, 57
4, 142, 200, 1483, 40
4, 143, 200, 2013, 50
4, 144, 200, 2164, 64
4, 145, 200, 1811, 97
4, 146, 200, 1973, 63
4, 147, 200, 2300, 88
4, 148, 200, 1823, 69
4, 149, 200, 2312, 53
4, 150, 200, 2060, 67
4, 151, 200, 1568, 33
4, 152, 200, 1364, 45
4, 153, 200, 1667, 66
4, 154, 200, 1685, 44
4, 155, 200, 1408, 37
4, 156, 200, 1292, 30
4, 157, 200, 1415, 57
4, 158, 200, 1698, 70
4, 159, 200, 1667, 70
5, 160, 200, 1740, 68
5, 161, 200, 1554, 43
5, 162, 200, 1976, 54
5, 163, 200, 1431, 32
5, 164, 200, 1608, 89
5, 165, 200, 1924, 68
5, 166, 200, 2076, 82
5, 167, 200, 2438, 99
5, 168, 200, 2627, 83
5, 169, 200, 1527, 56
5, 170, 200, 1232, 60
5, 171, 200, 1618, 67
5, 172, 200, 1609, 73
5, 173, 200, 1634, 115
5, 174, 200, 1778, 94
5, 175, 200, 1592, 59
5, 176, 200, 1926, 80
5, 177, 200, 2227, 113
5, 178, 200, 1671, 36
5, 179, 200, 1522, 63
5, 180, 200, 1403, 68
5, 181, 200, 1520, 58
5, 182, 200, 1256, 53
5, 183, 200, 1391, 66
5, 184, 200, 1259, 63
5, 185, 200, 1070, 58
5, 186, 200, 1845, 54
5, 187, 200, 1594, 72
5, 188, 200, 1478, 70
5, 189, 200, 1361, 44
5, 190, 200, 1375, 66
5, 191, 200, 1662, 75
5, 192, 200, 1756, 57
5, 193, 200, 1454, 66
5, 194, 200, 1391, 60
5, 195, 200, 1308, 57
5, 196, 200, 1803, 53
5, 197, 200, 2035, 81
5, 198, 200, 2210, 86
5, 199, 200, 1737, 60
6, 200, 200, 1101, 68
6, 201, 200, 1156, 39
6, 202, 200, 1221, 71
6, 203, 200, 967, 50
6, 204, 200, 963, 41
6, 205, 200, 1213, 65
6, 206, 200, 1372, 54
6, 207, 200, 1347, 52
6, 208, 200, 1069, 51
6, 209, 200, 1455, 63
6, 210, 200, 1723, 71
6, 211, 200, 1363, 63
6, 212, 200, 1331, 82
6, 213, 200, 1555, 65
6, 214, 200, 1700, 70
6, 215, 200, 1481, 91
6, 216, 200, 1855, 90
6, 217, 200, 2030, 105
6, 218, 200, 1662, 71
6, 219, 200, 1520, 74
6, 220, 200, 1691, 69
6, 221, 200, 2402, 95
6, 222, 200, 1996, 82
6, 223, 200, 1640, 69
6, 224, 200, 1626, 41
6, 225, 200, 1767, 64
6, 226, 200, 1416, 65
6, 227, 200, 1624, 81
6, 228, 200, 1480, 57
6, 229, 200, 1524, 102
6, 230, 200, 1644, 67
6, 231, 200, 1836, 79
6, 232, 200, 1444, 49
6, 233, 200, 1685, 50
6, 234, 200, 1558, 57
6, 235, 200, 1811, 62
6, 236, 200, 1822, 57
6, 237, 200, 1213, 40
6, 238, 200, 1516, 36
6, 239, 200, 1751, 61
7, 240, 200, 1169, 33
7, 241, 200, 1368, 38
7, 242, 200, 1561, 47
7, 243, 200, 1310, 44
7, 244, 200, 1248, 37
7, 245, 200, 1522, 63
7, 246, 200, 1451, 47
7, 247, 200, 1206, 55
7, 248, 200, 1417, 67
7, 249, 200, 1787, 42
7, 250, 200, 1532, 62
7, 251, 200, 1607, 58
7, 252, 200, 1810, 42
7, 253, 200, 1556, 49
7, 254, 200, 1619, 64
7, 255, 200, 1451, 39
7, 256, 200, 1349, 23
7, 257, 200, 1543, 57
7, 258, 200, 1691, 51
7, 259, 200, 1707, 57
7, 260, 200, 1819, 44
7, 261, 200, 1516, 49
7, 262, 200, 1352, 49
7, 263, 200, 1927, 44
7, 264, 200, 1377, 30
7, 265, 200, 1312, 43
7, 266, 200, 992, 31
7, 267, 200, 978, 49
7, 268, 200, 1462, 49
7, 269, 200, 1472, 42
7, 270, 200, 1737, 50
7, 271, 200, 1920, 61
7, 272, 200, 2116, 57
7, 273, 200, 1596, 33
7, 274, 200, 1703, 72
7, 275, 200, 1417, 59
7, 276, 200, 1544, 31
7, 277, 200, 1450, 31
7, 278, 200, 1640, 58
7, 279, 200, 1310, 45
8, 280, 200, 2017, 59
8, 281, 200, 1708, 48
8, 282, 200, 1446, 32
8, 283, 200, 1885, 31
8, 284, 200, 1477, 25
8, 285, 200, 1459, 42
8, 286, 200, 1915, 55
8, 287, 200, 1885, 59
8, 288, 200, 1816, 40
8, 289, 200, 1944, 48
8, 290, 200, 1688, 58
8, 291, 200, 2083, 69
8, 292, 200, 1458, 48
8, 293, 200, 1535, 42
8, 294, 200, 1545, 55
8, 295, 200, 1318, 73
8, 296, 200, 1547, 50
8, 297, 200, 1767, 39
8, 298, 200, 1763, 57
8, 299, 200, 1571, 43
8, 300, 200, 1363, 60
8, 301, 200, 1338, 50
8, 302, 200, 1648, 62
8, 303, 200, 2214, 55
8, 304, 200, 1315, 46
8, 305, 200, 1289, 26
8, 306, 200, 1299, 36
8, 307, 200, 1433, 50
8, 308, 200, 1608, 84
8, 309, 200, 1891, 57
8, 310, 200, 1831, 60
8, 311, 200, 1401, 47
8, 312, 200, 1288, 34
8, 313, 200, 1203, 52
8, 314, 200, 1501, 55
8, 315, 200, 1081, 45
8, 316, 200, 1202, 32
8, 317, 200, 1081, 31
8, 318, 200, 1350, 46
8, 319, 200, 1973, 76
9, 320, 200, 1450, 51
9, 321, 200, 1377, 51
9, 322, 200, 1321, 54
9, 323, 200, 1437, 49
9, 324, 200, 1712, 69
9, 325, 200, 2137, 75
9, 326, 200, 1522, 60
9, 327, 200, 1552, 49
9, 328, 200, 1584, 47
9, 329, 200, 1458, 35
9, 330, 200, 1658, 62
9, 331, 200, 1502, 43
9, 332, 200, 1695, 50
9, 333, 200, 1991, 87
9, 334, 200, 1692, 55
9, 335, 200, 1890, 54
9, 336, 200, 1493, 51
9, 337, 200, 1631, 51
9, 338, 200, 1482, 40
9, 339, 200, 1563, 51
9, 340, 200, 1317, 55
9, 341, 200, 1285, 35
9, 342, 200, 1726, 40
9, 343, 200, 1658, 41
9, 344, 200, 1423, 33
9, 345, 200, 1444, 46
9, 346, 200, 1233, 50
9, 347, 200, 1410, 47
9, 348, 200, 1397, 36
9, 349, 200, 1308, 34
9, 350, 200, 1060, 41
9, 351, 200, 1109, 52
9, 352, 200, 1113, 38
9, 353, 200, 1445, 30
9, 354, 200, 1445, 26
9, 355, 200, 1326, 40
9, 356, 200, 1787, 65
9, 357, 200, 1844, 76
9, 358, 200, 1511, 58
9, 359, 200, 1424, 46
10, 360, 200, 1789, 40
10, 361, 200, 1232, 36
10, 362, 200, 1264, 47
10, 363, 200, 1404, 39
10, 364, 200, 1476, 55
10, 365, 200, 1603, 28
10, 366, 200, 1419, 25
10, 367, 200, 1049, 25
10, 368, 200, 1447, 30
10, 369, 200, 1357, 31
10, 370, 200, 1407, 40
10, 371, 200, 1563, 56
10, 372, 200, 1661, 70
10, 373, 200, 1631, 45
10, 374, 200, 1669, 45
10, 375, 200, 1768, 82
10, 376, 200, 1746, 56
10, 377, 200, 2136, 67
10, 378, 200, 1930, 44
10, 379, 200, 1410, 49
10, 380, 200, 1458, 54
10, 381, 200, 991, 53
10, 382, 200, 1008, 53
10, 383, 200, 1259, 81
10, 384, 200, 1177, 52
10, 385, 200, 1671, 82
10, 386, 200, 1124, 37
10, 387, 200, 1360, 55
10, 388, 200, 1798, 82
10, 389, 200, 1297, 66
10, 390, 200, 1405, 48
10, 391, 200, 1404, 73
10, 392, 200, 1480, 75
10, 393, 200, 1372, 50
10, 394, 200, 1589, 59
10, 395, 200, 1470, 76
10, 396, 200, 1444, 69
10, 397, 200, 1754, 59
10, 398, 200, 2079, 90
10, 399, 200, 1940, 59
11, 400, 200, 1407, 53
11, 401, 200, 1521, 71
11, 402, 200, 1741, 80
11, 403, 200, 1599, 49
11, 404, 200, 1228, 50
11, 405, 200, 1697, 68
11, 406, 200, 1687, 70
11, 407, 200, 1976, 87
11, 408, 200, 1671, 82
11, 409, 200, 1682, 61
11, 410, 200, 1615, 47
11, 411, 200, 1802, 43
11, 412, 200, 1464, 56
11, 413, 200, 1561, 53
11, 414, 200, 1742, 55
11, 415, 200, 1556, 69
11, 416, 200, 1914, 51
11, 417, 200, 1338, 47
11, 418, 200, 2081, 55
11, 419, 200, 2098, 68
11, 420, 200, 1703, 80
11, 421, 200, 2063, 73
11, 422, 200, 1957, 43
11, 423, 200, 1609, 54
11, 424, 200, 1328, 47
11, 425, 200, 1231, 40
11, 426, 200, 1345, 38
11, 427, 200, 1529, 74
11, 428, 200, 1765, 68
11, 429, 200, 1384, 40
11, 430, 200, 1301, 46
11, 431, 200, 1928, 65
11, 432, 200, 1674, 50
11, 433, 200, 1566, 62
11, 434, 200, 1728, 41
11, 435, 200, 1899, 37
11, 436, 200, 1779, 35
11, 437, 200, 2148, 63
11, 438, 200, 1840, 38
11, 439, 200, 1507, 25
12, 440, 200, 1582, 27
12, 441, 200, 1512, 42
12, 442, 200, 1534, 47
12, 443, 200, 1626, 53
12, 444, 200, 1768, 44
12, 445, 200, 1601, 58
12, 446, 200, 1318, 43
12, 447, 200, 1220, 39
12, 448, 200, 1449, 54
12, 449, 200, 1416, 35
12, 450, 200, 1427, 49
12, 451, 200, 1138, 50
12, 452, 200, 1320, 49
12, 453, 200, 1265, 35
12, 454, 200, 1613, 37
12, 455, 200, 1546, 49
12, 456, 200, 1170, 41
12, 457, 200, 1656, 47
12, 458, 200, 1762, 55
12, 459, 200, 1568, 47
12, 460, 200, 1240, 60
12, 461, 200, 1595, 57
12, 462, 200, 1356, 44
12, 463, 200, 1474, 48
12, 464, 200, 1451, 84
12, 465, 200, 1126, 48
12, 466, 200, 1012, 56
12, 467, 200, 1265, 52
12, 468, 200, 1295, 45
12, 469, 200, 1491, 67
12, 470, 200, 1197, 58
12, 471, 200, 1411, 55
12, 472, 200, 1496, 55
12, 473, 200, 1533, 39
12, 474, 200, 1723, 49
12, 475, 200, 1760, 78
12, 476, 200, 1768, 58
12, 477, 200, 1553, 63
12, 478, 200, 1815, 55
12, 479, 200, 1898, 48
13, 480, 200, 1362, 51
13, 481, 200, 1684, 64
13, 482, 200, 1712, 61
13, 483, 200, 1603, 78
13, 484, 200, 1762, 72
13, 485, 200, 1975, 84
13, 486, 200, 1757, 88
13, 487, 200, 1725, 74
13, 488, 200, 1894, 76
13, 489, 200, 1757, 53
13, 490, 200, 1639, 60
13, 491, 200, 1277, 50
13, 492, 200, 2159, 61
13, 493, 200, 1949, 72
13, 494, 200, 2040, 70
13, 495, 200, 1563, 33
13, 496, 200, 1698, 52
13, 497, 200, 1475, 39
13, 498, 200, 1157, 20
13, 499, 200, 1077, 29
13, 500, 200, 1311, 39
13, 501, 200, 1145, 52
13, 502, 200, 1133, 53
13, 503, 200, 1311, 42
13, 504, 200, 1644, 53
13, 505, 200, 1187, 46
13, 506, 200, 1535, 31
13, 507, 200, 1498, 50
13, 508, 200, 1436, 50
13, 509, 200, 1954, 64
13, 510, 200, 1755, 73
13, 511, 200, 1745, 61
13, 512, 200, 1937, 67
13, 513, 200, 1603, 80
13, 514, 200, 1975, 65
13, 515, 200, 1734, 57
13, 516, 200, 1858, 89
13, 517, 200, 1732, 60
13, 518, 200, 1763, 84
13, 519, 200, 1275, 72
14, 520, 200, 1276, 55
14, 521, 200, 1132, 79
14, 522, 200, 1252, 56
14, 523, 200, 1474, 68
14, 524, 200, 1657, 47
14, 525, 200, 1042, 62
14, 526, 200, 1129, 54
14, 527, 200, 1680, 80
14, 528, 200, 1068, 54
14, 529, 200, 969, 46
14, 530, 200, 1206, 34
14, 531, 200, 1303, 65
14, 532, 200, 1610, 35
14, 533, 200, 1344, 49
14, 534, 200, 1676, 65
14, 535, 200, 1353, 30
14, 536, 200, 1441, 51
14, 537, 200, 2104, 58
14, 538, 200, 1872, 73
14, 539, 200, 1596, 55
14, 540, 200, 1321, 50
14, 541, 200, 1444, 67
14, 542, 200, 1475, 65
14, 543, 200, 1557, 50
14, 544, 200, 1299, 49
14, 545, 200, 1305, 65
14, 546, 200, 1448, 40
14, 547, 200, 1117, 52
14, 548, 200, 1330, 64
14, 549, 200, 1405, 53
14, 550, 200, 1569, 81
14, 551, 200, 1847, 71
14, 552, 200, 2056, 72
14, 553, 200, 1965, 66
14, 554, 200, 1229, 73
14, 555, 200, 1592, 89
14, 556, 200, 1782, 69
14, 557, 200, 1652, 49
14, 558, 200, 1894, 68
14, 559, 200, 1721, 51
15, 560, 200, 1309, 30
15, 561, 200, 1427, 39
15, 562, 200, 1245, 54
15, 563, 200, 1805, 82
15, 564, 200, 2280, 78
15, 565, 200, 1880, 82
15, 566, 200, 1935, 80
15, 567, 200, 1664, 51
15, 568, 200, 1381, 56
15, 569, 200, 1273, 63
15, 570, 200, 1490, 54
15, 571, 200, 1289, 58
15, 572, 200, 1258, 64
15, 573, 200, 1107, 34
15, 574, 200, 1526, 55
15, 575, 200, 1701, 87
15, 576, 200, 1458, 69
15, 577, 200, 1074, 39
15, 578, 200, 1222, 48
15, 579, 200, 1710, 72
15, 580, 200, 1242, 66
15, 581, 200, 1191, 70
15, 582, 200, 1142, 38
15, 583, 200, 1526, 55
15, 584, 200, 1316, 59
15, 585, 200, 1300, 47
15, 586, 200, 1428, 59
15, 587, 200, 1124, 48
15, 588, 200, 885, 32
15, 589, 200, 924, 48
15, 590, 200, 1060, 51
15, 591, 200, 1520, 88
15, 592, 200, 1243, 39
15, 593, 200, 1361, 55
15, 594, 200, 1146, 68
15, 595, 200, 1075, 63
15, 596, 200, 1411, 89
15, 597, 200, 1287, 70
15, 598, 200, 1071, 59
15, 599, 200, 1291, 86
16, 600, 200, 1376, 53
16, 601, 200, 1743, 92
16, 602, 200, 1553, 53
16, 603, 200, 1860, 67
16, 604, 200, 1199, 47
16, 605, 200, 1518, 74
16, 606, 200, 1509, 53
16, 607, 200, 1743, 74
16, 608, 200, 1497, 66
16, 609, 200, 1171, 69
16, 610, 200, 1433, 74
16, 611, 200, 1618, 80
16, 612, 200, 1641, 65
16, 613, 200, 1342, 40
16, 614, 200, 1149, 60
16, 615, 200, 1192, 34
16, 616, 200, 1512, 41
16, 617, 200, 1056, 27
16, 618, 200, 864, 51
16, 619, 200, 768, 48
16, 620, 200, 1189, 40
16, 621, 200, 1301, 54
16, 622, 200, 925, 55
16, 623, 200, 842, 32
16, 624, 200, 1291, 57
16, 625, 200, 1476, 64
16, 626, 200, 1472, 52
16, 627, 200, 1551, 64
16, 628, 200, 1649, 59
16, 629, 200, 1637, 59
16, 630, 200, 1658, 51
16, 631, 200, 1239, 35
16, 632, 200, 1731, 64
16, 633, 200, 1675, 65
16, 634, 200, 1459, 51
16, 635, 200, 1616, 60
16, 636, 200, 1358, 89
16, 637, 200, 1425, 63
16, 638, 200, 1232, 51
16, 639, 200, 1280, 58
17, 640, 200, 1676, 71
17, 641, 200, 1558, 84
17, 642, 200, 1592, 85
17, 643, 200, 1439, 71
17, 644, 200, 1302, 45
17, 645, 200, 1067, 60
17, 646, 200, 1391, 80
17, 647, 200, 1524, 76
17, 648, 200, 1966, 54
17, 649, 200, 1576, 36
17, 650, 200, 1664, 67
17, 651, 200, 1217, 65
17, 652, 200, 1177, 73
17, 653, 200, 1287, 59
17, 654, 200, 1643, 50
17, 655, 200, 1371, 66
17, 656, 200, 1728, 57
17, 657, 200, 1178, 53
17, 658, 200, 1626, 44
17, 659, 200, 1273, 54
17, 660, 200, 1660, 54
17, 661, 200, 1367, 57
17, 662, 200, 1943, 92
17, 663, 200, 1492, 52
17, 664, 200, 1355, 49
17, 665, 200, 1542, 60
17, 666, 200, 1787, 75
17, 667, 200, 1340, 60
17, 668, 200, 1419, 74
17, 669, 200, 1717, 62
17, 670, 200, 1444, 54
17, 671, 200, 1367, 42
17, 672, 200, 1708, 73
17, 673, 200, 1395, 55
17, 674, 200, 1627, 61
17, 675, 200, 1230, 49
17, 676, 200, 1443, 48
17, 677, 200, 1688, 96
17, 678, 200, 1449, 44
17, 679, 200, 1391, 41
18, 680, 200, 1371, 40
18, 681, 200, 1040, 33
18, 682, 200, 1480, 57
18, 683, 200, 1183, 54
18, 684, 200, 1145, 31
18, 685, 200, 1343, 67
18, 686, 200, 1314, 60
18, 687, 200, 1298, 64
18, 688, 200, 1466, 51
18, 689, 200, 1609, 59
18, 690, 200, 1246, 67
18, 691, 200, 1124, 49
18, 692, 200, 1740, 78
18, 693, 200, 1687, 55
18, 694, 200, 1562, 51
18, 695, 200, 1824, 86
18, 696, 200, 1766, 81
18, 697, 200, 2506, 100
18, 698, 200, 1656, 60
18, 699, 200, 2030, 53
18, 700, 200, 1907, 57
18, 701, 200, 2016, 113
18, 702, 200, 1603, 73
18, 703, 200, 1735, 80
18, 704, 200, 1555, 78
18, 705, 200, 1935, 104
18, 706, 200, 2149, 85
18, 707, 200, 1418, 60
18, 708, 200, 1394, 56
18, 709, 200, 1530, 53
18, 710, 200, 1899, 61
18, 711, 200, 1637, 69
18, 712, 200, 1478, 74
18, 713, 200, 1184, 53
18, 714, 200, 1706, 78
18, 715, 200, 2256, 84
18, 716, 200, 1713, 72
18, 717, 200, 1308, 55
18, 718, 200, 1406, 53
18, 719, 200, 1363, 56
19, 720, 200, 1487, 57
19, 721, 200, 1430, 85
19, 722, 200, 1435, 68
19, 723, 200, 1586, 64
19, 724, 200, 1260, 53
19, 725, 200, 1441, 40
19, 726, 200, 1321, 52
19, 727, 200, 1359, 57
19, 728, 200, 1818, 54
19, 729, 200, 1553, 59
19, 730, 200, 1145, 59
19, 731, 200, 1444, 49
19, 732, 200, 1577, 61
19, 733, 200, 1522, 77
19, 734, 200, 1105, 46
19, 735, 200, 1393, 64
19, 736, 200, 1905, 54
19, 737, 200, 1619, 57
19, 738, 200, 1734, 48
19, 739, 200, 1796, 62
19, 740, 200, 1584, 45
19, 741, 200, 1425, 59
19, 742, 200, 1670, 79
19, 743, 200, 1530, 48
19, 744, 200, 1441, 42
19, 745, 200, 1360, 82
19, 746, 200, 1282, 65
19, 747, 200, 1485, 63
19, 748, 200, 1162, 67
19, 749, 200, 1278, 50
19, 750, 200, 1683, 41
19, 751, 200, 1832, 50
19, 752, 200, 1425, 35
19, 753, 200, 1728, 66
19, 754, 200, 1880, 82
19, 755, 200, 1862, 79
19, 756, 200, 1560, 67
19, 757, 200, 1373, 57
19, 758, 200, 1527, 69
19, 759, 200, 1176, 49
20, 760, 200, 1287, 46
20, 761, 200, 1549, 69
20, 762, 200, 1399, 63
20, 763, 200, 1353, 36
20, 764, 200, 1463, 40
20, 765, 200, 1235, 46
20, 766, 200, 1174, 53
20, 767, 200, 1361, 48
20, 768, 200, 1610, 37
20, 769, 200, 1547, 70
20, 770, 200, 1251, 39
20, 771, 200, 1366, 84
20, 772, 200, 1177, 72
20, 773, 200, 917, 26
20, 774, 200, 1570, 77
20, 775, 200, 1350, 57
20, 776, 200, 956, 52
20, 777, 200, 1228, 52
20, 778, 200, 1499, 95
20, 779, 200, 1657, 62
20, 780, 200, 1475, 52
20, 781, 200, 1624, 42
20, 782, 200, 1884, 56
20, 783, 200, 1851, 39
20, 784, 200, 1527, 47
20, 785, 200, 1568, 61
20, 786, 200, 1144, 48
20, 787, 200, 1867, 69
20, 788, 200, 1170, 49
20, 789, 200, 1419, 46
20, 790, 200, 1602, 59
20, 791, 200, 1256, 35
20, 792, 200, 1051, 52
20, 793, 200, 1072, 49
20, 794, 200, 1600, 52
20, 795, 200, 1274, 44
20, 796, 200, 1108, 41
20, 797, 200, 1294, 49
20, 798, 200, 923, 42
20, 799, 200, 1147, 64
21, 800, 200, 1429, 48
21, 801, 200, 1616, 31
21, 802, 200, 1138, 46
21, 803, 200, 1317, 85
21, 804, 200, 1864, 66
21, 805, 200, 1352, 36
21, 806, 200, 1418, 49
21, 807, 200, 1949, 70
21, 808, 200, 1992, 68
21, 809, 200, 1727, 45
21, 810, 200, 1892, 64
21, 811, 200, 1322, 48
21, 812, 200, 2013, 77
21, 813, 200, 1456, 40
21, 814, 200, 1248, 40
21, 815, 200, 1351, 45
21, 816, 200, 1899, 58
21, 817, 200, 1872, 65
21, 818, 200, 1552, 53
21, 819, 200, 1643, 51
21, 820, 200, 1489, 44
21, 821, 200, 1624, 43
21, 822, 200, 1364, 42
21, 823, 200, 1414, 56
21, 824, 200, 1111, 52
21, 825, 200, 1189, 40
21, 826, 200, 1468, 47
21, 827, 200, 1706, 73
21, 828, 200, 1484, 53
21, 829, 200, 1524, 51
21, 830, 200, 1384, 38
21, 831, 200, 1326, 46
21, 832, 200, 1373, 48
21, 833, 200, 1785, 70
21, 834, 200, 1303, 55
21, 835, 200, 1796, 70
21, 836, 200, 1852, 71
21, 837, 200, 1648, 68
21, 838, 200, 1753, 45
21, 839, 200, 1226, 49
22, 840, 200, 1038, 34
22, 841, 200, 1338, 67
22, 842, 200, 1443, 49
22, 843, 200, 1272, 41
22, 844, 200, 1802, 59
22, 845, 200, 1275, 73
22, 846, 200, 1350, 73
22, 847, 200, 1868, 56
22, 848, 200, 1771, 53
22, 849, 200, 1291, 32
22, 850, 200, 1115, 25
22, 851, 200, 1277, 63
22, 852, 200, 1335, 66
22, 853, 200, 2285, 70
22, 854, 200, 2044, 66
22, 855, 200, 1507, 59
22, 856, 200, 1480, 44
22, 857, 200, 1371, 56
22, 858, 200, 1725, 33
22, 859, 200, 1745, 58
22, 860, 200, 1727, 62
22, 861, 200, 1678, 68
22, 862, 200, 1528, 48
22, 863, 200, 1239, 45
22, 864, 200, 1834, 57
22, 865, 200, 1435, 32
22, 866, 200, 1606, 51
22, 867, 200, 1742, 56
22, 868, 200, 1935, 58
22, 869, 200, 1552, 57
22, 870, 200, 1405, 57
22, 871, 200, 1462, 45
22, 872, 200, 1540, 53
22, 873, 200, 2038, 57
22, 874, 200, 1454, 47
22, 875, 200, 1467, 44
22, 876, 200, 1461, 48
22, 877, 200, 1368, 38
22, 878, 200, 1410, 57
22, 879, 200, 1569, 48
23, 880, 200, 1297, 33
23, 881, 200, 1829, 60
23, 882, 200, 1194, 29
23, 883, 200, 959, 54
23, 884, 200, 1471, 43
23, 885, 200, 1776, 37
23, 886, 200, 1560, 43
23, 887, 200, 1544, 44
23, 888, 200, 1587, 43
23, 889, 200, 1146, 42
23, 890, 200, 1688, 18
23, 891, 200, 1697, 54
23, 892, 200, 1201, 43
23, 893, 200, 1666, 54
23, 894, 200, 1316, 45
23, 895, 200, 1343, 56
23, 896, 200, 1495, 45
23, 897, 200, 1156, 40
23, 898, 200, 1441, 55
23, 899, 200, 1311, 52
23, 900, 200, 1706, 56
23, 901, 200, 1280, 47
23, 902, 200, 1193, 33
23, 903, 200, 1695, 53
23, 904, 200, 1346, 39
23, 905, 200, 1201, 39
23, 906, 200, 1541, 33
23, 907, 200, 1409, 46
23, 908, 200, 1356, 56
23, 909, 200, 1382, 55
23, 910, 200, 1919, 63
23, 911, 200, 1863, 53
23, 912, 200, 1200, 60
23, 913, 200, 1696, 83
23, 914, 200, 1709, 73
23, 915, 200, 1938, 79
23, 916, 200, 1729, 57
23, 917, 200, 1850, 67
23, 918, 200, 1478, 48
23, 919, 200, 1594, 70
24, 920, 200, 1357, 47
24, 921, 200, 1423, 56
24, 922, 200, 1513, 34
24, 923, 200, 1427, 53
24, 924, 200, 1554, 35
24, 925, 200, 1369, 43
24, 926, 200, 1280, 55
24, 927, 200, 1680, 51
24, 928, 200, 1840, 45
24, 929, 200, 2373, 41
24, 930, 200, 1508, 45
24, 931, 200, 1424, 55
24, 932, 200, 1579, 46
24, 933, 200, 2040, 65
24, 934, 200, 1504, 59
24, 935, 200, 1575, 39
24, 936, 200, 1720, 55
24, 937, 200, 1739, 72
24, 938, 200, 2261, 70
24, 939, 200, 1664, 63
24, 940, 200, 1506, 60
24, 941, 200, 1660, 68
24, 942, 200, 1443, 58
24, 943, 200, 1552, 56
24, 944, 200, 1858, 52
24, 945, 200, 1688, 60
24, 946, 200, 2019, 46
24, 947, 200, 1245, 33
24, 948, 200, 1105, 24
24, 949, 200, 1169, 50
24, 950, 200, 1083, 54
24, 951, 200, 942, 30
24, 952, 200, 1281, 44
24, 953, 200, 1417, 46
24, 954, 200, 1321, 47
24, 955, 200, 1231, 49
24, 956, 200, 1870, 54
24, 957, 200, 1648, 40
24, 958, 200, 1094, 47
24, 959, 200, 1053, 51
25, 960, 200, 1776, 75
25, 961, 200, 2256, 89
25, 962, 200, 1557, 37
25, 963, 200, 2334, 62
25, 964, 200, 2101, 75
25, 965, 200, 1920, 54
25, 966, 200, 1881, 71
25, 967, 200, 1490, 38
25, 968, 200, 1257, 36
25, 969, 200, 1474, 37
25, 970, 200, 1459, 35
25, 971, 200, 1131, 34
25, 972, 200, 1416, 42
25, 973, 200, 1840, 74
25, 974, 200, 1361, 39
25, 975, 200, 1681, 48
25, 976, 200, 1961, 59
25, 977, 200, 1563, 47
25, 978, 200, 1760, 53
25, 979, 200, 1788, 70
25, 980, 200, 1775, 51
25, 981, 200, 1201, 39
25, 982, 200, 1597, 36
25, 983, 200, 1476, 39
25, 984, 200, 1222, 35
25, 985, 200, 1283, 38
25, 986, 200, 1311, 38
25, 987, 200, 1406, 38
25, 988, 200, 1183, 23
25, 989, 200, 1040, 51
25, 990, 200, 1315, 45
25, 991, 200, 1765, 74
25, 992, 200, 1724, 50
25, 993, 200, 1405, 53
25, 994, 200, 2009, 31
25, 995, 200, 1925, 62
25, 996, 200, 2399, 79
25, 997, 200, 1942, 59
25, 998, 200, 1760, 52
25, 999, 200, 1397, 29
26, 1000, 200, 1366, 42
26, 1001, 200, 1551, 49
26, 1002, 200, 1695, 60
26, 1003, 200, 1856, 37
26, 1004, 200, 1971, 71
26, 1005, 200, 2103, 78
26, 1006, 200, 1844, 70
26, 1007, 200, 1796, 55
26, 1008, 200, 2536, 81
26, 1009, 200, 1832, 51
26, 1010, 200, 1658, 37
26, 1011, 200, 1378, 50
26, 1012, 200, 1918, 76
26, 1013, 200, 1413, 38
26, 1014, 200, 1562, 37
26, 1015, 200, 2009, 57
26, 1016, 200, 2064, 45
26, 1017, 200, 1708, 68
26, 1018, 200, 2159, 60
26, 1019, 200, 1569, 38
26, 1020, 200, 1538, 48
26, 1021, 200, 1692, 38
26, 1022, 200, 1626, 58
26, 1023, 200, 2043, 72
26, 1024, 200, 1967, 44
26, 1025, 200, 1715, 50
26, 1026, 200, 2093, 70
26, 1027, 200, 2347, 51
26, 1028, 200, 1983, 64
26, 1029, 200, 2137, 47
26, 1030, 200, 1766, 49
26, 1031, 200, 1662, 44
26, 1032, 200, 1701, 42
26, 1033, 200, 1534, 41
26, 1034, 200, 1721, 47
26, 1035, 200, 2112, 70
26, 1036, 200, 1689, 64
26, 1037, 200, 1505, 37
26, 1038, 200, 1947, 43
26, 1039, 200, 1548, 51
27, 1040, 200, 1723, 58
27, 1041, 200, 1443, 31
27, 1042, 200, 1449, 38
27, 1043, 200, 1698, 48
27, 1044, 200, 1289, 30
27, 1045, 200, 1758, 63
27, 1046, 200, 1820, 59
27, 1047, 200, 1689, 72
27, 1048, 200, 1233, 28
27, 1049, 200, 1265, 52
27, 1050, 200, 1660, 83
27, 1051, 200, 1585, 53
27, 1052, 200, 1804, 62
27, 1053, 200, 2140, 63
27, 1054, 200, 1674, 68
27, 1055, 200, 1888, 58
27, 1056, 200, 1695, 71
27, 1057, 200, 1827, 56
27, 1058, 200, 2279, 41
27, 1059, 200, 2127, 64
27, 1060, 200, 1856, 58
27, 1061, 200, 1749, 30
27, 1062, 200, 1805, 18
27, 1063, 200, 1192, 26
27, 1064, 200, 1085, 29
27, 1065, 200, 1337, 49
27, 1066, 200, 1451, 33
27, 1067, 200, 1767, 56
27, 1068, 200, 1093, 30
27, 1069, 200, 1254, 32
27, 1070, 200, 1325, 20
27, 1071, 200, 1496, 40
27, 1072, 200, 1434, 47
27, 1073, 200, 1276, 31
27, 1074, 200, 1472, 53
27, 1075, 200, 1434, 25
27, 1076, 200, 1716, 65
27, 1077, 200, 1336, 28
27, 1078, 200, 1286, 43
27, 1079, 200, 1577, 62
28, 1080, 200, 1709, 57
28, 1081, 200, 992, 48
28, 1082, 200, 1367, 48
28, 1083, 200, 1619, 69
28, 1084, 200, 1549, 56
28, 1085, 200, 1380, 47
28, 1086, 200, 1420, 39
28, 1087, 200, 1672, 30
28, 1088, 200, 1462, 30
28, 1089, 200, 1245, 46
28, 1090, 200, 807, 23
28, 1091, 200, 1534, 58
28, 1092, 200, 1507, 56
28, 1093, 200, 1842, 47
28, 1094, 200, 1750, 49
28, 1095, 200, 1450, 49
28, 1096, 200, 1451, 45
28, 1097, 200, 1331, 56
28, 1098, 200, 2107, 43
28, 1099, 200, 1425, 40
28, 1100, 200, 1657, 58
28, 1101, 200, 1685, 51
28, 1102, 200, 1677, 53
28, 1103, 200, 1682, 71
28, 1104, 200, 1579, 43
28, 1105, 200, 1393, 38
28, 1106, 200, 1758, 45
28, 1107, 200, 1743, 34
28, 1108, 200, 1871, 43
28, 1109, 200, 1324, 32
28, 1110, 200, 1765, 53
28, 1111, 200, 1715, 56
28, 1112, 200, 1355, 55
28, 1113, 200, 1359, 39
28, 1114, 200, 1095, 47
28, 1115, 200, 1044, 38
28, 1116, 200, 1458, 63
28, 1117, 200, 1282, 39
28, 1118, 200, 1172, 31
28, 1119, 200, 1300, 52
29, 1120, 200, 1242, 62
29, 1121, 200, 1310, 67
29, 1122, 200, 1443, 53
29, 1123, 200, 1660, 64
29, 1124, 200, 1434, 60
29, 1125, 200, 1561, 67
29, 1126, 200, 1277, 42
29, 1127, 200, 1707, 54
29, 1128, 200, 1363, 57
29, 1129, 200, 1065, 41
29, 1130, 200, 1573, 57
29, 1131, 200, 1508, 74
29, 1132, 200, 1383, 74
29, 1133, 200, 1227, 46
29, 1134, 200, 1464, 67
29, 1135, 200, 1557, 46
29, 1136, 200, 1317, 71
29, 1137, 200, 1291, 48
29, 1138, 200, 1062, 42
29, 1139, 200, 1197, 62
29, 1140, 200, 1642, 62
29, 1141, 200, 1493, 41
29, 1142, 200, 1352, 52
29, 1143, 200, 1542, 47
29, 1144, 200, 1528, 64
29, 1145, 200, 1882, 53
29, 1146, 200, 2461, 82
29, 1147, 200, 1281, 39
29, 1148, 200, 1679, 50
29, 1149, 200, 1710, 46
29, 1150, 200, 2190, 67
29, 1151, 200, 2008, 59
29, 1152, 200, 2153, 81
29, 1153, 200, 1712, 56
29, 1154, 200, 1905, 52
29, 1155, 200, 1394, 33
29, 1156, 200, 1644, 42
29, 1157, 200, 1453, 47
29, 1158, 200, 1625, 47
29, 1159, 200, 1305, 40
30, 1160, 200, 1363, 44
30, 1161, 200, 1253, 60
30, 1162, 200, 1731, 58
30, 1163, 200, 1768, 48
30, 1164, 200, 1730, 76
30, 1165, 200, 1499, 41
30, 1166, 200, 1384, 44
30, 1167, 200, 1583, 57
30, 1168, 200, 1804, 74
30, 1169, 200, 1835, 51
30, 1170, 200, 1146, 56
30, 1171, 200, 1767, 46
30, 1172, 200, 1697, 64
30, 1173, 200, 1022, 34
30, 1174, 200, 1239, 56
30, 1175, 200, 1175, 51
30, 1176, 200, 1392, 49
30, 1177, 200, 1520, 57
30, 1178, 200, 1525, 62
30, 1179, 200, 1952, 43
30, 1180, 200, 1758, 35
30, 1181, 200, 1275, 36
30, 1182, 200, 1750, 54
30, 1183, 200, 2256, 78
30, 1184, 200, 1719, 58
30, 1185, 200, 1844, 53
30, 1186, 200, 2103, 94
30, 1187, 200, 2023, 49
30, 1188, 200, 1924, 62
30, 1189, 200, 1620, 66
30, 1190, 200, 1879, 61
30, 1191, 200, 2120, 27
30, 1192, 200, 1913, 61
30, 1193, 200, 2121, 46
30, 1194, 200, 2280, 54
30, 1195, 200, 2166, 81
30, 1196, 200, 2194, 64
30, 1197, 200, 2089, 51
30, 1198, 200, 2459, 47
30, 1199, 200, 2356, 48
31, 1200, 200, 2300, 53
31, 1201, 200, 1623, 46
31, 1202, 200, 2176, 54
31, 1203, 200, 2145, 47
31, 1204, 200, 1832, 49
31, 1205, 200, 2206, 57
31, 1206, 200, 2121, 66
31, 1207, 200, 1824, 68
31, 1208, 200, 1838, 39
31, 1209, 200, 1556, 50
31, 1210, 200, 1680, 49
31, 1211, 200, 1617, 47
31, 1212, 200, 1922, 52
31, 1213, 200, 1260, 36
31, 1214, 200, 1462, 34
31, 1215, 200, 1343, 44
31, 1216, 200, 1287, 55
31, 1217, 200, 1284, 42
31, 1218, 200, 1127, 34
31, 1219, 200, 1439, 56
31, 1220, 200, 1388, 32
31, 1221, 200, 1451, 26
31, 1222, 200, 1539, 46
31, 1223, 200, 1816, 93
31, 1224, 200, 1767, 58
31, 1225, 200, 1418, 62
31, 1226, 200, 1999, 75
31, 1227, 200, 1921, 91
31, 1228, 200, 1557, 43
31, 1229, 200, 1608, 59
31, 1230, 200, 1889, 73
31, 1231, 200, 1321, 37
31, 1232, 200, 1625, 70
31, 1233, 200, 1678, 61
31, 1234, 200, 1460, 72
31, 1235, 200, 1825, 58
31, 1236, 200, 1474, 48
31, 1237, 200, 1427, 72
31, 1238, 200, 1574, 63
31, 1239, 200, 1746, 64
32, 1240, 200, 1981, 86
32, 1241, 200, 1837, 87
32, 1242, 200, 1542, 43
32, 1243, 200, 1501, 44
32, 1244, 200, 2115, 90
32, 1245, 200, 1522, 47
32, 1246, 200, 1419, 57
32, 1247, 200, 1632, 56
32, 1248, 200, 1771, 54
32, 1249, 200, 1411, 60
32, 1250, 200, 1444, 35
32, 1251, 200, 1606, 58
32, 1252, 200, 1260, 58
32, 1253, 200, 1345, 44
32, 1254, 200, 1337, 47
32, 1255, 200, 1612, 65
32, 1256, 200, 1410, 45
32, 1257, 200, 1279, 55
32, 1258, 200, 1387, 49
32, 1259, 200, 1280, 36
32, 1260, 200, 1324, 73
32, 1261, 200, 1331, 64
32, 1262, 200, 1447, 71
32, 1263, 200, 1269, 67
32, 1264, 200, 1398, 74
32, 1265, 200, 1259, 53
32, 1266, 200, 1560, 62
32, 1267, 200, 1623, 54
32, 1268, 200, 1418, 68
32, 1269, 200, 1081, 55
32, 1270, 200, 1740, 47
32, 1271, 200, 1489, 46
32, 1272, 200, 1915, 70
32, 1273, 200, 1671, 75
32, 1274, 200, 1583, 67
32, 1275, 200, 1745, 44
32, 1276, 200, 1908, 46
32, 1277, 200, 1877, 31
32, 1278, 200, 1331, 34
32, 1279, 200, 2022, 49
33, 1280, 200, 1875, 90
33, 1281, 200, 1497, 63
33, 1282, 200, 2092, 59
33, 1283, 200, 1380, 64
33, 1284, 200, 1373, 39
33, 1285, 200, 1759, 40
33, 1286, 200, 1633, 55
33, 1287, 200, 1684, 41
33, 1288, 200, 1686, 44
33, 1289, 200, 2111, 65
33, 1290, 200, 1878, 42
33, 1291, 200, 2036, 62
33, 1292, 200, 1599, 53
33, 1293, 200, 2145, 79
33, 1294, 200, 1826, 60
33, 1295, 200, 1824, 72
33, 1296, 200, 1548, 78
33, 1297, 200, 1758, 59
33, 1298, 200, 1717, 61
33, 1299, 200, 1357, 50
33, 1300, 200, 1578, 57
33, 1301, 200, 1543, 46
33, 1302, 200, 1575, 53
33, 1303, 200, 1705, 75
33, 1304, 200, 1813, 71
33, 1305, 200, 1377, 59
33, 1306, 200, 1478, 66
33, 1307, 200, 1492, 39
33, 1308, 200, 1617, 62
33, 1309, 200, 2013, 67
33, 1310, 200, 1904, 69
33, 1311, 200, 1322, 60
33, 1312, 200, 1470, 51
33, 1313, 200, 1697, 50
33, 1314, 200, 1524, 55
33, 1315, 200, 1425, 46
33, 1316, 200, 1466, 52
33, 1317, 200, 1500, 40
33, 1318, 200, 1866, 55
33, 1319, 200, 1614, 34
34, 1320, 200, 1318, 55
34, 1321, 200, 1246, 52
34, 1322, 200, 1148, 38
34, 1323, 200, 1023, 42
34, 1324, 200, 1122, 53
34, 1325, 200, 1249, 54
34, 1326, 200, 1303, 60
34, 1327, 200, 1195, 69
34, 1328, 200, 992, 36
34, 1329, 200, 1259, 42
34, 1330, 200, 1190, 30
34, 1331, 200, 976, 35
34, 1332, 200, 1129, 52
34, 1333, 200, 1113, 34
34, 1334, 200, 934, 42
34, 1335, 200, 1465, 48
34, 1336, 200, 1333, 40
34, 1337, 200, 1620, 54
34, 1338, 200, 1422, 52
34, 1339, 200, 1180, 38
34, 1340, 200, 1951, 89
34, 1341, 200, 1634, 88
34, 1342, 200, 2085, 72
34, 1343, 200, 2120, 52
34, 1344, 200, 1779, 56
34, 1345, 200, 1568, 53
34, 1346, 200, 1538, 55
34, 1347, 200, 1471, 33
34, 1348, 200, 1651, 53
34, 1349, 200, 1596, 50
34, 1350, 200, 1745, 43
34, 1351, 200, 1578, 58
34, 1352, 200, 2064, 78
34, 1353, 200, 1489, 48
34, 1354, 200, 1727, 64
34, 1355, 200, 1408, 58
34, 1356, 200, 1412, 32
34, 1357, 200, 1937, 55
34, 1358, 200, 1649, 78
34, 1359, 200, 1777, 57
35, 1360, 200, 2089, 56
35, 1361, 200, 1592, 64
35, 1362, 200, 1638, 58
35, 1363, 200, 1815, 68
35, 1364, 200, 2010, 61
35, 1365, 200, 1756, 44
35, 1366, 200, 1388, 23
35, 1367, 200, 1712, 48
35, 1368, 200, 1346, 26
35, 1369, 200, 1783, 58
35, 1370, 200, 1489, 49
35, 1371, 200, 1391, 57
35, 1372, 200, 1510, 39
35, 1373, 200, 1531, 58
35, 1374, 200, 1319, 54
35, 1375, 200, 1878, 66
35, 1376, 200, 1772, 57
35, 1377, 200, 1871, 51
35, 1378, 200, 1346, 42
35, 1379, 200, 1513, 35
35, 1380, 200, 1549, 33
35, 1381, 200, 1571, 48
35, 1382, 200, 1814, 54
35, 1383, 200, 1639, 27
35, 1384, 200, 1759, 48
35, 1385, 200, 1671, 59
35, 1386, 200, 1399, 44
35, 1387, 200, 1588, 48
35, 1388, 200, 1646, 41
35, 1389, 200, 1870, 55
35, 1390, 200, 1862, 61
35, 1391, 200, 2079, 49
35, 1392, 200, 1979, 44
35, 1393, 200, 1836, 45
35, 1394, 200, 1706, 22
35, 1395, 200, 1754, 68
35, 1396, 200, 1343, 30
35, 1397, 200, 2166, 92
35, 1398, 200, 1363, 61
35, 1399, 200, 1529, 58
36, 1400, 200, 1257, 75
36, 1401, 200, 1535, 65
36, 1402, 200, 1470, 68
36, 1403, 200, 1665, 68
36, 1404, 200, 1745, 53
36, 1405, 200, 1026, 35
36, 1406, 200, 1225, 44
36, 1407, 200, 1438, 52
36, 1408, 200, 986, 53
36, 1409, 200, 1233, 54
36, 1410, 200, 1149, 62
36, 1411, 200, 1589, 52
36, 1412, 200, 1196, 39
36, 1413, 200, 1257, 54
36, 1414, 200, 963, 54
36, 1415, 200, 1280, 31
36, 1416, 200, 1346, 35
36, 1417, 200, 1363, 35
36, 1418, 200, 1556, 56
36, 1419, 200, 1360, 65
36, 1420, 200, 1730, 61
36, 1421, 200, 1297, 36
36, 1422, 200, 1740, 73
36, 1423, 200, 1852, 58
36, 1424, 200, 1619, 67
36, 1425, 200, 1744, 72
36, 1426, 200, 1683, 73
36, 1427, 200, 1523, 62
36, 1428, 200, 1481, 68
36, 1429, 200, 1426, 70
36, 1430, 200, 1111, 34
36, 1431, 200, 1413, 49
36, 1432, 200, 2196, 64
36, 1433, 200, 2049, 56
36, 1434, 200, 1493, 43
36, 1435, 200, 1278, 31
36, 1436, 200, 1978, 48
36, 1437, 200, 1765, 55
36, 1438, 200, 1318, 31
36, 1439, 200, 1384, 59
37, 1440, 200, 1430, 51
37, 1441, 200, 1464, 29
37, 1442, 200, 1508, 32
37, 1443, 200, 2110, 68
37, 1444, 200, 1487, 49
37, 1445, 200, 1282, 35
37, 1446, 200, 1327, 17
37, 1447, 200, 1164, 11
37, 1448, 200, 1287, 29
37, 1449, 200, 1318, 47
37, 1450, 200, 1534, 31
37, 1451, 200, 1498, 28
37, 1452, 200, 1381, 43
37, 1453, 200, 1475, 50
37, 1454, 200, 1613, 48
37, 1455, 200, 1276, 47
37, 1456, 200, 1852, 43
37, 1457, 200, 1859, 51
37, 1458, 200, 1149, 35
37, 1459, 200, 2114, 65
37, 1460, 200, 2522, 70
37, 1461, 200, 1915, 59
37, 1462, 200, 2193, 50
37, 1463, 200, 2061, 60
37, 1464, 200, 1832, 54
37, 1465, 200, 1858, 55
37, 1466, 200, 1904, 48
37, 1467, 200, 1515, 49
37, 1468, 200, 1425, 57
37, 1469, 200, 1451, 44
37, 1470, 200, 1099, 25
37, 1471, 200, 1488, 38
37, 1472, 200, 1239, 35
37, 1473, 200, 1801, 54
37, 1474, 200, 2060, 56
37, 1475, 200, 1714, 35
37, 1476, 200, 1528, 23
37, 1477, 200, 1817, 41
37, 1478, 200, 1887, 48
37, 1479, 200, 2169, 47
38, 1480, 200, 1489, 35
38, 1481, 200, 1780, 38
38, 1482, 200, 2218, 52
38, 1483, 200, 1654, 44
38, 1484, 200, 2008, 40
38, 1485, 200, 1906, 55
38, 1486, 200, 1936, 53
38, 1487, 200, 1870, 42
38, 1488, 200, 2261, 54
38, 1489, 200, 1976, 67
38, 1490, 200, 1986, 48
38, 1491, 200, 2039, 50
38, 1492, 200, 2035, 80
38, 1493, 200, 1789, 55
38, 1494, 200, 1750, 46
38, 1495, 200, 1716, 55
38, 1496, 200, 2130, 45
38, 1497, 200, 1801, 42
38, 1498, 200, 1988, 41
38, 1499, 200, 1477, 30
38, 1500, 200, 1626, 45
38, 1501, 200, 1458, 47
38, 1502, 200, 1427, 41
38, 1503, 200, 1551, 43
38, 1504, 200, 1923, 60
38, 1505, 200, 1753, 60
38, 1506, 200, 1104, 25
38, 1507, 200, 1401, 32
38, 1508, 200, 1560, 44
38, 1509, 200, 1697, 52
38, 1510, 200, 1265, 61
38, 1511, 200, 1604, 47
38, 1512, 200, 1263, 40
38, 1513, 200, 1750, 42
38, 1514, 200, 1337, 39
38, 1515, 200, 1637, 52
38, 1516, 200, 1327, 34
38, 1517, 200, 937, 30
38, 1518, 200, 1614, 67
38, 1519, 200, 1531, 69
39, 1520, 200, 1331, 57
39, 1521, 200, 1554, 56
39, 1522, 200, 1274, 53
39, 1523, 200, 1163, 39
39, 1524, 200, 1659, 45
39, 1525, 200, 1304, 33
39, 1526, 200, 1137, 44
39, 1527, 200, 1189, 67
39, 1528, 200, 1030, 33
39, 1529, 200, 955, 40
39, 1530, 200, 1440, 52
39, 1531, 200, 1113, 70
39, 1532, 200, 1437, 78
39, 1533, 200, 1357, 61
39, 1534, 200, 1150, 48
39, 1535, 200, 998, 41
39, 1536, 200, 1460, 30
39, 1537, 200, 1074, 39
39, 1538, 200, 1414, 71
39, 1539, 200, 1607, 48
39, 1540, 200, 1529, 39
39, 1541, 200, 1894, 60
39, 1542, 200, 1625, 59
39, 1543, 200, 2362, 55
39, 1544, 200, 1981, 50
39, 1545, 200, 2106, 30
39, 1546, 200, 2158, 58
39, 1547, 200, 1888, 30
39, 1548, 200, 1783, 49
39, 1549, 200, 1280, 41
39, 1550, 200, 1241, 39
39, 1551, 200, 1397, 29
39, 1552, 200, 2065, 89
39, 1553, 200, 1762, 58
39, 1554, 200, 1501, 63
39, 1555, 200, 1851, 59
39, 1556, 200, 2257, 79
39, 1557, 200, 1631, 52
39, 1558, 200, 1330, 29
39, 1559, 200, 1405, 55
40, 1560, 200, 1010, 36
40, 1561, 200, 1110, 44
40, 1562, 200, 1342, 34
40, 1563, 200, 1544, 41
40, 1564, 200, 1532, 41
40, 1565, 200, 1185, 50
40, 1566, 200, 1706, 60
40, 1567, 200, 1260, 46
40, 1568, 200, 1445, 45
40, 1569, 200, 1475, 42
40, 1570, 200, 1487, 49
40, 1571, 200, 1491, 59
40, 1572, 200, 1437, 49
40, 1573, 200, 1463, 53
40, 1574, 200, 1273, 47
40, 1575, 200, 1350, 34
40, 1576, 200, 1465, 50
40, 1577, 200, 1763, 43
40, 1578, 200, 1491, 36
40, 1579, 200, 1477, 44
40, 1580, 200, 1505, 41
40, 1581, 200, 1831, 66
40, 1582, 200, 1541, 43
40, 1583, 200, 1228, 45
40, 1584, 200, 1621, 50
40, 1585, 200, 1482, 72
40, 1586, 200, 1539, 51
40, 1587, 200, 1670, 66
40, 1588, 200, 1937, 51
40, 1589, 200, 1489, 39
40, 1590, 200, 1718, 36
40, 1591, 200, 1596, 42
40, 1592, 200, 1293, 57
40, 1593, 200, 1329, 51
40, 1594, 200, 1253, 33
40, 1595, 200, 1566, 58
40, 1596, 200, 1410, 61
40, 1597, 200, 1350, 76
40, 1598, 200, 1541, 50
40, 1599, 200, 1569, 32
41, 1600, 200, 1685, 58
41, 1601, 200, 1496, 68
41, 1602, 200, 1670, 63
41, 1603, 200, 1500, 64
41, 1604, 200, 1497, 63
41, 1605, 200, 1387, 69
41, 1606, 200, 1081, 66
41, 1607, 200, 1253, 52
41, 1608, 200, 1292, 74
41, 1609, 200, 977, 60
41, 1610, 200, 1103, 48
41, 1611, 200, 1156, 61
41, 1612, 200, 1059, 43
41, 1613, 200, 1021, 65
41, 1614, 200, 1244, 56
41, 1615, 200, 1612, 66
41, 1616, 200, 1499, 67
41, 1617, 200, 1726, 66
41, 1618, 200, 1553, 55
41, 1619, 200, 1502, 70
41, 1620, 200, 1984, 74
41, 1621, 200, 1943, 80
41, 1622, 200, 1342, 50
41, 1623, 200, 1136, 41
41, 1624, 200, 1632, 47
41, 1625, 200, 1352, 24
41, 1626, 200, 1450, 65
41, 1627, 200, 1475, 56
41, 1628, 200, 1462, 51
41, 1629, 200, 1509, 60
41, 1630, 200, 1627, 66
41, 1631, 200, 1733, 55
41, 1632, 200, 1851, 52
41, 1633, 200, 1968, 30
41, 1634, 200, 1343, 32
41, 1635, 200, 1936, 42
41, 1636, 200, 2109, 77
41, 1637, 200, 1437, 55
41, 1638, 200, 1824, 54
41, 1639, 200, 1807, 49
42, 1640, 200, 1272, 34
42, 1641, 200, 1556, 44
42, 1642, 200, 1263, 61
42, 1643, 200, 1236, 40
42, 1644, 200, 1359, 64
42, 1645, 200, 1405, 39
42, 1646, 200, 1454, 55
42, 1647, 200, 1604, 35
42, 1648, 200, 1338, 30
42, 1649, 200, 1383, 29
42, 1650, 200, 1164, 38
42, 1651, 200, 1048, 41
42, 1652, 200, 1176, 30
42, 1653, 200, 1175, 36
42, 1654, 200, 1400, 58
42, 1655, 200, 1302, 45
42, 1656, 200, 996, 26
42, 1657, 200, 998, 46
42, 1658, 200, 1249, 34
42, 1659, 200, 1170, 46
42, 1660, 200, 1407, 53
42, 1661, 200, 1883, 58
42, 1662, 200, 1367, 25
42, 1663, 200, 1112, 18
42, 1664, 200, 1297, 37
42, 1665, 200, 1113, 43
42, 1666, 200, 1170, 31
42, 1667, 200, 1263, 28
42, 1668, 200, 1414, 52
42, 1669, 200, 1387, 38
42, 1670, 200, 1462, 23
42, 1671, 200, 1574, 41
42, 1672, 200, 1559, 36
42, 1673, 200, 1578, 48
42, 1674, 200, 1999, 63
42, 1675, 200, 1854, 51
42, 1676, 200, 1591, 53
42, 1677, 200, 1565, 36
42, 1678, 200, 1763, 45
42, 1679, 200, 1243, 50
43, 1680, 200, 1660, 51
43, 1681, 200, 1692, 46
43, 1682, 200, 1960, 58
43, 1683, 200, 1622, 48
43, 1684, 200, 1576, 41
43, 1685, 200, 1615, 46
43, 1686, 200, 1316, 51
43, 1687, 200, 1640, 62
43, 1688, 200, 1946, 80
43, 1689, 200, 1699, 50
43, 1690, 200, 2013, 49
43, 1691, 200, 1428, 47
43, 1692, 200, 1413, 40
43, 1693, 200, 1876, 67
43, 1694, 200, 1638, 81
43, 1695, 200, 1599, 50
43, 1696, 200, 1418, 38
43, 1697, 200, 1602, 47
43, 1698, 200, 1726, 57
43, 1699, 200, 1714, 61
43, 1700, 200, 2227, 59
43, 1701, 200, 1686, 38
43, 1702, 200, 1396, 41
43, 1703, 200, 1516, 54
43, 1704, 200, 1744, 40
43, 1705, 200, 1580, 65
43, 1706, 200, 973, 34
43, 1707, 200, 1524, 50
43, 1708, 200, 1200, 44
43, 1709, 200, 1182, 33
43, 1710, 200, 1593, 60
43, 1711, 200, 1580, 69
43, 1712, 200, 1138, 33
43, 1713, 200, 1204, 36
43, 1714, 200, 1578, 49
43, 1715, 200, 1640, 50
43, 1716, 200, 1373, 53
43, 1717, 200, 1147, 47
43, 1718, 200, 1476, 59
43, 1719, 200, 1206, 31
44, 1720, 200, 1213, 33
44, 1721, 200, 1302, 50
44, 1722, 200, 1135, 39
44, 1723, 200, 1499, 27
44, 1724, 200, 1272, 30
44, 1725, 200, 1140, 31
44, 1726, 200, 1468, 42
44, 1727, 200, 1539, 35
44, 1728, 200, 1491, 56
44, 1729, 200, 1145, 46
44, 1730, 200, 1581, 57
44, 1731, 200, 1598, 64
44, 1732, 200, 1419, 34
44, 1733, 200, 1573, 21
44, 1734, 200, 1263, 42
44, 1735, 200, 1920, 58
44, 1736, 200, 1893, 43
44, 1737, 200, 1666, 59
44, 1738, 200, 1674, 52
44, 1739, 200, 1361, 41
44, 1740, 200, 1604, 48
44, 1741, 200, 1458, 55
44, 1742, 200, 1415, 31
44, 1743, 200, 1753, 46
44, 1744, 200, 1384, 38
44, 1745, 200, 1140, 28
44, 1746, 200, 1399, 49
44, 1747, 200, 1570, 41
44, 1748, 200, 1463, 38
44, 1749, 200, 1589, 41
44, 1750, 200, 1075, 56
44, 1751, 200, 1144, 53
44, 1752, 200, 1565, 49
44, 1753, 200, 1375, 46
44, 1754, 200, 1389, 39
44, 1755, 200, 1397, 70
44, 1756, 200, 2266, 56
44, 1757, 200, 1873, 41
44, 1758, 200, 1340, 34
44, 1759, 200, 1381, 35
45, 1760, 200, 1251, 32
45, 1761, 200, 1439, 60
45, 1762, 200, 1335, 37
45, 1763, 200, 1218, 35
45, 1764, 200, 1425, 64
45, 1765, 200, 1976, 50
45, 1766, 200, 1603, 73
45, 1767, 200, 1958, 65
45, 1768, 200, 1597, 44
45, 1769, 200, 2104, 48
45, 1770, 200, 1545, 33
45, 1771, 200, 1395, 38
45, 1772, 200, 1435, 53
45, 1773, 200, 1818, 57
45, 1774, 200, 1453, 50
45, 1775, 200, 1664, 45
45, 1776, 200, 1622, 60
45, 1777, 200, 1294, 73
45, 1778, 200, 1479, 76
45, 1779, 200, 1850, 44
45, 1780, 200, 1351, 47
45, 1781, 200, 1032, 27
45, 1782, 200, 1379, 41
45, 1783, 200, 1524, 60
45, 1784, 200, 1228, 42
45, 1785, 200, 1730, 41
45, 1786, 200, 1452, 38
45, 1787, 200, 1621, 71
45, 1788, 200, 1829, 64
45, 1789, 200, 1281, 63
45, 1790, 200, 1912, 58
45, 1791, 200, 2091, 46
45, 1792, 200, 1429, 42
45, 1793, 200, 1430, 58
45, 1794, 200, 1484, 49
45, 1795, 200, 1594, 45
45, 1796, 200, 952, 31
45, 1797, 200, 1221, 45
45, 1798, 200, 1318, 37
45, 1799, 200, 906, 44
46, 1800, 200, 1063, 80
46, 1801, 200, 1159, 32
46, 1802, 200, 1380, 44
46, 1803, 200, 1628, 49
46, 1804, 200, 1450, 38
46, 1805, 200, 1400, 36
46, 1806, 200, 1479, 40
46, 1807, 200, 1736, 45
46, 1808, 200, 1608, 33
46, 1809, 200, 1537, 42
46, 1810, 200, 1544, 36
46, 1811, 200, 1023, 35
46, 1812, 200, 862, 26
46, 1813, 200, 1040, 49
46, 1814, 200, 1642, 63
46, 1815, 200, 2261, 90
46, 1816, 200, 2326, 89
46, 1817, 200, 1842, 54
46, 1818, 200, 1432, 43
46, 1819, 200, 1133, 43
46, 1820, 200, 1584, 70
46, 1821, 200, 1349, 61
46, 1822, 200, 1338, 58
46, 1823, 200, 1809, 78
46, 1824, 200, 1338, 43
46, 1825, 200, 1578, 73
46, 1826, 200, 1703, 78
46, 1827, 200, 1066, 33
46, 1828, 200, 1431, 44
46, 1829, 200, 1607, 56
46, 1830, 200, 1431, 49
46, 1831, 200, 1455, 43
46, 1832, 200, 1299, 39
46, 1833, 200, 1363, 60
46, 1834, 200, 1036, 51
46, 1835, 200, 1532, 58
46, 1836, 200, 1641, 45
46, 1837, 200, 1510, 49
46, 1838, 200, 1210, 32
46, 1839, 200, 1265, 49
47, 1840, 200, 1185, 54
47, 1841, 200, 937, 48
47, 1842, 200, 976, 27
47, 1843, 200, 929, 43
47, 1844, 200, 1037, 37
47, 1845, 200, 879, 36
47, 1846, 200, 1108, 48
47, 1847, 200, 1164, 61
47, 1848, 200, 918, 23
47, 1849, 200, 1063, 43
47, 1850, 200, 1287, 62
47, 1851, 200, 1258, 59
47, 1852, 200, 1196, 55
47, 1853, 200, 1047, 27
47, 1854, 200, 1177, 50
47, 1855, 200, 1515, 54
47, 1856, 200, 1338, 49
47, 1857, 200, 1340, 40
47, 1858, 200, 1062, 34
47, 1859, 200, 829, 54
47, 1860, 200, 1721, 80
47, 1861, 200, 1316, 51
47, 1862, 200, 970, 33
47, 1863, 200, 1343, 79
47, 1864, 200, 1460, 57
47, 1865, 200, 1250, 47
47, 1866, 200, 2195, 68
47, 1867, 200, 1164, 42
47, 1868, 200, 1155, 46
47, 1869, 200, 1935, 63
47, 1870, 200, 1575, 34
47, 1871, 200, 1087, 31
47, 1872, 200, 1862, 54
47, 1873, 200, 1818, 41
47, 1874, 200, 1528, 55
47, 1875, 200, 1887, 59
47, 1876, 200, 1442, 69
47, 1877, 200, 1770, 95
47, 1878, 200, 1707, 55
47, 1879, 200, 1643, 70
48, 1880, 200, 1723, 24
48, 1881, 200, 1363, 40
48, 1882, 200, 1113, 39
48, 1883, 200, 999, 35
48, 1884, 200, 1274, 55
48, 1885, 200, 1167, 34
48, 1886, 200, 1014, 33
48, 1887, 200, 1242, 43
48, 1888, 200, 1487, 54
48, 1889, 200, 1666, 49
48, 1890, 200, 1591, 43
48, 1891, 200, 1421, 44
48, 1892, 200, 1425, 40
48, 1893, 200, 861, 43
48, 1894, 200, 1498, 55
48, 1895, 200, 1330, 46
48, 1896, 200, 1583, 65
48, 1897, 200, 1583, 52
48, 1898, 200, 1633, 62
48, 1899, 200, 1525, 35
48, 1900, 200, 1435, 42
48, 1901, 200, 1462, 55
48, 1902, 200, 1381, 52
48, 1903, 200, 1262, 58
48, 1904, 200, 1219, 72
48, 1905, 200, 1682, 46
48, 1906, 200, 1459, 17
48, 1907, 200, 1463, 66
48, 1908, 200, 1872, 92
48, 1909, 200, 1881, 64
48, 1910, 200, 1644, 48
48, 1911, 200, 1954, 50
48, 1912, 200, 1564, 38
48, 1913, 200, 1271, 29
48, 1914, 200, 1379, 36
48, 1915, 200, 1771, 65
48, 1916, 200, 1777, 60
48, 1917, 200, 1849, 45
48, 1918, 200, 2116, 77
48, 1919, 200, 1962, 50
49, 1920, 200, 1740, 48
49, 1921, 200, 1657, 56
49, 1922, 200, 1501, 64
49, 1923, 200, 2010, 66
49, 1924, 200, 2078, 54
49, 1925, 200, 1593, 33
49, 1926, 200, 1708, 65
49, 1927, 200, 1503, 59
49, 1928, 200, 1443, 53
49, 1929, 200, 1329, 38
49, 1930, 200, 1348, 43
49, 1931, 200, 1408, 31
49, 1932, 200, 1751, 49
49, 1933, 200, 1316, 23
49, 1934, 200, 1371, 51
49, 1935, 200, 1522, 50
49, 1936, 200, 1414, 38
49, 1937, 200, 1513, 34
49, 1938, 200, 1731, 62
49, 1939, 200, 1211, 51
49, 1940, 200, 1758, 47
49, 1941, 200, 1401, 39
49, 1942, 200, 1370, 47
49, 1943, 200, 1490, 62
49, 1944, 200, 1265, 47
49, 1945, 200, 1288, 39
49, 1946, 200, 1673, 73
49, 1947, 200, 1611, 61
49, 1948, 200, 1458, 64
49, 1949, 200, 1373, 47
49, 1950, 200, 1381, 36
49, 1951, 200, 1298, 31
49, 1952, 200, 1733, 61
49, 1953, 200, 1345, 68
49, 1954, 200, 1425, 45
49, 1955, 200, 1245, 43
49, 1956, 200, 1447, 60
49, 1957, 200, 1530, 57
49, 1958, 200, 1637, 53
49, 1959, 200, 1617, 54
50, 1960, 200, 1804, 47
50, 1961, 200, 1469, 38
50, 1962, 200, 1787, 82
50, 1963, 200, 1219, 53
50, 1964, 200, 1345, 58
50, 1965, 200, 1376, 64
50, 1966, 200, 1185, 67
50, 1967, 200, 1147, 76
50, 1968, 200, 998, 39
50, 1969, 200, 1051, 47
50, 1970, 200, 901, 60
50, 1971, 200, 1542, 94
50, 1972, 200, 1584, 63
50, 1973, 200, 1358, 43
50, 1974, 200, 1015, 55
50, 1975, 200, 1546, 74
50, 1976, 200, 1579, 51
50, 1977, 200, 1503, 70
50, 1978, 200, 1501, 58
50, 1979, 200, 1497, 61
50, 1980, 200, 1411, 46
50, 1981, 200, 1280, 58
50, 1982, 200, 1322, 32
50, 1983, 200, 1276, 49
50, 1984, 200, 1209, 40
50, 1985, 200, 1464, 42
50, 1986, 200, 1379, 67
50, 1987, 200, 1349, 59
50, 1988, 200, 1502, 57
50, 1989, 200, 1506, 85
50, 1990, 200, 1901, 81
50, 1991, 200, 2026, 61
50, 1992, 200, 1734, 51
50, 1993, 200, 1670, 60
50, 1994, 200, 1590, 76
50, 1995, 200, 1693, 70
50, 1996, 200, 1566, 74
50, 1997, 200, 1521, 41
50, 1998, 200, 1733, 57
50, 1999, 200, 1887, 73
51, 2000, 200, 2060, 67
51, 2001, 200, 1268, 64
51, 2002, 200, 1486, 51
51, 2003, 200, 1521, 44
51, 2004, 200, 2265, 70
51, 2005, 200, 1806, 58
51, 2006, 200, 1217, 48
51, 2007, 200, 1752, 78
51, 2008, 200, 1850, 51
51, 2009, 200, 1406, 51
51, 2010, 200, 1617, 70
51, 2011, 200, 1509, 70
51, 2012, 200, 2183, 101
51, 2013, 200, 1738, 118
51, 2014, 200, 1572, 59
51, 2015, 200, 1953, 54
51, 2016, 200, 1464, 47
51, 2017, 200, 1721, 45
51, 2018, 200, 1635, 73
51, 2019, 200, 1332, 59
51, 2020, 200, 1738, 85
51, 2021, 200, 1415, 67
51, 2022, 200, 1386, 42
51, 2023, 200, 1409, 45
51, 2024, 200, 1344, 30
51, 2025, 200, 1253, 58
51, 2026, 200, 1463, 59
51, 2027, 200, 1662, 80
51, 2028, 200, 1264, 63
51, 2029, 200, 1299, 46
51, 2030, 200, 1327, 42
51, 2031, 200, 1262, 64
51, 2032, 200, 1315, 33
51, 2033, 200, 1217, 41
51, 2034, 200, 1673, 72
51, 2035, 200, 1734, 54
51, 2036, 200, 1839, 47
51, 2037, 200, 1794, 63
51, 2038, 200, 1589, 52
51, 2039, 200, 1263, 44
52, 2040, 200, 1288, 43
52, 2041, 200, 1544, 54
52, 2042, 200, 1060, 61
52, 2043, 200, 1661, 39
52, 2044, 200, 1628, 69
52, 2045, 200, 1833, 62
52, 2046, 200, 1452, 50
52, 2047, 200, 1246, 33
52, 2048, 200, 1468, 51
52, 2049, 200, 1500, 52
52, 2050, 200, 1850, 64
52, 2051, 200, 1755, 33
52, 2052, 200, 1717, 28
52, 2053, 200, 1965, 44
52, 2054, 200, 1417, 37
52, 2055, 200, 1401, 48
52, 2056, 200, 1290, 61
52, 2057, 200, 801, 31
52, 2058, 200, 1200, 53
52, 2059, 200, 1594, 71
52, 2060, 200, 1370, 67
52, 2061, 200, 1436, 53
52, 2062, 200, 1632, 59
52, 2063, 200, 1819, 63
52, 2064, 200, 1670, 74
52, 2065, 200, 1696, 53
52, 2066, 200, 1587, 56
52, 2067, 200, 1542, 78
52, 2068, 200, 1723, 40
52, 2069, 200, 1564, 49
52, 2070, 200, 1736, 68
52, 2071, 200, 1731, 72
52, 2072, 200, 1760, 57
52, 2073, 200, 1478, 67
52, 2074, 200, 1820, 49
52, 2075, 200, 1750, 34
52, 2076, 200, 1309, 58
52, 2077, 200, 2060, 55
52, 2078, 200, 2099, 64
52, 2079, 200, 1939, 45
53, 2080, 200, 1759, 47
53, 2081, 200, 2191, 50
53, 2082, 200, 2135, 62
53, 2083, 200, 1777, 68
53, 2084, 200, 1333, 59
53, 2085, 200, 1934, 71
53, 2086, 200, 1622, 48
53, 2087, 200, 1652, 45
53, 2088, 200, 1669, 46
53, 2089, 200, 1975, 60
53, 2090, 200, 1451, 65
53, 2091, 200, 1694, 62
53, 2092, 200, 1400, 34
53, 2093, 200, 1462, 50
53, 2094, 200, 1074, 63
53, 2095, 200, 1344, 55
53, 2096, 200, 1210, 52
53, 2097, 200, 1569, 72
53, 2098, 200, 1945, 66
53, 2099, 200, 1686, 54
53, 2100, 200, 1565, 65
53, 2101, 200, 1406, 70
53, 2102, 200, 1523, 55
53, 2103, 200, 1785, 65
53, 2104, 200, 1583, 68
53, 2105, 200, 1453, 56
53, 2106, 200, 1722, 34
53, 2107, 200, 1262, 62
53, 2108, 200, 1467, 73
53, 2109, 200, 1539, 43
53, 2110, 200, 1188, 60
53, 2111, 200, 1892, 93
53, 2112, 200, 1612, 69
53, 2113, 200, 1447, 51
53, 2114, 200, 1518, 55
53, 2115, 200, 1596, 72
53, 2116, 200, 1019, 51
53, 2117, 200, 1322, 66
53, 2118, 200, 1220, 72
53, 2119, 200, 1523, 90
54, 2120, 200, 1623, 83
54, 2121, 200, 1598, 81
54, 2122, 200, 1739, 86
54, 2123, 200, 1585, 64
54, 2124, 200, 1397, 29
54, 2125, 200, 1347, 50
54, 2126, 200, 1722, 61
54, 2127, 200, 1085, 46
54, 2128, 200, 1554, 50
54, 2129, 200, 1452, 47
54, 2130, 200, 1113, 64
54, 2131, 200, 1028, 52
54, 2132, 200, 1365, 71
54, 2133, 200, 1330, 51
54, 2134, 200, 1308, 67
54, 2135, 200, 1882, 53
54, 2136, 200, 1308, 73
54, 2137, 200, 1348, 61
54, 2138, 200, 1643, 91
54, 2139, 200, 1686, 57
54, 2140, 200, 1134, 43
54, 2141, 200, 1093, 60
54, 2142, 200, 1555, 54
54, 2143, 200, 1570, 83
54, 2144, 200, 1502, 69
54, 2145, 200, 1016, 49
54, 2146, 200, 1391, 66
54, 2147, 200, 933, 72
54, 2148, 200, 1505, 83
54, 2149, 200, 1367, 64
54, 2150, 200, 1116, 66
54, 2151, 200, 1440, 62
54, 2152, 200, 1316, 58
54, 2153, 200, 1919, 85
54, 2154, 200, 1601, 29
54, 2155, 200, 1407, 48
54, 2156, 200, 1267, 49
54, 2157, 200, 1305, 65
54, 2158, 200, 1236, 45
54, 2159, 200, 1415, 57
55, 2160, 200, 1147, 76
55, 2161, 200, 1656, 76
55, 2162, 200, 1241, 59
55, 2163, 200, 1363, 51
55, 2164, 200, 1421, 33
55, 2165, 200, 2255, 66
55, 2166, 200, 1847, 73
55, 2167, 200, 1914, 88
55, 2168, 200, 2069, 51
55, 2169, 200, 2284, 80
55, 2170, 200, 1811, 66
55, 2171, 200, 1432, 55
55, 2172, 200, 1472, 28
55, 2173, 200, 1117, 40
55, 2174, 200, 1542, 46
55, 2175, 200, 1348, 42
55, 2176, 200, 1345, 52
55, 2177, 200, 1570, 53
55, 2178, 200, 1816, 88
55, 2179, 200, 1879, 97
55, 2180, 200, 1870, 51
55, 2181, 200, 1256, 51
55, 2182, 200, 1490, 44
55, 2183, 200, 1279, 63
55, 2184, 200, 1215, 40
55, 2185, 200, 1182, 33
55, 2186, 200, 1046, 50
55, 2187, 200, 1166, 43
55, 2188, 200, 1225, 36
55, 2189, 200, 1232, 55
55, 2190, 200, 1306, 67
55, 2191, 200, 1842, 66
55, 2192, 200, 1943, 82
55, 2193, 200, 1953, 51
55, 2194, 200, 1733, 47
55, 2195, 200, 1446, 35
55, 2196, 200, 1670, 60
55, 2197, 200, 1207, 35
55, 2198, 200, 2007, 67
55, 2199, 200, 1392, 49
56, 2200, 200, 1926, 55
56, 2201, 200, 1189, 42
56, 2202, 200, 1176, 53
56, 2203, 200, 1827, 45
56, 2204, 200, 1897, 44
56, 2205, 200, 1704, 42
56, 2206, 200, 1517, 50
56, 2207, 200, 1463, 48
56, 2208, 200, 1910, 53
56, 2209, 200, 1698, 60
56, 2210, 200, 1482, 54
56, 2211, 200, 1761, 60
56, 2212, 200, 1931, 52
56, 2213, 200, 1212, 36
56, 2214, 200, 1664, 51
56, 2215, 200, 1348, 34
56, 2216, 200, 1473, 39
56, 2217, 200, 1498, 49
56, 2218, 200, 1454, 50
56, 2219, 200, 1313, 41
56, 2220, 200, 979, 31
56, 2221, 200, 1104, 39
56, 2222, 200, 1085, 40
56, 2223, 200, 1054, 31
56, 2224, 200, 1623, 41
56, 2225, 200, 1799, 88
56, 2226, 200, 1228, 67
56, 2227, 200, 1480, 38
56, 2228, 200, 1682, 38
56, 2229, 200, 1741, 47
56, 2230, 200, 1264, 58
56, 2231, 200, 1165, 41
56, 2232, 200, 1928, 46
56, 2233, 200, 1311, 50
56, 2234, 200, 1573, 68
56, 2235, 200, 1427, 56
56, 2236, 200, 1219, 38
56, 2237, 200, 1130, 60
56, 2238, 200, 1389, 49
56, 2239, 200, 1588, 27
57, 2240, 200, 1124, 29
57, 2241, 200, 1789, 33
57, 2242, 200, 1191, 47
57, 2243, 200, 1318, 42
57, 2244, 200, 1129, 43
57, 2245, 200, 1181, 26
57, 2246, 200, 1332, 39
57, 2247, 200, 1340, 55
57, 2248, 200, 1484, 47
57, 2249, 200, 1521, 67
57, 2250, 200, 1542, 65
57, 2251, 200, 1587, 53
57, 2252, 200, 1325, 33
57, 2253, 200, 1510, 38
57, 2254, 200, 1039, 47
57, 2255, 200, 1197, 49
57, 2256, 200, 1456, 54
57, 2257, 200, 1198, 31
57, 2258, 200, 1390, 53
57, 2259, 200, 1619, 52
57, 2260, 200, 1446, 47
57, 2261, 200, 1308, 38
57, 2262, 200, 1247, 39
57, 2263, 200, 1322, 62
57, 2264, 200, 1455, 49
57, 2265, 200, 1414, 37
57, 2266, 200, 1089, 29
57, 2267, 200, 1019, 42
57, 2268, 200, 898, 52
57, 2269, 200, 1214, 38
57, 2270, 200, 1064, 37
57, 2271, 200, 1172, 31
57, 2272, 200, 1268, 35
57, 2273, 200, 1217, 48
57, 2274, 200, 1542, 47
57, 2275, 200, 1565, 50
57, 2276, 200, 1430, 55
57, 2277, 200, 1555, 46
57, 2278, 200, 1479, 71
57, 2279, 200, 1478, 41
58, 2280, 200, 1656, 47
58, 2281, 200, 1163, 38
58, 2282, 200, 1255, 65
58, 2283, 200, 1497, 34
58, 2284, 200, 1206, 58
58, 2285, 200, 1726, 59
58, 2286, 200, 1366, 60
58, 2287, 200, 1417, 35
58, 2288, 200, 1578, 45
58, 2289, 200, 1454, 61
58, 2290, 200, 2155, 37
58, 2291, 200, 1773, 57
58, 2292, 200, 1827, 56
58, 2293, 200, 1407, 45
58, 2294, 200, 1621, 60
58, 2295, 200, 1573, 55
58, 2296, 200, 1333, 33
58, 2297, 200, 1652, 48
58, 2298, 200, 1462, 37
58, 2299, 200, 1548, 64
58, 2300, 200, 1492, 73
58, 2301, 200, 1749, 83
58, 2302, 200, 1159, 65
58, 2303, 200, 1328, 58
58, 2304, 200, 1555, 74
58, 2305, 200, 1406, 68
58, 2306, 200, 1784, 101
58, 2307, 200, 2026, 99
58, 2308, 200, 1408, 62
58, 2309, 200, 1805, 89
58, 2310, 200, 2190, 95
58, 2311, 200, 1283, 74
58, 2312, 200, 1533, 50
58, 2313, 200, 1321, 62
58, 2314, 200, 1760, 93
58, 2315, 200, 1235, 54
58, 2316, 200, 1327, 69
58, 2317, 200, 1488, 84
58, 2318, 200, 1310, 59
58, 2319, 200, 1713, 58
59, 2320, 200, 1578, 66
59, 2321, 200, 1538, 43
59, 2322, 200, 1113, 42
59, 2323, 200, 1061, 47
59, 2324, 200, 1198, 45
59, 2325, 200, 1228, 52
59, 2326, 200, 1224, 68
59, 2327, 200, 1241, 55
59, 2328, 200, 1294, 70
59, 2329, 200, 1376, 63
59, 2330, 200, 1424, 86
59, 2331, 200, 1589, 84
59, 2332, 200, 1714, 63
59, 2333, 200, 1348, 55
59, 2334, 200, 1750, 55
59, 2335, 200, 1395, 57
59, 2336, 200, 1616, 52
59, 2337, 200, 1390, 47
59, 2338, 200, 1520, 55
59, 2339, 200, 1347, 33
59, 2340, 200, 1373, 44
59, 2341, 200, 1260, 38
59, 2342, 200, 1260, 39
59, 2343, 200, 1483, 50
59, 2344, 200, 1384, 33
59, 2345, 200, 1471, 63
59, 2346, 200, 1527, 45
59, 2347, 200, 1280, 65
59, 2348, 200, 1348, 63
59, 2349, 200, 1088, 58
59, 2350, 200, 1141, 56
59, 2351, 200, 1207, 70
59, 2352, 200, 1058, 52
59, 2353, 200, 1532, 71
59, 2354, 200, 1216, 57
59, 2355, 200, 1354, 66
59, 2356, 200, 1115, 29
59, 2357, 200, 834, 23
59, 2358, 200, 1039, 30
59, 2359, 200, 1266, 57
60, 2360, 200, 1396, 57
60, 2361, 200, 1472, 50
60, 2362, 200, 1096, 47
60, 2363, 200, 1345, 29
60, 2364, 200, 1277, 79
60, 2365, 200, 940, 60
60, 2366, 200, 1401, 45
60, 2367, 200, 1314, 53
60, 2368, 200, 1215, 45
60, 2369, 200, 1338, 62
60, 2370, 200, 1047, 61
60, 2371, 200, 1131, 44
60, 2372, 200, 1059, 42
60, 2373, 200, 1232, 38
60, 2374, 200, 1246, 36
60, 2375, 200, 1297, 47
60, 2376, 200, 1243, 34
60, 2377, 200, 1063, 42
60, 2378, 200, 1836, 56
60, 2379, 200, 1300, 55
60, 2380, 200, 1366, 58
60, 2381, 200, 1576, 55
60, 2382, 200, 1818, 50
60, 2383, 200, 2023, 68
60, 2384, 200, 1632, 54
60, 2385, 200, 1437, 77
60, 2386, 200, 1977, 92
60, 2387, 200, 1525, 62
60, 2388, 200, 1432, 60
60, 2389, 200, 1793, 76
60, 2390, 200, 1541, 58
60, 2391, 200, 1416, 44
60, 2392, 200, 1456, 60
60, 2393, 200, 1581, 53
60, 2394, 200, 1978, 48
60, 2395, 200, 1728, 65
60, 2396, 200, 1822, 63
60, 2397, 200, 1588, 57
60, 2398, 200, 1798, 62
60, 2399, 200, 1994, 53
61, 2400, 200, 1278, 63
61, 2401, 200, 1370, 55
61, 2402, 200, 1267, 40
61, 2403, 200, 1753, 61
61, 2404, 200, 1442, 38
61, 2405, 200, 1599, 51
61, 2406, 200, 1303, 39
61, 2407, 200, 1341, 39
61, 2408, 200, 1751, 45
61, 2409, 200, 1517, 49
61, 2410, 200, 1358, 63
61, 2411, 200, 1394, 64
61, 2412, 200, 1879, 43
61, 2413, 200, 1736, 55
61, 2414, 200, 1733, 40
61, 2415, 200, 1717, 51
61, 2416, 200, 1501, 36
61, 2417, 200, 1449, 42
61, 2418, 200, 2064, 56
61, 2419, 200, 1458, 45
61, 2420, 200, 1434, 46
61, 2421, 200, 1966, 74
61, 2422, 200, 1816, 54
61, 2423, 200, 1903, 74
61, 2424, 200, 1230, 65
61, 2425, 200, 1650, 51
61, 2426, 200, 1905, 47
61, 2427, 200, 1643, 48
61, 2428, 200, 1870, 72
61, 2429, 200, 1841, 58
61, 2430, 200, 1235, 61
61, 2431, 200, 1655, 52
61, 2432, 200, 1934, 85
61, 2433, 200, 1595, 74
61, 2434, 200, 1106, 28
61, 2435, 200, 1500, 42
61, 2436, 200, 1187, 48
61, 2437, 200, 1524, 57
61, 2438, 200, 1445, 58
61, 2439, 200, 1527, 30
62, 2440, 200, 1180, 45
62, 2441, 200, 1388, 69
62, 2442, 200, 1940, 64
62, 2443, 200, 1712, 61
62, 2444, 200, 1487, 56
62, 2445, 200, 2058, 97
62, 2446, 200, 2454, 80
62, 2447, 200, 1547, 62
62, 2448, 200, 1396, 48
62, 2449, 200, 1924, 79
62, 2450, 200, 1214, 53
62, 2451, 200, 1438, 79
62, 2452, 200, 1944, 65
62, 2453, 200, 1149, 49
62, 2454, 200, 1935, 58
62, 2455, 200, 1297, 49
62, 2456, 200, 1389, 48
62, 2457, 200, 1372, 57
62, 2458, 200, 1510, 52
62, 2459, 200, 1632, 35
62, 2460, 200, 1875, 67
62, 2461, 200, 1720, 50
62, 2462, 200, 1531, 59
62, 2463, 200, 1860, 74
62, 2464, 200, 2228, 86
62, 2465, 200, 2398, 64
62, 2466, 200, 1989, 110
62, 2467, 200, 1601, 68
62, 2468, 200, 1705, 68
62, 2469, 200, 1580, 101
62, 2470, 200, 1414, 69
62, 2471, 200, 1712, 60
62, 2472, 200, 1244, 71
62, 2473, 200, 2140, 73
62, 2474, 200, 1469, 71
62, 2475, 200, 1244, 58
62, 2476, 200, 1638, 79
62, 2477, 200, 1571, 84
62, 2478, 200, 1323, 69
62, 2479, 200, 1743, 85
63, 2480, 200, 1478, 50
63, 2481, 200, 1163, 41
63, 2482, 200, 1558, 81
63, 2483, 200, 1505, 44
63, 2484, 200, 1387, 37
63, 2485, 200, 1655, 38
63, 2486, 200, 1458, 47
63, 2487, 200, 1775, 42
63, 2488, 200, 1728, 53
63, 2489, 200, 1578, 40
63, 2490, 200, 1312, 64
63, 2491, 200, 1767, 83
63, 2492, 200, 1930, 82
63, 2493, 200, 1664, 42
63, 2494, 200, 1658, 56
63, 2495, 200, 1534, 44
63, 2496, 200, 2285, 67
63, 2497, 200, 1906, 50
63, 2498, 200, 1752, 66
63, 2499, 200, 1755, 75
63, 2500, 200, 1869, 52
63, 2501, 200, 1762, 86
63, 2502, 200, 1770, 63
63, 2503, 200, 1923, 50
63, 2504, 200, 1772, 54
63, 2505, 200, 1434, 63
63, 2506, 200, 1933, 84
63, 2507, 200, 1949, 53
63, 2508, 200, 1474, 44
63, 2509, 200, 1773, 77
63, 2510, 200, 2062, 101
63, 2511, 200, 2037, 64
63, 2512, 200, 1508, 74
63, 2513, 200, 1505, 51
63, 2514, 200, 1516, 37
63, 2515, 200, 1561, 55
63, 2516, 200, 2144, 51
63, 2517, 200, 1860, 56
63, 2518, 200, 1802, 46
63, 2519, 200, 1884, 70
64, 2520, 200, 1831, 82
64, 2521, 200, 1881, 80
64, 2522, 200, 2055, 89
64, 2523, 200, 2214, 68
64, 2524, 200, 1809, 59
64, 2525, 200, 1623, 38
64, 2526, 200, 1564, 52
64, 2527, 200, 1313, 36
64, 2528, 200, 1513, 62
64, 2529, 200, 1168, 47
64, 2530, 200, 1295, 58
64, 2531, 200, 1857, 70
64, 2532, 200, 1383, 73
64, 2533, 200, 1227, 63
64, 2534, 200, 1647, 51
64, 2535, 200, 1449, 64
64, 2536, 200, 1434, 43
64, 2537, 200, 1642, 51
64, 2538, 200, 1164, 49
64, 2539, 200, 1612, 60
64, 2540, 200, 1674, 65
64, 2541, 200, 1304, 60
64, 2542, 200, 1116, 46
64, 2543, 200, 1294, 55
64, 2544, 200, 1325, 28
64, 2545, 200, 1023, 42
64, 2546, 200, 1065, 36
64, 2547, 200, 1408, 62
64, 2548, 200, 1742, 64
64, 2549, 200, 1403, 69
64, 2550, 200, 1710, 63
64, 2551, 200, 1464, 64
64, 2552, 200, 1652, 81
64, 2553, 200, 1322, 87
64, 2554, 200, 1754, 65
64, 2555, 200, 1274, 82
64, 2556, 200, 1509, 83
64, 2557, 200, 1290, 75
64, 2558, 200, 1274, 54
64, 2559, 200, 1446, 60
65, 2560, 200, 1859, 98
65, 2561, 200, 1540, 68
65, 2562, 200, 1736, 54
65, 2563, 200, 1658, 54
65, 2564, 200, 1622, 64
65, 2565, 200, 1912, 42
65, 2566, 200, 1289, 50
65, 2567, 200, 1302, 40
65, 2568, 200, 1725, 47
65, 2569, 200, 1415, 51
65, 2570, 200, 1966, 66
65, 2571, 200, 2415, 89
65, 2572, 200, 1406, 33
65, 2573, 200, 1670, 63
65, 2574, 200, 1701, 68
65, 2575, 200, 1463, 59
65, 2576, 200, 1422, 47
65, 2577, 200, 1711, 44
65, 2578, 200, 2321, 51
65, 2579, 200, 1982, 45
65, 2580, 200, 1516, 57
65, 2581, 200, 1782, 48
65, 2582, 200, 1607, 33
65, 2583, 200, 1377, 46
65, 2584, 200, 1619, 24
65, 2585, 200, 1254, 33
65, 2586, 200, 1658, 29
65, 2587, 200, 1084, 34
65, 2588, 200, 1322, 54
65, 2589, 200, 1292, 37
65, 2590, 200, 1267, 53
65, 2591, 200, 1274, 62
65, 2592, 200, 1335, 48
65, 2593, 200, 1172, 36
65, 2594, 200, 1099, 36
65, 2595, 200, 1191, 40
65, 2596, 200, 1055, 67
65, 2597, 200, 1279, 67
65, 2598, 200, 1251, 47
65, 2599, 200, 1264, 50
66, 2600, 200, 1436, 54
66, 2601, 200, 1703, 58
66, 2602, 200, 1425, 84
66, 2603, 200, 1303, 43
66, 2604, 200, 1376, 41
66, 2605, 200, 1814, 49
66, 2606, 200, 1968, 53
66, 2607, 200, 1554, 52
66, 2608, 200, 1664, 60
66, 2609, 200, 1598, 64
66, 2610, 200, 1731, 35
66, 2611, 200, 897, 33
66, 2612, 200, 1366, 55
66, 2613, 200, 1076, 46
66, 2614, 200, 1539, 85
66, 2615, 200, 1027, 35
66, 2616, 200, 1228, 31
66, 2617, 200, 669, 33
66, 2618, 200, 1274, 46
66, 2619, 200, 896, 36
66, 2620, 200, 1126, 59
66, 2621, 200, 1192, 55
66, 2622, 200, 1507, 45
66, 2623, 200, 1668, 52
66, 2624, 200, 1448, 37
66, 2625, 200, 1889, 49
66, 2626, 200, 2533, 52
66, 2627, 200, 1653, 49
66, 2628, 200, 1453, 56
66, 2629, 200, 1533, 57
66, 2630, 200, 1744, 73
66, 2631, 200, 1995, 65
66, 2632, 200, 1458, 24
66, 2633, 200, 1190, 23
66, 2634, 200, 1607, 46
66, 2635, 200, 1148, 31
66, 2636, 200, 1162, 37
66, 2637, 200, 1122, 46
66, 2638, 200, 1208, 39
66, 2639, 200, 1577, 51
67, 2640, 200, 1242, 31
67, 2641, 200, 972, 30
67, 2642, 200, 1242, 52
67, 2643, 200, 1640, 50
67, 2644, 200, 1315, 45
67, 2645, 200, 1295, 57
67, 2646, 200, 1581, 42
67, 2647, 200, 1711, 54
67, 2648, 200, 1398, 30
67, 2649, 200, 1485, 38
67, 2650, 200, 1469, 45
67, 2651, 200, 1387, 48
67, 2652, 200, 1834, 68
67, 2653, 200, 1924, 74
67, 2654, 200, 1827, 84
67, 2655, 200, 2421, 82
67, 2656, 200, 2199, 81
67, 2657, 200, 1828, 56
67, 2658, 200, 2270, 64
67, 2659, 200, 1778, 60
67, 2660, 200, 2001, 53
67, 2661, 200, 1223, 48
67, 2662, 200, 1736, 52
67, 2663, 200, 1737, 40
67, 2664, 200, 1338, 53
67, 2665, 200, 1987, 66
67, 2666, 200, 1425, 71
67, 2667, 200, 1644, 68
67, 2668, 200, 1268, 54
67, 2669, 200, 1461, 48
67, 2670, 200, 1430, 52
67, 2671, 200, 1581, 51
67, 2672, 200, 1424, 46
67, 2673, 200, 1103, 45
67, 2674, 200, 1444, 74
67, 2675, 200, 1300, 46
67, 2676, 200, 1608, 52
67, 2677, 200, 1206, 36
67, 2678, 200, 1204, 62
67, 2679, 200, 1707, 51
68, 2680, 200, 1706, 33
68, 2681, 200, 1973, 59
68, 2682, 200, 1754, 35
68, 2683, 200, 1299, 38
68, 2684, 200, 1305, 37
68, 2685, 200, 1759, 55
68, 2686, 200, 1585, 58
68, 2687, 200, 1854, 63
68, 2688, 200, 1492, 40
68, 2689, 200, 1235, 58
68, 2690, 200, 1395, 41
68, 2691, 200, 1227, 34
68, 2692, 200, 1440, 48
68, 2693, 200, 1548, 26
68, 2694, 200, 1894, 42
68, 2695, 200, 1734, 83
68, 2696, 200, 1561, 57
68, 2697, 200, 1517, 45
68, 2698, 200, 1826, 49
68, 2699, 200, 1927, 69
68, 2700, 200, 1942, 64
68, 2701, 200, 1593, 46
68, 2702, 200, 1646, 46
68, 2703, 200, 1643, 69
68, 2704, 200, 1507, 42
68, 2705, 200, 1766, 50
68, 2706, 200, 1814, 47
68, 2707, 200, 1562, 30
68, 2708, 200, 1582, 33
68, 2709, 200, 1539, 39
68, 2710, 200, 1791, 57
68, 2711, 200, 1631, 49
68, 2712, 200, 1092, 55
68, 2713, 200, 1068, 47
68, 2714, 200, 1256, 49
68, 2715, 200, 1301, 30
68, 2716, 200, 1776, 53
68, 2717, 200, 1610, 44
68, 2718, 200, 1487, 30
68, 2719, 200, 1103, 30
69, 2720, 200, 1288, 61
69, 2721, 200, 1126, 42
69, 2722, 200, 1319, 52
69, 2723, 200, 1381, 54
69, 2724, 200, 1142, 45
69, 2725, 200, 1305, 37
69, 2726, 200, 952, 38
69, 2727, 200, 1185, 39
69, 2728, 200, 1171, 20
69, 2729, 200, 1490, 39
69, 2730, 200, 1650, 63
69, 2731, 200, 1391, 46
69, 2732, 200, 1361, 23
69, 2733, 200, 1158, 41
69, 2734, 200, 1505, 50
69, 2735, 200, 1293, 54
69, 2736, 200, 1450, 43
69, 2737, 200, 1660, 38
69, 2738, 200, 1430, 44
69, 2739, 200, 1821, 59
69, 2740, 200, 1415, 61
69, 2741, 200, 953, 34
69, 2742, 200, 1284, 64
69, 2743, 200, 1233, 52
69, 2744, 200, 1360, 38
69, 2745, 200, 1503, 44
69, 2746, 200, 1489, 43
69, 2747, 200, 1293, 62
69, 2748, 200, 1392, 31
69, 2749, 200, 1395, 38
69, 2750, 200, 1218, 29
69, 2751, 200, 1222, 35
69, 2752, 200, 970, 30
69, 2753, 200, 1295, 16
69, 2754, 200, 1129, 32
69, 2755, 200, 1315, 55
69, 2756, 200, 1136, 36
69, 2757, 200, 662, 33
69, 2758, 200, 1368, 65
69, 2759, 200, 1332, 67
70, 2760, 200, 2005, 70
70, 2761, 200, 1930, 59
70, 2762, 200, 1221, 55
70, 2763, 200, 2056, 86
70, 2764, 200, 1874, 53
70, 2765, 200, 1760, 50
70, 2766, 200, 1724, 81
70, 2767, 200, 2115, 59
70, 2768, 200, 1905, 76
70, 2769, 200, 1479, 69
70, 2770, 200, 1844, 66
70, 2771, 200, 1414, 60
70, 2772, 200, 1409, 50
70, 2773, 200, 1624, 69
70, 2774, 200, 1735, 52
70, 2775, 200, 1909, 65
70, 2776, 200, 1426, 61
70, 2777, 200, 2077, 61
70, 2778, 200, 1573, 45
70, 2779, 200, 1712, 32
70, 2780, 200, 2023, 73
70, 2781, 200, 1830, 52
70, 2782, 200, 1907, 52
70, 2783, 200, 2128, 35
70, 2784, 200, 1553, 53
70, 2785, 200, 1675, 53
70, 2786, 200, 1198, 40
70, 2787, 200, 1184, 35
70, 2788, 200, 1408, 39
70, 2789, 200, 1447, 38
70, 2790, 200, 1334, 51
70, 2791, 200, 1377, 45
70, 2792, 200, 1552, 50
70, 2793, 200, 1204, 44
70, 2794, 200, 1451, 47
70, 2795, 200, 1390, 35
70, 2796, 200, 1488, 51
70, 2797, 200, 2357, 64
70, 2798, 200, 1254, 40
70, 2799, 200, 1309, 27
71, 2800, 200, 1292, 38
71, 2801, 200, 1302, 51
71, 2802, 200, 1415, 59
71, 2803, 200, 1382, 44
71, 2804, 200, 1353, 44
71, 2805, 200, 1820, 51
71, 2806, 200, 1705, 45
71, 2807, 200, 1233, 43
71, 2808, 200, 1729, 29
71, 2809, 200, 1503, 67
71, 2810, 200, 1444, 32
71, 2811, 200, 1356, 38
71, 2812, 200, 1508, 34
71, 2813, 200, 1337, 43
71, 2814, 200, 1483, 38
71, 2815, 200, 1208, 38
71, 2816, 200, 1433, 57
71, 2817, 200, 1567, 62
71, 2818, 200, 1133, 38
71, 2819, 200, 1302, 28
71, 2820, 200, 1039, 27
71, 2821, 200, 1612, 44
71, 2822, 200, 1352, 42
71, 2823, 200, 2107, 65
71, 2824, 200, 1595, 32
71, 2825, 200, 1592, 36
71, 2826, 200, 1799, 49
71, 2827, 200, 1386, 53
71, 2828, 200, 1698, 37
71, 2829, 200, 1503, 53
71, 2830, 200, 1437, 31
71, 2831, 200, 1195, 38
71, 2832, 200, 1903, 41
71, 2833, 200, 1978, 59
71, 2834, 200, 1818, 52
71, 2835, 200, 1655, 33
71, 2836, 200, 1865, 43
71, 2837, 200, 1003, 47
71, 2838, 200, 1805, 60
71, 2839, 200, 1313, 42
72, 2840, 200, 1647, 38
72, 2841, 200, 1518, 40
72, 2842, 200, 1059, 32
72, 2843, 200, 1389, 19
72, 2844, 200, 940, 36
72, 2845, 200, 1215, 51
72, 2846, 200, 1061, 43
72, 2847, 200, 1265, 34
72, 2848, 200, 1000, 28
72, 2849, 200, 1450, 55
72, 2850, 200, 1544, 50
72, 2851, 200, 1317, 45
72, 2852, 200, 1446, 49
72, 2853, 200, 1056, 36
72, 2854, 200, 1037, 46
72, 2855, 200, 1556, 49
72, 2856, 200, 1026, 26
72, 2857, 200, 1220, 25
72, 2858, 200, 1086, 24
72, 2859, 200, 1180, 37
72, 2860, 200, 1386, 50
72, 2861, 200, 1305, 40
72, 2862, 200, 1234, 39
72, 2863, 200, 1317, 43
72, 2864, 200, 1356, 70
72, 2865, 200, 2068, 72
72, 2866, 200, 1470, 43
72, 2867, 200, 1884, 70
72, 2868, 200, 1174, 27
72, 2869, 200, 1748, 38
72, 2870, 200, 1117, 33
72, 2871, 200, 705, 19
72, 2872, 200, 975, 33
72, 2873, 200, 1366, 30
72, 2874, 200, 1458, 54
72, 2875, 200, 1573, 32
72, 2876, 200, 1580, 53
72, 2877, 200, 1356, 40
72, 2878, 200, 1357, 57
72, 2879, 200, 1637, 15
73, 2880, 200, 1439, 48
73, 2881, 200, 1377, 42
73, 2882, 200, 2110, 69
73, 2883, 200, 1279, 51
73, 2884, 200, 1731, 42
73, 2885, 200, 1713, 52
73, 2886, 200, 1718, 42
73, 2887, 200, 1646, 46
73, 2888, 200, 1936, 48
73, 2889, 200, 1560, 44
73, 2890, 200, 2059, 50
73, 2891, 200, 1601, 19
73, 2892, 200, 1013, 33
73, 2893, 200, 1363, 44
73, 2894, 200, 993, 27
73, 2895, 200, 1786, 57
73, 2896, 200, 1621, 50
73, 2897, 200, 1157, 59
73, 2898, 200, 1354, 57
73, 2899, 200, 1513, 50
73, 2900, 200, 1205, 51
73, 2901, 200, 1241, 69
73, 2902, 200, 1336, 35
73, 2903, 200, 1879, 40
73, 2904, 200, 1233, 36
73, 2905, 200, 1168, 33
73, 2906, 200, 1015, 35
73, 2907, 200, 1260, 44
73, 2908, 200, 1075, 37
73, 2909, 200, 1389, 53
73, 2910, 200, 1349, 23
73, 2911, 200, 1223, 31
73, 2912, 200, 1647, 27
73, 2913, 200, 1257, 38
73, 2914, 200, 1149, 24
73, 2915, 200, 1494, 54
73, 2916, 200, 1519, 40
73, 2917, 200, 1428, 42
73, 2918, 200, 1670, 47
73, 2919, 200, 1746, 61
74, 2920, 200, 1497, 47
74, 2921, 200, 1806, 36
74, 2922, 200, 1385, 47
74, 2923, 200, 1816, 54
74, 2924, 200, 1829, 63
74, 2925, 200, 1360, 32
74, 2926, 200, 1876, 49
74, 2927, 200, 1686, 55
74, 2928, 200, 1716, 55
74, 2929, 200, 1303, 48
74, 2930, 200, 1339, 41
74, 2931, 200, 1759, 59
74, 2932, 200, 1579, 66
74, 2933, 200, 1841, 59
74, 2934, 200, 1631, 51
74, 2935, 200, 1808, 48
74, 2936, 200, 1668, 43
74, 2937, 200, 1413, 40
74, 2938, 200, 1277, 42
74, 2939, 200, 2103, 52
74, 2940, 200, 1325, 33
74, 2941, 200, 977, 37
74, 2942, 200, 1121, 33
74, 2943, 200, 1569, 67
74, 2944, 200, 1409, 54
74, 2945, 200, 1622, 59
74, 2946, 200, 1139, 46
74, 2947, 200, 1391, 48
74, 2948, 200, 1406, 51
74, 2949, 200, 1535, 47
74, 2950, 200, 1133, 43
74, 2951, 200, 1480, 46
74, 2952, 200, 1822, 64
74, 2953, 200, 1603, 63
74, 2954, 200, 1494, 47
74, 2955, 200, 1746, 49
74, 2956, 200, 1898, 63
74, 2957, 200, 1706, 42
74, 2958, 200, 1973, 46
74, 2959, 200, 1616, 52
75, 2960, 200, 1604, 73
75, 2961, 200, 1233, 44
75, 2962, 200, 1464, 28
75, 2963, 200, 1508, 60
75, 2964, 200, 1926, 69
75, 2965, 200, 1701, 60
75, 2966, 200, 1470, 55
75, 2967, 200, 1352, 49
75, 2968, 200, 1535, 48
75, 2969, 200, 1469, 43
75, 2970, 200, 1359, 34
75, 2971, 200, 1009, 49
75, 2972, 200, 1522, 109
75, 2973, 200, 1656, 65
75, 2974, 200, 1395, 70
75, 2975, 200, 1440, 53
75, 2976, 200, 2087, 56
75, 2977, 200, 1760, 57
75, 2978, 200, 1527, 69
75, 2979, 200, 1471, 60
75, 2980, 200, 1614, 54
75, 2981, 200, 1199, 50
75, 2982, 200, 1205, 42
75, 2983, 200, 1366, 37
75, 2984, 200, 1604, 54
75, 2985, 200, 1714, 38
75, 2986, 200, 1278, 43
75, 2987, 200, 1368, 60
75, 2988, 200, 1501, 65
75, 2989, 200, 2179, 59
75, 2990, 200, 1366, 41
75, 2991, 200, 1727, 49
75, 2992, 200, 1577, 60
75, 2993, 200, 1414, 42
75, 2994, 200, 2215, 55
75, 2995, 200, 2123, 55
75, 2996, 200, 1846, 51
75, 2997, 200, 1556, 52
75, 2998, 200, 1825, 53
75, 2999, 200, 1232, 46
76, 3000, 200, 1535, 47
76, 3001, 200, 1310, 39
76, 3002, 200, 1422, 49
76, 3003, 200, 1153, 39
76, 3004, 200, 1484, 33
76, 3005, 200, 1308, 50
76, 3006, 200, 1360, 31
76, 3007, 200, 1493, 39
76, 3008, 200, 1339, 42
76, 3009, 200, 1379, 48
76, 3010, 200, 1284, 31
76, 3011, 200, 1379, 36
76, 3012, 200, 1288, 45
76, 3013, 200, 1412, 40
76, 3014, 200, 1533, 50
76, 3015, 200, 1446, 53
76, 3016, 200, 983, 34
76, 3017, 200, 1620, 72
76, 3018, 200, 1531, 53
76, 3019, 200, 1710, 59
76, 3020, 200, 1455, 49
76, 3021, 200, 1346, 39
76, 3022, 200, 1679, 58
76, 3023, 200, 1795, 63
76, 3024, 200, 1489, 41
76, 3025, 200, 1306, 63
76, 3026, 200, 1591, 37
76, 3027, 200, 1811, 55
76, 3028, 200, 1559, 66
76, 3029, 200, 1647, 40
76, 3030, 200, 1429, 25
76, 3031, 200, 1559, 39
76, 3032, 200, 1310, 40
76, 3033, 200, 1184, 47
76, 3034, 200, 1700, 55
76, 3035, 200, 2152, 50
76, 3036, 200, 1915, 46
76, 3037, 200, 1304, 50
76, 3038, 200, 1892, 54
76, 3039, 200, 2022, 45
77, 3040, 200, 1547, 49
77, 3041, 200, 1905, 55
77, 3042, 200, 1475, 51
77, 3043, 200, 1699, 55
77, 3044, 200, 1514, 63
77, 3045, 200, 1548, 44
77, 3046, 200, 1592, 54
77, 3047, 200, 2267, 80
77, 3048, 200, 1637, 62
77, 3049, 200, 1859, 45
77, 3050, 200, 1688, 47
77, 3051, 200, 1696, 48
77, 3052, 200, 1797, 45
77, 3053, 200, 1409, 52
77, 3054, 200, 1322, 23
77, 3055, 200, 1561, 46
77, 3056, 200, 1784, 51
77, 3057, 200, 1849, 45
77, 3058, 200, 1970, 31
77, 3059, 200, 1841, 45
77, 3060, 200, 1799, 49
77, 3061, 200, 1559, 52
77, 3062, 200, 1358, 45
77, 3063, 200, 1342, 34
77, 3064, 200, 1655, 32
77, 3065, 200, 1259, 59
77, 3066, 200, 1338, 41
77, 3067, 200, 1434, 38
77, 3068, 200, 2368, 79
77, 3069, 200, 1860, 57
77, 3070, 200, 2231, 60
77, 3071, 200, 2013, 59
77, 3072, 200, 1843, 59
77, 3073, 200, 1635, 52
77, 3074, 200, 1271, 31
77, 3075, 200, 1361, 41
77, 3076, 200, 1578, 47
77, 3077, 200, 1438, 42
77, 3078, 200, 1138, 43
77, 3079, 200, 1287, 26
78, 3080, 200, 1177, 25
78, 3081, 200, 1492, 66
78, 3082, 200, 1249, 31
78, 3083, 200, 1309, 51
78, 3084, 200, 1606, 55
78, 3085, 200, 1487, 38
78, 3086, 200, 1198, 34
78, 3087, 200, 1510, 56
78, 3088, 200, 1763, 39
78, 3089, 200, 1814, 55
78, 3090, 200, 1551, 77
78, 3091, 200, 1850, 61
78, 3092, 200, 1298, 49
78, 3093, 200, 1576, 36
78, 3094, 200, 1915, 45
78, 3095, 200, 2119, 52
78, 3096, 200, 1730, 42
78, 3097, 200, 1958, 53
78, 3098, 200, 2050, 66
78, 3099, 200, 2167, 61
78, 3100, 200, 1726, 49
78, 3101, 200, 1582, 35
78, 3102, 200, 1916, 46
78, 3103, 200, 1675, 51
78, 3104, 200, 1647, 28
78, 3105, 200, 1398, 54
78, 3106, 200, 1391, 46
78, 3107, 200, 1276, 32
78, 3108, 200, 1437, 34
78, 3109, 200, 999, 23
78, 3110, 200, 966, 49
78, 3111, 200, 1053, 46
78, 3112, 200, 1507, 61
78, 3113, 200, 1286, 43
78, 3114, 200, 1143, 36
78, 3115, 200, 1450, 41
78, 3116, 200, 975, 34
78, 3117, 200, 1741, 44
78, 3118, 200, 1605, 69
78, 3119, 200, 1697, 49
79, 3120, 200, 1787, 41
79, 3121, 200, 1920, 58
79, 3122, 200, 1581, 39
79, 3123, 200, 1712, 27
79, 3124, 200, 1740, 23
79, 3125, 200, 1531, 30
79, 3126, 200, 1541, 22
79, 3127, 200, 1873, 61
79, 3128, 200, 1949, 78
79, 3129, 200, 1757, 37
79, 3130, 200, 1216, 23
79, 3131, 200, 1201, 55
79, 3132, 200, 1701, 56
79, 3133, 200, 1344, 49
79, 3134, 200, 1645, 39
79, 3135, 200, 1207, 66
79, 3136, 200, 1528, 49
79, 3137, 200, 1503, 63
79, 3138, 200, 1703, 52
79, 3139, 200, 1572, 40
79, 3140, 200, 1795, 34
79, 3141, 200, 1916, 46
79, 3142, 200, 1627, 59
79, 3143, 200, 1412, 35
79, 3144, 200, 1677, 36
79, 3145, 200, 1392, 36
79, 3146, 200, 1255, 49
79, 3147, 200, 1162, 39
79, 3148, 200, 1539, 65
79, 3149, 200, 1170, 30
79, 3150, 200, 1408, 28
79, 3151, 200, 1440, 23
79, 3152, 200, 1833, 36
79, 3153, 200, 1734, 61
79, 3154, 200, 1245, 55
79, 3155, 200, 1766, 55
79, 3156, 200, 1380, 40
79, 3157, 200, 1959, 47
79, 3158, 200, 1315, 34
79, 3159, 200, 1786, 65
80, 3160, 200, 1703, 41
80, 3161, 200, 1841, 43
80, 3162, 200, 1544, 24
80, 3163, 200, 1574, 66
80, 3164, 200, 1424, 42
80, 3165, 200, 1639, 65
80, 3166, 200, 1640, 39
80, 3167, 200, 1587, 35
80, 3168, 200, 1538, 28
80, 3169, 200, 2138, 59
80, 3170, 200, 1708, 41
80, 3171, 200, 1783, 34
80, 3172, 200, 1528, 42
80, 3173, 200, 1677, 58
80, 3174, 200, 1447, 47
80, 3175, 200, 1491, 38
80, 3176, 200, 1204, 31
80, 3177, 200, 1664, 21
80, 3178, 200, 1097, 29
80, 3179, 200, 1184, 25
80, 3180, 200, 1385, 39
80, 3181, 200, 1113, 24
80, 3182, 200, 1393, 31
80, 3183, 200, 1374, 31
80, 3184, 200, 1643, 39
80, 3185, 200, 1381, 30
80, 3186, 200, 1482, 50
80, 3187, 200, 1981, 61
80, 3188, 200, 1463, 64
80, 3189, 200, 1807, 39
80, 3190, 200, 1689, 61
80, 3191, 200, 1452, 31
80, 3192, 200, 1564, 48
80, 3193, 200, 1643, 62
80, 3194, 200, 1465, 71
80, 3195, 200, 1365, 27
80, 3196, 200, 1161, 38
80, 3197, 200, 1387, 38
80, 3198, 200, 1540, 31
80, 3199, 200, 1368, 34
81, 3200, 200, 1251, 40
81, 3201, 200, 1160, 42
81, 3202, 200, 1233, 62
81, 3203, 200, 905, 43
81, 3204, 200, 1447, 52
81, 3205, 200, 1170, 64
81, 3206, 200, 1614, 38
81, 3207, 200, 1277, 43
81, 3208, 200, 1327, 42
81, 3209, 200, 1104, 27
81, 3210, 200, 1199, 50
81, 3211, 200, 1347, 52
81, 3212, 200, 1712, 38
81, 3213, 200, 1185, 35
81, 3214, 200, 998, 56
81, 3215, 200, 779, 25
81, 3216, 200, 1439, 58
81, 3217, 200, 1522, 45
81, 3218, 200, 1291, 42
81, 3219, 200, 878, 31
81, 3220, 200, 1056, 35
81, 3221, 200, 1096, 34
81, 3222, 200, 1249, 30
81, 3223, 200, 1066, 69
81, 3224, 200, 1508, 34
81, 3225, 200, 1461, 32
81, 3226, 200, 1183, 37
81, 3227, 200, 1200, 33
81, 3228, 200, 1024, 53
81, 3229, 200, 1254, 35
81, 3230, 200, 1252, 42
81, 3231, 200, 1038, 34
81, 3232, 200, 1512, 43
81, 3233, 200, 1393, 49
81, 3234, 200, 1038, 37
81, 3235, 200, 1955, 45
81, 3236, 200, 1544, 53
81, 3237, 200, 1101, 54
81, 3238, 200, 1445, 38
81, 3239, 200, 1311, 36
82, 3240, 200, 1467, 32
82, 3241, 200, 1014, 37
82, 3242, 200, 1064, 54
82, 3243, 200, 1449, 43
82, 3244, 200, 1349, 54
82, 3245, 200, 1252, 37
82, 3246, 200, 1130, 38
82, 3247, 200, 1127, 41
82, 3248, 200, 990, 28
82, 3249, 200, 1118, 44
82, 3250, 200, 1277, 67
82, 3251, 200, 1227, 39
82, 3252, 200, 1248, 63
82, 3253, 200, 1103, 58
82, 3254, 200, 1075, 25
82, 3255, 200, 1030, 23
82, 3256, 200, 1069, 43
82, 3257, 200, 1105, 46
82, 3258, 200, 1359, 63
82, 3259, 200, 1086, 30
82, 3260, 200, 1122, 34
82, 3261, 200, 1439, 77
82, 3262, 200, 1054, 49
82, 3263, 200, 1307, 46
82, 3264, 200, 1329, 46
82, 3265, 200, 1153, 56
82, 3266, 200, 1443, 51
82, 3267, 200, 1712, 58
82, 3268, 200, 1483, 75
82, 3269, 200, 1207, 32
82, 3270, 200, 1365, 53
82, 3271, 200, 1441, 33
82, 3272, 200, 1061, 23
82, 3273, 200, 1622, 31
82, 3274, 200, 1753, 44
82, 3275, 200, 1500, 38
82, 3276, 200, 1647, 33
82, 3277, 200, 1448, 31
82, 3278, 200, 1621, 43
82, 3279, 200, 1998, 39
83, 3280, 200, 1875, 47
83, 3281, 200, 1312, 39
83, 3282, 200, 1766, 59
83, 3283, 200, 1525, 55
83, 3284, 200, 1597, 37
83, 3285, 200, 1511, 43
83, 3286, 200, 1120, 24
83, 3287, 200, 1283, 40
83, 3288, 200, 1070, 30
83, 3289, 200, 1256, 67
83, 3290, 200, 1266, 56
83, 3291, 200, 1366, 41
83, 3292, 200, 1103, 32
83, 3293, 200, 1396, 55
83, 3294, 200, 1865, 43
83, 3295, 200, 1966, 58
83, 3296, 200, 1486, 44
83, 3297, 200, 1534, 38
83, 3298, 200, 1645, 43
83, 3299, 200, 1281, 45
83, 3300, 200, 1536, 59
83, 3301, 200, 1118, 32
83, 3302, 200, 1170, 39
83, 3303, 200, 1173, 36
83, 3304, 200, 1576, 58
83, 3305, 200, 1483, 63
83, 3306, 200, 1101, 33
83, 3307, 200, 1340, 56
83, 3308, 200, 1543, 54
83, 3309, 200, 1802, 70
83, 3310, 200, 1223, 33
83, 3311, 200, 1028, 35
83, 3312, 200, 1664, 53
83, 3313, 200, 2015, 50
83, 3314, 200, 1182, 26
83, 3315, 200, 1704, 57
83, 3316, 200, 1677, 47
83, 3317, 200, 1768, 56
83, 3318, 200, 1657, 40
83, 3319, 200, 1508, 39
84, 3320, 200, 1641, 52
84, 3321, 200, 1298, 41
84, 3322, 200, 1663, 48
84, 3323, 200, 1721, 40
84, 3324, 200, 1778, 37
84, 3325, 200, 1386, 46
84, 3326, 200, 1598, 40
84, 3327, 200, 1475, 25
84, 3328, 200, 1041, 40
84, 3329, 200, 1562, 63
84, 3330, 200, 1282, 33
84, 3331, 200, 1386, 34
84, 3332, 200, 1127, 56
84, 3333, 200, 2090, 68
84, 3334, 200, 1661, 42
84, 3335, 200, 1531, 44
84, 3336, 200, 1324, 35
84, 3337, 200, 1566, 50
84, 3338, 200, 1570, 69
84, 3339, 200, 1686, 51
84, 3340, 200, 1703, 55
84, 3341, 200, 1223, 34
84, 3342, 200, 1482, 38
84, 3343, 200, 1137, 53
84, 3344, 200, 1542, 58
84, 3345, 200, 1358, 47
84, 3346, 200, 1764, 63
84, 3347, 200, 1849, 56
84, 3348, 200, 1356, 22
84, 3349, 200, 1272, 53
84, 3350, 200, 1514, 55
84, 3351, 200, 1344, 40
84, 3352, 200, 1547, 30
84, 3353, 200, 1533, 31
84, 3354, 200, 1077, 55
84, 3355, 200, 1415, 52
84, 3356, 200, 1747, 25
84, 3357, 200, 1283, 32
84, 3358, 200, 1583, 47
84, 3359, 200, 1743, 39
85, 3360, 200, 1498, 45
85, 3361, 200, 1717, 56
85, 3362, 200, 1654, 51
85, 3363, 200, 1476, 34
85, 3364, 200, 2143, 49
85, 3365, 200, 1495, 37
85, 3366, 200, 1589, 48
85, 3367, 200, 1399, 54
85, 3368, 200, 1775, 61
85, 3369, 200, 1698, 61
85, 3370, 200, 2197, 76
85, 3371, 200, 1190, 28
85, 3372, 200, 1666, 39
85, 3373, 200, 1819, 26
85, 3374, 200, 1915, 53
85, 3375, 200, 1321, 26
85, 3376, 200, 1808, 56
85, 3377, 200, 1476, 33
85, 3378, 200, 1446, 42
85, 3379, 200, 1643, 46
85, 3380, 200, 1291, 45
85, 3381, 200, 1906, 32
85, 3382, 200, 1839, 43
85, 3383, 200, 1421, 34
85, 3384, 200, 1158, 33
85, 3385, 200, 1525, 45
85, 3386, 200, 1150, 22
85, 3387, 200, 1075, 30
85, 3388, 200, 1623, 34
85, 3389, 200, 1906, 57
85, 3390, 200, 1137, 50
85, 3391, 200, 1264, 27
85, 3392, 200, 884, 18
85, 3393, 200, 1225, 39
85, 3394, 200, 1614, 55
85, 3395, 200, 1201, 30
85, 3396, 200, 1169, 28
85, 3397, 200, 1571, 45
85, 3398, 200, 1195, 59
85, 3399, 200, 1710, 48
86, 3400, 200, 1776, 58
86, 3401, 200, 1900, 77
86, 3402, 200, 1621, 86
86, 3403, 200, 1757, 81
86, 3404, 200, 2006, 72
86, 3405, 200, 1354, 61
86, 3406, 200, 1800, 70
86, 3407, 200, 1352, 34
86, 3408, 200, 1404, 45
86, 3409, 200, 1555, 47
86, 3410, 200, 1994, 77
86, 3411, 200, 2038, 104
86, 3412, 200, 1516, 60
86, 3413, 200, 1384, 30
86, 3414, 200, 1714, 43
86, 3415, 200, 1565, 43
86, 3416, 200, 1324, 51
86, 3417, 200, 1740, 79
86, 3418, 200, 1742, 55
86, 3419, 200, 1365, 54
86, 3420, 200, 1870, 62
86, 3421, 200, 1540, 63
86, 3422, 200, 1607, 62
86, 3423, 200, 1630, 54
86, 3424, 200, 1250, 40
86, 3425, 200, 1640, 47
86, 3426, 200, 2191, 39
86, 3427, 200, 1911, 44
86, 3428, 200, 1769, 66
86, 3429, 200, 1897, 39
86, 3430, 200, 1838, 49
86, 3431, 200, 1829, 46
86, 3432, 200, 1636, 70
86, 3433, 200, 1989, 51
86, 3434, 200, 1664, 73
86, 3435, 200, 1934, 64
86, 3436, 200, 1572, 64
86, 3437, 200, 1351, 51
86, 3438, 200, 1914, 90
86, 3439, 200, 1619, 49
87, 3440, 200, 1932, 77
87, 3441, 200, 1599, 67
87, 3442, 200, 1648, 76
87, 3443, 200, 1114, 35
87, 3444, 200, 1755, 47
87, 3445, 200, 1475, 38
87, 3446, 200, 1729, 70
87, 3447, 200, 1738, 74
87, 3448, 200, 1514, 73
87, 3449, 200, 1611, 38
87, 3450, 200, 2231, 93
87, 3451, 200, 1529, 68
87, 3452, 200, 1669, 61
87, 3453, 200, 1658, 83
87, 3454, 200, 1576, 54
87, 3455, 200, 1548, 35
87, 3456, 200, 1671, 70
87, 3457, 200, 1286, 56
87, 3458, 200, 1237, 49
87, 3459, 200, 1253, 43
87, 3460, 200, 1259, 52
87, 3461, 200, 1524, 64
87, 3462, 200, 1258, 63
87, 3463, 200, 1595, 53
87, 3464, 200, 1240, 61
87, 3465, 200, 1745, 71
87, 3466, 200, 1101, 37
87, 3467, 200, 1605, 47
87, 3468, 200, 1217, 54
87, 3469, 200, 1488, 59
87, 3470, 200, 1392, 51
87, 3471, 200, 1619, 52
87, 3472, 200, 1454, 74
87, 3473, 200, 1878, 72
87, 3474, 200, 1835, 50
87, 3475, 200, 1807, 43
87, 3476, 200, 1702, 78
87, 3477, 200, 1855, 67
87, 3478, 200, 1940, 50
87, 3479, 200, 1819, 58
88, 3480, 200, 1769, 62
88, 3481, 200, 1424, 59
88, 3482, 200, 1860, 53
88, 3483, 200, 1515, 53
88, 3484, 200, 2013, 53
88, 3485, 200, 1384, 42
88, 3486, 200, 1802, 101
88, 3487, 200, 1801, 49
88, 3488, 200, 1218, 42
88, 3489, 200, 1663, 72
88, 3490, 200, 1828, 73
88, 3491, 200, 1855, 60
88, 3492, 200, 1527, 62
88, 3493, 200, 1239, 50
88, 3494, 200, 1375, 31
88, 3495, 200, 1372, 40
88, 3496, 200, 1471, 48
88, 3497, 200, 1260, 40
88, 3498, 200, 2123, 63
88, 3499, 200, 1261, 35
88, 3500, 200, 1242, 48
88, 3501, 200, 1462, 44
88, 3502, 200, 1324, 50
88, 3503, 200, 1458, 49
88, 3504, 200, 1323, 45
88, 3505, 200, 1438, 70
88, 3506, 200, 1109, 49
88, 3507, 200, 1411, 56
88, 3508, 200, 1453, 64
88, 3509, 200, 1594, 52
88, 3510, 200, 1908, 54
88, 3511, 200, 1570, 71
88, 3512, 200, 1795, 90
88, 3513, 200, 1526, 67
88, 3514, 200, 1805, 77
88, 3515, 200, 1545, 58
88, 3516, 200, 2112, 57
88, 3517, 200, 1698, 55
88, 3518, 200, 1440, 41
88, 3519, 200, 1309, 57
89, 3520, 200, 1613, 31
89, 3521, 200, 1157, 39
89, 3522, 200, 1760, 56
89, 3523, 200, 991, 50
89, 3524, 200, 1552, 60
89, 3525, 200, 1613, 58
89, 3526, 200, 938, 37
89, 3527, 200, 1317, 68
89, 3528, 200, 1128, 51
89, 3529, 200, 923, 41
89, 3530, 200, 1214, 66
89, 3531, 200, 1305, 51
89, 3532, 200, 1859, 68
89, 3533, 200, 1257, 48
89, 3534, 200, 1416, 50
89, 3535, 200, 1372, 49
89, 3536, 200, 1266, 34
89, 3537, 200, 1020, 30
89, 3538, 200, 1069, 37
89, 3539, 200, 1352, 48
89, 3540, 200, 1429, 52
89, 3541, 200, 977, 41
89, 3542, 200, 1251, 56
89, 3543, 200, 1472, 52
89, 3544, 200, 1075, 56
89, 3545, 200, 1519, 76
89, 3546, 200, 1443, 46
89, 3547, 200, 1844, 49
89, 3548, 200, 1446, 61
89, 3549, 200, 1426, 44
89, 3550, 200, 1714, 62
89, 3551, 200, 1531, 70
89, 3552, 200, 1732, 53
89, 3553, 200, 1161, 48
89, 3554, 200, 923, 33
89, 3555, 200, 1571, 58
89, 3556, 200, 1721, 63
89, 3557, 200, 2091, 53
89, 3558, 200, 1279, 55
89, 3559, 200, 1521, 39
90, 3560, 200, 1538, 64
90, 3561, 200, 1503, 52
90, 3562, 200, 1401, 59
90, 3563, 200, 1030, 18
90, 3564, 200, 1271, 38
90, 3565, 200, 1159, 33
90, 3566, 200, 1109, 47
90, 3567, 200, 1111, 25
90, 3568, 200, 1428, 41
90, 3569, 200, 1368, 52
90, 3570, 200, 1229, 37
90, 3571, 200, 1142, 37
90, 3572, 200, 1472, 57
90, 3573, 200, 1070, 21
90, 3574, 200, 1383, 51
90, 3575, 200, 1239, 49
90, 3576, 200, 1431, 76
90, 3577, 200, 1472, 43
90, 3578, 200, 1511, 50
90, 3579, 200, 1276, 56
90, 3580, 200, 1283, 30
90, 3581, 200, 1140, 33
90, 3582, 200, 1402, 60
90, 3583, 200, 1490, 53
90, 3584, 200, 888, 10
90, 3585, 200, 848, 9
90, 3586, 200, 1005, 45
90, 3587, 200, 1175, 46
90, 3588, 200, 1140, 44
90, 3589, 200, 1262, 31
90, 3590, 200, 1093, 29
90, 3591, 200, 1250, 64
90, 3592, 200, 1490, 60
90, 3593, 200, 1158, 53
90, 3594, 200, 1126, 50
90, 3595, 200, 1654, 74
90, 3596, 200, 1760, 59
90, 3597, 200, 1846, 65
90, 3598, 200, 1683, 80
90, 3599, 200, 1289, 40
91, 3600, 200, 1992, 47
91, 3601, 200, 1554, 69
91, 3602, 200, 1647, 64
91, 3603, 200, 1285, 37
91, 3604, 200, 1636, 45
91, 3605, 200, 1358, 28
91, 3606, 200, 1089, 41
91, 3607, 200, 999, 35
91, 3608, 200, 1229, 42
91, 3609, 200, 1235, 80
91, 3610, 200, 1199, 36
91, 3611, 200, 1110, 43
91, 3612, 200, 1539, 43
91, 3613, 200, 1584, 30
91, 3614, 200, 1254, 43
91, 3615, 200, 1538, 51
91, 3616, 200, 1332, 55
91, 3617, 200, 1587, 59
91, 3618, 200, 1203, 36
91, 3619, 200, 1497, 74
91, 3620, 200, 1320, 53
91, 3621, 200, 1169, 41
91, 3622, 200, 1375, 34
91, 3623, 200, 1588, 43
91, 3624, 200, 1230, 38
91, 3625, 200, 1133, 39
91, 3626, 200, 1233, 35
91, 3627, 200, 913, 21
91, 3628, 200, 919, 26
91, 3629, 200, 972, 30
91, 3630, 200, 1455, 47
91, 3631, 200, 1098, 51
91, 3632, 200, 1319, 37
91, 3633, 200, 1076, 34
91, 3634, 200, 1684, 44
91, 3635, 200, 1288, 51
91, 3636, 200, 1341, 45
91, 3637, 200, 1311, 45
91, 3638, 200, 1688, 60
91, 3639, 200, 736, 29
92, 3640, 200, 1342, 58
92, 3641, 200, 1225, 68
92, 3642, 200, 1340, 75
92, 3643, 200, 1881, 65
92, 3644, 200, 2027, 79
92, 3645, 200, 1574, 57
92, 3646, 200, 1371, 56
92, 3647, 200, 1470, 53
92, 3648, 200, 1408, 32
92, 3649, 200, 1001, 30
92, 3650, 200, 776, 41
92, 3651, 200, 1042, 75
92, 3652, 200, 1993, 74
92, 3653, 200, 1190, 47
92, 3654, 200, 1411, 51
92, 3655, 200, 1236, 33
92, 3656, 200, 1454, 79
92, 3657, 200, 1562, 60
92, 3658, 200, 1328, 42
92, 3659, 200, 1129, 36
92, 3660, 200, 1375, 48
92, 3661, 200, 924, 53
92, 3662, 200, 1189, 34
92, 3663, 200, 1033, 45
92, 3664, 200, 1284, 46
92, 3665, 200, 1259, 50
92, 3666, 200, 1285, 52
92, 3667, 200, 1665, 75
92, 3668, 200, 1558, 50
92, 3669, 200, 1130, 43
92, 3670, 200, 1357, 30
92, 3671, 200, 1185, 49
92, 3672, 200, 1241, 51
92, 3673, 200, 1304, 57
92, 3674, 200, 1439, 29
92, 3675, 200, 1606, 62
92, 3676, 200, 1264, 62
92, 3677, 200, 1483, 46
92, 3678, 200, 1528, 76
92, 3679, 200, 1500, 65
93, 3680, 200, 1614, 54
93, 3681, 200, 1375, 52
93, 3682, 200, 1156, 32
93, 3683, 200, 1457, 55
93, 3684, 200, 1396, 42
93, 3685, 200, 1271, 58
93, 3686, 200, 1111, 43
93, 3687, 200, 1321, 49
93, 3688, 200, 1153, 43
93, 3689, 200, 1200, 61
93, 3690, 200, 1436, 52
93, 3691, 200, 1680, 51
93, 3692, 200, 1392, 54
93, 3693, 200, 1343, 53
93, 3694, 200, 1175, 44
93, 3695, 200, 1606, 65
93, 3696, 200, 1895, 76
93, 3697, 200, 1409, 50
93, 3698, 200, 1844, 50
93, 3699, 200, 1289, 31
93, 3700, 200, 1098, 31
93, 3701, 200, 1600, 45
93, 3702, 200, 1288, 44
93, 3703, 200, 1415, 26
93, 3704, 200, 1661, 97
93, 3705, 200, 1779, 58
93, 3706, 200, 1582, 58
93, 3707, 200, 1426, 77
93, 3708, 200, 1833, 56
93, 3709, 200, 1861, 66
93, 3710, 200, 1875, 52
93, 3711, 200, 1629, 50
93, 3712, 200, 1253, 68
93, 3713, 200, 1408, 51
93, 3714, 200, 1420, 54
93, 3715, 200, 1501, 63
93, 3716, 200, 1700, 70
93, 3717, 200, 1250, 48
93, 3718, 200, 1335, 63
93, 3719, 200, 1460, 64
94, 3720, 200, 1083, 56
94, 3721, 200, 1358, 63
94, 3722, 200, 1232, 38
94, 3723, 200, 1206, 49
94, 3724, 200, 1323, 67
94, 3725, 200, 1567, 60
94, 3726, 200, 1146, 31
94, 3727, 200, 1140, 48
94, 3728, 200, 1584, 45
94, 3729, 200, 1240, 60
94, 3730, 200, 1269, 55
94, 3731, 200, 1164, 45
94, 3732, 200, 1349, 45
94, 3733, 200, 1268, 49
94, 3734, 200, 1053, 52
94, 3735, 200, 879, 48
94, 3736, 200, 1049, 47
94, 3737, 200, 1323, 35
94, 3738, 200, 1094, 32
94, 3739, 200, 1130, 38
94, 3740, 200, 1419, 52
94, 3741, 200, 1157, 37
94, 3742, 200, 1270, 49
94, 3743, 200, 1741, 71
94, 3744, 200, 1049, 39
94, 3745, 200, 1326, 43
94, 3746, 200, 1291, 49
94, 3747, 200, 1059, 41
94, 3748, 200, 1541, 83
94, 3749, 200, 1136, 41
94, 3750, 200, 1224, 58
94, 3751, 200, 1486, 75
94, 3752, 200, 1265, 64
94, 3753, 200, 1479, 53
94, 3754, 200, 1202, 63
94, 3755, 200, 2019, 86
94, 3756, 200, 1461, 38
94, 3757, 200, 1668, 61
94, 3758, 200, 1708, 40
94, 3759, 200, 1212, 34
95, 3760, 200, 1904, 67
95, 3761, 200, 1822, 42
95, 3762, 200, 1504, 50
95, 3763, 200, 1607, 31
95, 3764, 200, 1473, 41
95, 3765, 200, 1550, 41
95, 3766, 200, 1740, 55
95, 3767, 200, 1295, 45
95, 3768, 200, 1407, 46
95, 3769, 200, 1340, 46
95, 3770, 200, 1371, 40
95, 3771, 200, 1284, 49
95, 3772, 200, 1584, 44
95, 3773, 200, 1340, 59
95, 3774, 200, 1305, 42
95, 3775, 200, 1659, 65
95, 3776, 200, 1386, 50
95, 3777, 200, 1909, 68
95, 3778, 200, 1898, 67
95, 3779, 200, 1714, 72
95, 3780, 200, 1966, 62
95, 3781, 200, 1776, 51
95, 3782, 200, 2237, 73
95, 3783, 200, 1662, 51
95, 3784, 200, 1786, 67
95, 3785, 200, 1751, 51
95, 3786, 200, 1479, 60
95, 3787, 200, 1883, 50
95, 3788, 200, 1524, 40
95, 3789, 200, 1644, 52
95, 3790, 200, 1246, 21
95, 3791, 200, 1246, 28
95, 3792, 200, 1346, 45
95, 3793, 200, 1756, 31
95, 3794, 200, 1327, 48
95, 3795, 200, 1417, 67
95, 3796, 200, 1230, 69
95, 3797, 200, 1541, 84
95, 3798, 200, 1907, 59
95, 3799, 200, 1530, 49
96, 3800, 200, 1407, 61
96, 3801, 200, 1367, 53
96, 3802, 200, 1086, 55
96, 3803, 200, 1185, 39
96, 3804, 200, 1080, 46
96, 3805, 200, 1113, 43
96, 3806, 200, 1391, 49
96, 3807, 200, 1543, 63
96, 3808, 200, 1811, 53
96, 3809, 200, 1473, 56
96, 3810, 200, 1314, 57
96, 3811, 200, 1913, 68
96, 3812, 200, 1511, 28
96, 3813, 200, 1454, 60
96, 3814, 200, 1336, 52
96, 3815, 200, 1419, 53
96, 3816, 200, 1224, 56
96, 3817, 200, 1130, 41
96, 3818, 200, 1359, 29
96, 3819, 200, 978, 37
96, 3820, 200, 1714, 65
96, 3821, 200, 1339, 41
96, 3822, 200, 965, 48
96, 3823, 200, 831, 42
96, 3824, 200, 1282, 48
96, 3825, 200, 1562, 54
96, 3826, 200, 1253, 46
96, 3827, 200, 1693, 61
96, 3828, 200, 1466, 58
96, 3829, 200, 1439, 37
96, 3830, 200, 1569, 48
96, 3831, 200, 1793, 75
96, 3832, 200, 1632, 60
96, 3833, 200, 1510, 31
96, 3834, 200, 1814, 64
96, 3835, 200, 1268, 29
96, 3836, 200, 1324, 50
96, 3837, 200, 1726, 47
96, 3838, 200, 1289, 31
96, 3839, 200, 1052, 40
97, 3840, 200, 1272, 54
97, 3841, 200, 1444, 33
97, 3842, 200, 858, 20
97, 3843, 200, 1314, 63
97, 3844, 200, 954, 28
97, 3845, 200, 985, 55
97, 3846, 200, 1180, 59
97, 3847, 200, 1166, 39
97, 3848, 200, 1191, 31
97, 3849, 200, 1292, 36
97, 3850, 200, 1037, 40
97, 3851, 200, 1510, 54
97, 3852, 200, 1636, 36
97, 3853, 200, 1242, 53
97, 3854, 200, 1489, 69
97, 3855, 200, 1217, 32
97, 3856, 200, 1256, 32
97, 3857, 200, 1022, 33
97, 3858, 200, 1325, 37
97, 3859, 200, 1277, 40
97, 3860, 200, 1283, 60
97, 3861, 200, 1049, 38
97, 3862, 200, 1024, 43
97, 3863, 200, 1322, 62
97, 3864, 200, 1110, 65
97, 3865, 200, 1195, 62
97, 3866, 200, 1214, 60
97, 3867, 200, 1312, 62
97, 3868, 200, 1741, 73
97, 3869, 200, 1268, 30
97, 3870, 200, 1552, 47
97, 3871, 200, 1439, 55
97, 3872, 200, 1521, 48
97, 3873, 200, 1384, 41
97, 3874, 200, 1855, 63
97, 3875, 200, 1319, 20
97, 3876, 200, 1420, 39
97, 3877, 200, 1183, 35
97, 3878, 200, 1477, 42
97, 3879, 200, 1483, 42
98, 3880, 200, 1459, 55
98, 3881, 200, 1275, 40
98, 3882, 200, 964, 28
98, 3883, 200, 827, 30
98, 3884, 200, 934, 39
98, 3885, 200, 1203, 58
98, 3886, 200, 1363, 54
98, 3887, 200, 1422, 46
98, 3888, 200, 1726, 69
98, 3889, 200, 1545, 54
98, 3890, 200, 1408, 27
98, 3891, 200, 1477, 50
98, 3892, 200, 1158, 48
98, 3893, 200, 1813, 50
98, 3894, 200, 1603, 55
98, 3895, 200, 1806, 39
98, 3896, 200, 1265, 31
98, 3897, 200, 2274, 31
98, 3898, 200, 1450, 34
98, 3899, 200, 1525, 54
98, 3900, 200, 1477, 65
98, 3901, 200, 1648, 101
98, 3902, 200, 1967, 58
98, 3903, 200, 1229, 53
98, 3904, 200, 1243, 44
98, 3905, 200, 1085, 45
98, 3906, 200, 1042, 55
98, 3907, 200, 1446, 66
98, 3908, 200, 1531, 68
98, 3909, 200, 1257, 61
98, 3910, 200, 1046, 72
98, 3911, 200, 1161, 41
98, 3912, 200, 1137, 39
98, 3913, 200, 1420, 55
98, 3914, 200, 1241, 38
98, 3915, 200, 1668, 35
98, 3916, 200, 1342, 54
98, 3917, 200, 1329, 43
98, 3918, 200, 1937, 53
98, 3919, 200, 1619, 58
99, 3920, 200, 1673, 47
99, 3921, 200, 1314, 34
99, 3922, 200, 1465, 41
99, 3923, 200, 1599, 58
99, 3924, 200, 1356, 78
99, 3925, 200, 1197, 19
99, 3926, 200, 1388, 47
99, 3927, 200, 1773, 89
99, 3928, 200, 1683, 52
99, 3929, 200, 1682, 45
99, 3930, 200, 1748, 50
99, 3931, 200, 1612, 49
99, 3932, 200, 1784, 53
99, 3933, 200, 1157, 53
99, 3934, 200, 1487, 40
99, 3935, 200, 1303, 53
99, 3936, 200, 1363, 54
99, 3937, 200, 1289, 53
99, 3938, 200, 1245, 35
99, 3939, 200, 1169, 34
99, 3940, 200, 983, 29
99, 3941, 200, 1138, 44
99, 3942, 200, 990, 47
99, 3943, 200, 905, 45
99, 3944, 200, 1290, 53
99, 3945, 200, 836, 42
99, 3946, 200, 1182, 45
99, 3947, 200, 1200, 29
99, 3948, 200, 1394, 69
99, 3949, 200, 971, 45
99, 3950, 200, 1525, 59
99, 3951, 200, 1180, 68
99, 3952, 200, 1537, 50
99, 3953, 200, 1423, 64
99, 3954, 200, 1729, 91
99, 3955, 200, 1789, 61
99, 3956, 200, 1897, 60
99, 3957, 200, 1718, 76
99, 3958, 200, 1887, 53
99, 3959, 200, 1342, 16
100, 3960, 200, 1268, 34
100, 3961, 200, 1299, 44
100, 3962, 200, 1447, 31
100, 3963, 200, 1299, 35
100, 3964, 200, 1255, 48
100, 3965, 200, 1416, 40
100, 3966, 200, 1196, 46
100, 3967, 200, 1240, 45
100, 3968, 200, 1615, 66
100, 3969, 200, 1547, 45
100, 3970, 200, 1622, 54
100, 3971, 200, 1815, 63
100, 3972, 200, 1763, 45
100, 3973, 200, 1828, 66
100, 3974, 200, 1576, 61
100, 3975, 200, 1436, 53
100, 3976, 200, 2027, 54
100, 3977, 200, 2098, 90
100, 3978, 200, 1757, 53
100, 3979, 200, 2039, 80
100, 3980, 200, 1679, 53
100, 3981, 200, 1804, 79
100, 3982, 200, 1960, 56
100, 3983, 200, 1429, 39
100, 3984, 200, 1714, 45
100, 3985, 200, 1717, 43
100, 3986, 200, 1743, 51
100, 3987, 200, 1493, 46
100, 3988, 200, 1269, 30
100, 3989, 200, 1279, 22
100, 3990, 200, 1163, 30
100, 3991, 200, 1473, 39
100, 3992, 200, 1764, 52
100, 3993, 200, 1823, 65
100, 3994, 200, 1802, 57
100, 3995, 200, 1745, 57
100, 3996, 200, 1705, 38
100, 3997, 200, 1621, 38
100, 3998, 200, 1216, 26
100, 3999, 200, 1367, 46
