1, 0, 200, 10241, 617
1, 1, 200, 1407, 85
1, 2, 200, 1248, 75
1, 3, 200, 1344, 23
1, 4, 200, 1090, 64
1, 5, 200, 194, 230
1, 6, 200, 372, 94
1, 7, 200, 63, 52
1, 8, 200, 1, 126
1, 9, 200, 57, 39
1, 10, 200, 51, 186
1, 11, 200, 0, 33
1, 12, 200, 0, 60
1, 13, 200, 50, 35
1, 14, 200, 14, 40
1, 15, 200, 0, 113
1, 16, 200, 0, 67
1, 17, 200, 36, 40
1, 18, 200, 0, 121
1, 19, 200, 1, 48
1, 20, 200, 0, 51
1, 21, 200, 0, 77
1, 22, 200, 496, 189
1, 23, 200, 0, 61
1, 24, 200, 0, 93
1, 25, 200, 0, 87
1, 26, 200, 24, 42
1, 27, 200, 0, 20
1, 28, 200, 0, 82
1, 29, 200, 0, 89
1, 30, 200, 0, 34
1, 31, 200, 0, 29
1, 32, 200, 17, 42
1, 33, 200, 0, 54
1, 34, 200, 0, 37
1, 35, 200, 0, 28
1, 36, 200, 0, 42
1, 37, 200, 0, 106
1, 38, 200, 0, 108
1, 39, 200, 0, 86
2, 40, 200, 0, 71
2, 41, 200, 0, 31
2, 42, 200, 0, 110
2, 43, 200, 0, 115
2, 44, 200, 0, 82
2, 45, 200, 0, 33
2, 46, 200, 0, 52
2, 47, 200, 0, 116
2, 48, 200, 6, 85
2, 49, 200, 0, 57
2, 50, 200, 0, 14
2, 51, 200, 0, 24
2, 52, 200, 0, 37
2, 53, 200, 0, 34
2, 54, 200, 0, 16
2, 55, 200, 0, 86
2, 56, 200, 0, 109
2, 57, 200, 0, 97
2, 58, 200, 0, 126
2, 59, 200, 0, 133
2, 60, 200, 0, 60
2, 61, 200, 0, 21
2, 62, 200, 0, 212
2, 63, 200, 0, 44
2, 64, 200, 0, 52
2, 65, 200, 0, 30
2, 66, 200, 0, 66
2, 67, 200, 0, 230
2, 68, 200, 0, 42
2, 69, 200, 0, 196
2, 70, 200, 0, 128
2, 71, 200, 0, 63
2, 72, 200, 0, 40
2, 73, 200, 0, 15
2, 74, 200, 13, 79
2, 75, 200, 625, 185
2, 76, 200, 38, 32
2, 77, 200, 61, 132
2, 78, 200, 236, 447
2, 79, 200, 0, 295
3, 80, 200, 0, 55
3, 81, 200, 12, 65
3, 82, 200, 0, 60
3, 83, 200, 0, 96
3, 84, 200, 88, 141
3, 85, 200, 0, 96
3, 86, 200, 3, 49
3, 87, 200, 42, 216
3, 88, 200, 28, 151
3, 89, 200, 16, 248
3, 90, 200, 0, 104
3, 91, 200, 109, 170
3, 92, 200, 0, 96
3, 93, 200, 45, 111
3, 94, 200, 0, 378
3, 95, 200, 66, 139
3, 96, 200, 0, 151
3, 97, 200, 0, 183
3, 98, 200, 0, 150
3, 99, 200, 0, 157
3, 100, 200, 9, 138
3, 101, 200, 0, 437
3, 102, 200, 0, 97
3, 103, 200, 0, 142
3, 104, 200, 0, 128
3, 105, 200, 0, 90
3, 106, 200, 0, 304
3, 107, 200, 0, 199
3, 108, 200, 0, 130
3, 109, 200, 0, 109
3, 110, 200, 50, 119
3, 111, 200, 0, 294
3, 112, 200, 0, 146
3, 113, 200, 0, 171
3, 114, 200, 0, 109
3, 115, 200, 0, 183
3, 116, 200, 0, 268
3, 117, 200, 0, 244
3, 118, 200, 0, 172
3, 119, 200, 0, 201
4, 120, 200, 0, 146
4, 121, 200, 0, 141
4, 122, 200, 0, 331
4, 123, 200, 0, 125
4, 124, 200, 0, 67
4, 125, 200, 0, 130
4, 126, 200, 0, 297
4, 127, 200, 0, 96
4, 128, 200, 4, 135
4, 129, 200, 2, 239
4, 130, 200, 0, 210
4, 131, 200, 0, 238
4, 132, 200, 0, 292
4, 133, 200, 0, 167
4, 134, 200, 0, 138
4, 135, 200, 0, 330
4, 136, 200, 0, 129
4, 137, 200, 0, 280
4, 138, 200, 0, 219
4, 139, 200, 0, 87
4, 140, 200, 0, 70
4, 141, 200, 0, 171
4, 142, 200, 0, 259
4, 143, 200, 0, 160
4, 144, 200, 0, 193
4, 145, 200, 0, 124
4, 146, 200, 0, 307
4, 147, 200, 4, 180
4, 148, 200, 3, 171
4, 149, 200, 0, 277
4, 150, 200, 0, 296
4, 151, 200, 0, 207
4, 152, 200, 0, 183
4, 153, 200, 0, 244
4, 154, 200, 0, 105
4, 155, 200, 0, 121
4, 156, 200, 0, 198
4, 157, 200, 0, 115
4, 158, 200, 0, 125
4, 159, 200, 0, 296
5, 160, 200, 0, 175
5, 161, 200, 0, 209
5, 162, 200, 0, 189
5, 163, 200, 0, 298
5, 164, 200, 9, 239
5, 165, 200, 0, 265
5, 166, 200, 0, 141
5, 167, 200, 0, 93
5, 168, 200, 0, 207
5, 169, 200, 13, 230
5, 170, 200, 0, 71
5, 171, 200, 0, 80
5, 172, 200, 0, 169
5, 173, 200, 0, 280
5, 174, 200, 12, 159
5, 175, 200, 0, 170
5, 176, 200, 0, 135
5, 177, 200, 0, 269
5, 178, 200, 0, 99
5, 179, 200, 0, 113
5, 180, 200, 0, 164
5, 181, 200, 0, 235
5, 182, 200, 0, 172
5, 183, 200, 0, 374
5, 184, 200, 45, 170
5, 185, 200, 11, 125
5, 186, 200, 0, 165
5, 187, 200, 0, 186
5, 188, 200, 0, 121
5, 189, 200, 0, 128
5, 190, 200, 0, 69
5, 191, 200, 0, 178
5, 192, 200, 0, 177
5, 193, 200, 0, 139
5, 194, 200, 0, 222
5, 195, 200, 0, 122
5, 196, 200, 0, 333
5, 197, 200, 0, 181
5, 198, 200, 0, 285
5, 199, 200, 0, 246
6, 200, 200, 0, 199
6, 201, 200, 0, 262
6, 202, 200, 0, 184
6, 203, 200, 0, 150
6, 204, 200, 0, 321
6, 205, 200, 0, 158
6, 206, 200, 0, 213
6, 207, 200, 0, 146
6, 208, 200, 0, 224
6, 209, 200, 0, 226
6, 210, 200, 9, 151
6, 211, 200, 0, 95
6, 212, 200, 0, 196
6, 213, 200, 0, 168
6, 214, 200, 0, 340
6, 215, 200, 0, 228
6, 216, 200, 0, 168
6, 217, 200, 0, 239
6, 218, 200, 0, 148
6, 219, 200, 0, 203
6, 220, 200, 0, 127
6, 221, 200, 0, 232
6, 222, 200, 0, 154
6, 223, 200, 0, 125
6, 224, 200, 0, 117
6, 225, 200, 0, 187
6, 226, 200, 0, 272
6, 227, 200, 0, 224
6, 228, 200, 0, 130
6, 229, 200, 0, 219
6, 230, 200, 0, 224
6, 231, 200, 0, 55
6, 232, 200, 0, 158
6, 233, 200, 0, 363
6, 234, 200, 0, 196
6, 235, 200, 0, 104
6, 236, 200, 10, 88
6, 237, 200, 0, 127
6, 238, 200, 0, 85
6, 239, 200, 0, 198
7, 240, 200, 0, 190
7, 241, 200, 0, 247
7, 242, 200, 0, 138
7, 243, 200, 4, 162
7, 244, 200, 0, 250
7, 245, 200, 16, 112
7, 246, 200, 0, 179
7, 247, 200, 0, 112
7, 248, 200, 0, 164
7, 249, 200, 52, 109
7, 250, 200, 23, 364
7, 251, 200, 0, 96
7, 252, 200, 0, 186
7, 253, 200, 0, 352
7, 254, 200, 0, 392
7, 255, 200, 0, 141
7, 256, 200, 0, 130
7, 257, 200, 0, 234
7, 258, 200, 0, 275
7, 259, 200, 22, 138
7, 260, 200, 42, 114
7, 261, 200, 102, 404
7, 262, 200, 0, 240
7, 263, 200, 0, 149
7, 264, 200, 17, 198
7, 265, 200, 7, 508
7, 266, 200, 63, 334
7, 267, 200, 13, 375
7, 268, 200, 13, 438
7, 269, 200, 77, 279
7, 270, 200, 0, 354
7, 271, 200, 0, 380
7, 272, 200, 0, 449
7, 273, 200, 18, 227
7, 274, 200, 0, 271
7, 275, 200, 0, 214
7, 276, 200, 0, 386
7, 277, 200, 0, 140
7, 278, 200, 0, 203
7, 279, 200, 0, 323
8, 280, 200, 0, 320
8, 281, 200, 0, 248
8, 282, 200, 10, 265
8, 283, 200, 0, 293
8, 284, 200, 0, 281
8, 285, 200, 10, 286
8, 286, 200, 1, 241
8, 287, 200, 0, 160
8, 288, 200, 0, 102
8, 289, 200, 0, 249
8, 290, 200, 0, 244
8, 291, 200, 0, 300
8, 292, 200, 0, 239
8, 293, 200, 0, 229
8, 294, 200, 0, 239
8, 295, 200, 0, 85
8, 296, 200, 0, 231
8, 297, 200, 0, 222
8, 298, 200, 0, 340
8, 299, 200, 0, 379
8, 300, 200, 0, 198
8, 301, 200, 0, 408
8, 302, 200, 1, 195
8, 303, 200, 0, 160
8, 304, 200, 0, 119
8, 305, 200, 0, 178
8, 306, 200, 0, 491
8, 307, 200, 0, 271
8, 308, 200, 0, 126
8, 309, 200, 3, 87
8, 310, 200, 3, 236
8, 311, 200, 3, 289
8, 312, 200, 0, 190
8, 313, 200, 3, 237
8, 314, 200, 61, 273
8, 315, 200, 29, 286
8, 316, 200, 11, 190
8, 317, 200, 0, 290
8, 318, 200, 0, 297
8, 319, 200, 7, 192
9, 320, 200, 0, 414
9, 321, 200, 0, 196
9, 322, 200, 0, 227
9, 323, 200, 0, 574
9, 324, 200, 0, 258
9, 325, 200, 0, 139
9, 326, 200, 0, 162
9, 327, 200, 0, 140
9, 328, 200, 3, 205
9, 329, 200, 0, 123
9, 330, 200, 0, 239
9, 331, 200, 0, 171
9, 332, 200, 4, 252
9, 333, 200, 0, 148
9, 334, 200, 0, 267
9, 335, 200, 0, 327
9, 336, 200, 0, 238
9, 337, 200, 0, 308
9, 338, 200, 0, 274
9, 339, 200, 0, 185
9, 340, 200, 0, 185
9, 341, 200, 486, 227
9, 342, 200, 44, 256
9, 343, 200, 26, 165
9, 344, 200, 0, 354
9, 345, 200, 0, 256
9, 346, 200, 16, 510
9, 347, 200, 0, 183
9, 348, 200, 0, 194
9, 349, 200, 0, 173
9, 350, 200, 11, 378
9, 351, 200, 5, 469
9, 352, 200, 0, 577
9, 353, 200, 0, 403
9, 354, 200, 0, 241
9, 355, 200, 0, 533
9, 356, 200, 28, 399
9, 357, 200, 17, 331
9, 358, 200, 28, 260
9, 359, 200, 5, 248
10, 360, 200, 0, 385
10, 361, 200, 0, 405
10, 362, 200, 0, 236
10, 363, 200, 13, 326
10, 364, 200, 0, 249
10, 365, 200, 1, 237
10, 366, 200, 4, 289
10, 367, 200, 0, 332
10, 368, 200, 0, 212
10, 369, 200, 6, 452
10, 370, 200, 0, 464
10, 371, 200, 0, 233
10, 372, 200, 13, 252
10, 373, 200, 0, 268
10, 374, 200, 0, 408
10, 375, 200, 0, 346
10, 376, 200, 2, 217
10, 377, 200, 28, 254
10, 378, 200, 68, 314
10, 379, 200, 10, 187
10, 380, 200, 55, 205
10, 381, 200, 18, 287
10, 382, 200, 27, 582
10, 383, 200, 96, 573
10, 384, 200, 60, 419
10, 385, 200, 8, 314
10, 386, 200, 30, 326
10, 387, 200, 23, 484
10, 388, 200, 8, 375
10, 389, 200, 33, 311
10, 390, 200, 26, 281
10, 391, 200, 29, 223
10, 392, 200, 26, 244
10, 393, 200, 0, 397
10, 394, 200, 0, 366
10, 395, 200, 1, 253
10, 396, 200, 45, 343
10, 397, 200, 0, 300
10, 398, 200, 0, 435
10, 399, 200, 0, 257
11, 400, 200, 8, 258
11, 401, 200, 2, 470
11, 402, 200, 0, 741
11, 403, 200, 6, 736
11, 404, 200, 0, 628
11, 405, 200, 0, 491
11, 406, 200, 0, 329
11, 407, 200, 0, 218
11, 408, 200, 56, 288
11, 409, 200, 8, 234
11, 410, 200, 6, 341
11, 411, 200, 16, 387
11, 412, 200, 97, 562
11, 413, 200, 17, 591
11, 414, 200, 28, 574
11, 415, 200, 20, 563
11, 416, 200, 27, 529
11, 417, 200, 7, 436
11, 418, 200, 8, 585
11, 419, 200, 52, 509
11, 420, 200, 57, 537
11, 421, 200, 27, 552
11, 422, 200, 52, 465
11, 423, 200, 30, 196
11, 424, 200, 11, 484
11, 425, 200, 2, 374
11, 426, 200, 51, 474
11, 427, 200, 0, 746
11, 428, 200, 0, 403
11, 429, 200, 28, 361
11, 430, 200, 27, 293
11, 431, 200, 47, 243
11, 432, 200, 0, 306
11, 433, 200, 0, 371
11, 434, 200, 0, 751
11, 435, 200, 0, 509
11, 436, 200, 9, 464
11, 437, 200, 7, 427
11, 438, 200, 33, 322
11, 439, 200, 0, 443
12, 440, 200, 0, 748
12, 441, 200, 34, 485
12, 442, 200, 8, 363
12, 443, 200, 13, 504
12, 444, 200, 0, 532
12, 445, 200, 0, 642
12, 446, 200, 0, 303
12, 447, 200, 0, 369
12, 448, 200, 0, 533
12, 449, 200, 0, 260
12, 450, 200, 0, 605
12, 451, 200, 0, 401
12, 452, 200, 0, 460
12, 453, 200, 30, 453
12, 454, 200, 0, 501
12, 455, 200, 0, 539
12, 456, 200, 0, 397
12, 457, 200, 0, 526
12, 458, 200, 7, 328
12, 459, 200, 0, 464
12, 460, 200, 0, 579
12, 461, 200, 27, 317
12, 462, 200, 0, 385
12, 463, 200, 2, 399
12, 464, 200, 8, 468
12, 465, 200, 0, 351
12, 466, 200, 18, 520
12, 467, 200, 17, 504
12, 468, 200, 0, 608
12, 469, 200, 42, 317
12, 470, 200, 55, 278
12, 471, 200, 59, 446
12, 472, 200, 93, 466
12, 473, 200, 6, 276
12, 474, 200, 0, 379
12, 475, 200, 0, 487
12, 476, 200, 0, 588
12, 477, 200, 0, 450
12, 478, 200, 0, 280
12, 479, 200, 0, 437
13, 480, 200, 0, 569
13, 481, 200, 10, 399
13, 482, 200, 0, 492
13, 483, 200, 0, 540
13, 484, 200, 0, 581
13, 485, 200, 25, 406
13, 486, 200, 0, 539
13, 487, 200, 0, 422
13, 488, 200, 0, 384
13, 489, 200, 0, 301
13, 490, 200, 0, 329
13, 491, 200, 0, 365
13, 492, 200, 15, 289
13, 493, 200, 0, 476
13, 494, 200, 0, 461
13, 495, 200, 21, 332
13, 496, 200, 0, 427
13, 497, 200, 0, 377
13, 498, 200, 0, 493
13, 499, 200, 0, 260
13, 500, 200, 0, 595
13, 501, 200, 0, 500
13, 502, 200, 21, 310
13, 503, 200, 14, 397
13, 504, 200, 11, 605
13, 505, 200, 0, 599
13, 506, 200, 0, 447
13, 507, 200, 0, 512
13, 508, 200, 0, 449
13, 509, 200, 8, 556
13, 510, 200, 11, 649
13, 511, 200, 0, 403
13, 512, 200, 0, 571
13, 513, 200, 11, 459
13, 514, 200, 16, 432
13, 515, 200, 6, 332
13, 516, 200, 0, 516
13, 517, 200, 14, 455
13, 518, 200, 63, 429
13, 519, 200, 122, 406
14, 520, 200, 54, 337
14, 521, 200, 28, 603
14, 522, 200, 10, 600
14, 523, 200, 53, 371
14, 524, 200, 15, 431
14, 525, 200, 132, 321
14, 526, 200, 30, 270
14, 527, 200, 20, 335
14, 528, 200, 0, 438
14, 529, 200, 1, 448
14, 530, 200, 3, 227
14, 531, 200, 12, 491
14, 532, 200, 7, 510
14, 533, 200, 17, 371
14, 534, 200, 28, 338
14, 535, 200, 14, 472
14, 536, 200, 0, 708
14, 537, 200, 0, 483
14, 538, 200, 6, 503
14, 539, 200, 0, 292
14, 540, 200, 0, 338
14, 541, 200, 0, 461
14, 542, 200, 0, 325
14, 543, 200, 0, 446
14, 544, 200, 0, 500
14, 545, 200, 0, 519
14, 546, 200, 0, 346
14, 547, 200, 0, 633
14, 548, 200, 33, 254
14, 549, 200, 0, 337
14, 550, 200, 0, 303
14, 551, 200, 0, 164
14, 552, 200, 0, 538
14, 553, 200, 17, 542
14, 554, 200, 0, 331
14, 555, 200, 11, 344
14, 556, 200, 1, 407
14, 557, 200, 0, 516
14, 558, 200, 9, 197
14, 559, 200, 31, 401
15, 560, 200, 8, 648
15, 561, 200, 45, 480
15, 562, 200, 7, 419
15, 563, 200, 44, 481
15, 564, 200, 142, 379
15, 565, 200, 11, 301
15, 566, 200, 6, 243
15, 567, 200, 0, 316
15, 568, 200, 0, 413
15, 569, 200, 0, 510
15, 570, 200, 0, 476
15, 571, 200, 38, 425
15, 572, 200, 0, 508
15, 573, 200, 0, 361
15, 574, 200, 12, 450
15, 575, 200, 0, 311
15, 576, 200, 11, 462
15, 577, 200, 6, 406
15, 578, 200, 0, 378
15, 579, 200, 1, 325
15, 580, 200, 3, 467
15, 581, 200, 8, 340
15, 582, 200, 13, 542
15, 583, 200, 34, 349
15, 584, 200, 13, 765
15, 585, 200, 25, 404
15, 586, 200, 1, 412
15, 587, 200, 12, 378
15, 588, 200, 13, 581
15, 589, 200, 8, 633
15, 590, 200, 0, 381
15, 591, 200, 0, 532
15, 592, 200, 24, 470
15, 593, 200, 41, 448
15, 594, 200, 0, 470
15, 595, 200, 6, 383
15, 596, 200, 4, 333
15, 597, 200, 120, 606
15, 598, 200, 196, 531
15, 599, 200, 104, 439
16, 600, 200, 41, 409
16, 601, 200, 59, 373
16, 602, 200, 0, 282
16, 603, 200, 0, 384
16, 604, 200, 0, 281
16, 605, 200, 11, 254
16, 606, 200, 12, 672
16, 607, 200, 0, 328
16, 608, 200, 17, 535
16, 609, 200, 50, 485
16, 610, 200, 18, 412
16, 611, 200, 45, 443
16, 612, 200, 150, 440
16, 613, 200, 86, 391
16, 614, 200, 62, 359
16, 615, 200, 121, 248
16, 616, 200, 18, 286
16, 617, 200, 55, 846
16, 618, 200, 10, 628
16, 619, 200, 2, 337
16, 620, 200, 17, 254
16, 621, 200, 3, 524
16, 622, 200, 67, 561
16, 623, 200, 68, 628
16, 624, 200, 26, 510
16, 625, 200, 41, 667
16, 626, 200, 53, 360
16, 627, 200, 24, 414
16, 628, 200, 0, 315
16, 629, 200, 0, 407
16, 630, 200, 0, 370
16, 631, 200, 38, 306
16, 632, 200, 0, 601
16, 633, 200, 0, 638
16, 634, 200, 0, 452
16, 635, 200, 0, 423
16, 636, 200, 0, 352
16, 637, 200, 0, 328
16, 638, 200, 0, 364
16, 639, 200, 0, 617
17, 640, 200, 0, 570
17, 641, 200, 0, 491
17, 642, 200, 0, 558
17, 643, 200, 0, 237
17, 644, 200, 0, 455
17, 645, 200, 35, 396
17, 646, 200, 24, 506
17, 647, 200, 9, 379
17, 648, 200, 0, 524
17, 649, 200, 15, 434
17, 650, 200, 0, 285
17, 651, 200, 6, 366
17, 652, 200, 0, 411
17, 653, 200, 8, 352
17, 654, 200, 6, 460
17, 655, 200, 0, 367
17, 656, 200, 13, 311
17, 657, 200, 8, 306
17, 658, 200, 16, 446
17, 659, 200, 9, 441
17, 660, 200, 2, 297
17, 661, 200, 0, 465
17, 662, 200, 0, 371
17, 663, 200, 15, 318
17, 664, 200, 2, 358
17, 665, 200, 13, 457
17, 666, 200, 1, 370
17, 667, 200, 66, 377
17, 668, 200, 11, 409
17, 669, 200, 52, 603
17, 670, 200, 28, 412
17, 671, 200, 79, 549
17, 672, 200, 63, 595
17, 673, 200, 28, 689
17, 674, 200, 36, 505
17, 675, 200, 15, 426
17, 676, 200, 21, 377
17, 677, 200, 0, 476
17, 678, 200, 15, 568
17, 679, 200, 0, 480
18, 680, 200, 5, 513
18, 681, 200, 11, 584
18, 682, 200, 0, 597
18, 683, 200, 0, 330
18, 684, 200, 0, 339
18, 685, 200, 0, 507
18, 686, 200, 14, 544
18, 687, 200, 0, 411
18, 688, 200, 0, 420
18, 689, 200, 18, 399
18, 690, 200, 8, 673
18, 691, 200, 12, 506
18, 692, 200, 23, 472
18, 693, 200, 48, 666
18, 694, 200, 48, 349
18, 695, 200, 29, 426
18, 696, 200, 14, 391
18, 697, 200, 14, 462
18, 698, 200, 57, 503
18, 699, 200, 10, 447
18, 700, 200, 0, 504
18, 701, 200, 142, 288
18, 702, 200, 118, 410
18, 703, 200, 70, 579
18, 704, 200, 70, 351
18, 705, 200, 21, 369
18, 706, 200, 0, 476
18, 707, 200, 11, 386
18, 708, 200, 0, 531
18, 709, 200, 0, 521
18, 710, 200, 0, 483
18, 711, 200, 36, 602
18, 712, 200, 8, 435
18, 713, 200, 0, 550
18, 714, 200, 1, 401
18, 715, 200, 3, 372
18, 716, 200, 3, 475
18, 717, 200, 10, 500
18, 718, 200, 30, 520
18, 719, 200, 0, 399
19, 720, 200, 12, 436
19, 721, 200, 10, 351
19, 722, 200, 8, 376
19, 723, 200, 14, 399
19, 724, 200, 2, 394
19, 725, 200, 11, 365
19, 726, 200, 2, 569
19, 727, 200, 87, 473
19, 728, 200, 14, 495
19, 729, 200, 24, 485
19, 730, 200, 18, 343
19, 731, 200, 6, 483
19, 732, 200, 58, 431
19, 733, 200, 2, 472
19, 734, 200, 7, 513
19, 735, 200, 0, 721
19, 736, 200, 0, 524
19, 737, 200, 0, 388
19, 738, 200, 0, 542
19, 739, 200, 0, 421
19, 740, 200, 0, 734
19, 741, 200, 0, 678
19, 742, 200, 3, 722
19, 743, 200, 11, 375
19, 744, 200, 13, 396
19, 745, 200, 4, 584
19, 746, 200, 9, 370
19, 747, 200, 15, 568
19, 748, 200, 0, 452
19, 749, 200, 0, 396
19, 750, 200, 0, 304
19, 751, 200, 1, 573
19, 752, 200, 40, 458
19, 753, 200, 5, 619
19, 754, 200, 7, 433
19, 755, 200, 22, 418
19, 756, 200, 0, 464
19, 757, 200, 0, 526
19, 758, 200, 61, 550
19, 759, 200, 59, 345
20, 760, 200, 60, 661
20, 761, 200, 20, 416
20, 762, 200, 1, 751
20, 763, 200, 30, 482
20, 764, 200, 121, 306
20, 765, 200, 10, 375
20, 766, 200, 10, 529
20, 767, 200, 18, 494
20, 768, 200, 0, 521
20, 769, 200, 0, 526
20, 770, 200, 0, 545
20, 771, 200, 0, 496
20, 772, 200, 0, 393
20, 773, 200, 0, 457
20, 774, 200, 0, 507
20, 775, 200, 0, 565
20, 776, 200, 0, 531
20, 777, 200, 0, 606
20, 778, 200, 0, 717
20, 779, 200, 0, 462
20, 780, 200, 0, 453
20, 781, 200, 0, 490
20, 782, 200, 0, 473
20, 783, 200, 0, 729
20, 784, 200, 9, 747
20, 785, 200, 0, 478
20, 786, 200, 0, 477
20, 787, 200, 0, 510
20, 788, 200, 11, 569
20, 789, 200, 0, 407
20, 790, 200, 0, 370
20, 791, 200, 2, 498
20, 792, 200, 0, 567
20, 793, 200, 0, 416
20, 794, 200, 0, 474
20, 795, 200, 0, 560
20, 796, 200, 0, 347
20, 797, 200, 0, 434
20, 798, 200, 0, 600
20, 799, 200, 0, 472
21, 800, 200, 0, 428
21, 801, 200, 0, 511
21, 802, 200, 0, 510
21, 803, 200, 0, 451
21, 804, 200, 0, 414
21, 805, 200, 4, 666
21, 806, 200, 21, 553
21, 807, 200, 9, 463
21, 808, 200, 13, 414
21, 809, 200, 0, 532
21, 810, 200, 1, 486
21, 811, 200, 1, 581
21, 812, 200, 0, 483
21, 813, 200, 0, 691
21, 814, 200, 4, 620
21, 815, 200, 0, 712
21, 816, 200, 0, 486
21, 817, 200, 0, 359
21, 818, 200, 0, 475
21, 819, 200, 0, 293
21, 820, 200, 0, 461
21, 821, 200, 0, 452
21, 822, 200, 45, 448
21, 823, 200, 0, 504
21, 824, 200, 11, 738
21, 825, 200, 0, 351
21, 826, 200, 0, 420
21, 827, 200, 0, 512
21, 828, 200, 2, 570
21, 829, 200, 4, 438
21, 830, 200, 34, 420
21, 831, 200, 26, 694
21, 832, 200, 0, 771
21, 833, 200, 0, 477
21, 834, 200, 0, 704
21, 835, 200, 0, 606
21, 836, 200, 3, 634
21, 837, 200, 19, 528
21, 838, 200, 0, 562
21, 839, 200, 4, 536
22, 840, 200, 0, 433
22, 841, 200, 0, 426
22, 842, 200, 4, 479
22, 843, 200, 0, 723
22, 844, 200, 0, 430
22, 845, 200, 0, 552
22, 846, 200, 0, 442
22, 847, 200, 7, 589
22, 848, 200, 0, 554
22, 849, 200, 0, 488
22, 850, 200, 1, 731
22, 851, 200, 0, 701
22, 852, 200, 0, 452
22, 853, 200, 0, 279
22, 854, 200, 0, 789
22, 855, 200, 1, 591
22, 856, 200, 0, 355
22, 857, 200, 0, 374
22, 858, 200, 0, 489
22, 859, 200, 0, 495
22, 860, 200, 41, 421
22, 861, 200, 19, 548
22, 862, 200, 0, 500
22, 863, 200, 0, 574
22, 864, 200, 0, 525
22, 865, 200, 17, 628
22, 866, 200, 5, 585
22, 867, 200, 0, 764
22, 868, 200, 0, 420
22, 869, 200, 8, 638
22, 870, 200, 30, 574
22, 871, 200, 0, 488
22, 872, 200, 11, 388
22, 873, 200, 0, 460
22, 874, 200, 0, 570
22, 875, 200, 8, 516
22, 876, 200, 0, 753
22, 877, 200, 66, 632
22, 878, 200, 51, 568
22, 879, 200, 11, 552
23, 880, 200, 0, 567
23, 881, 200, 1, 577
23, 882, 200, 17, 629
23, 883, 200, 0, 369
23, 884, 200, 21, 465
23, 885, 200, 0, 425
23, 886, 200, 13, 679
23, 887, 200, 0, 531
23, 888, 200, 0, 274
23, 889, 200, 0, 456
23, 890, 200, 2, 381
23, 891, 200, 0, 321
23, 892, 200, 46, 695
23, 893, 200, 0, 425
23, 894, 200, 0, 460
23, 895, 200, 12, 722
23, 896, 200, 0, 608
23, 897, 200, 0, 578
23, 898, 200, 0, 701
23, 899, 200, 0, 408
23, 900, 200, 0, 643
23, 901, 200, 1, 652
23, 902, 200, 8, 608
23, 903, 200, 15, 681
23, 904, 200, 0, 463
23, 905, 200, 0, 844
23, 906, 200, 6, 598
23, 907, 200, 0, 427
23, 908, 200, 0, 410
23, 909, 200, 0, 540
23, 910, 200, 9, 555
23, 911, 200, 2, 628
23, 912, 200, 16, 499
23, 913, 200, 1, 531
23, 914, 200, 0, 464
23, 915, 200, 1, 476
23, 916, 200, 4, 658
23, 917, 200, 37, 838
23, 918, 200, 32, 556
23, 919, 200, 0, 387
24, 920, 200, 0, 661
24, 921, 200, 0, 535
24, 922, 200, 3, 711
24, 923, 200, 1, 549
24, 924, 200, 0, 571
24, 925, 200, 4, 642
24, 926, 200, 0, 565
24, 927, 200, 4, 634
24, 928, 200, 2, 556
24, 929, 200, 0, 669
24, 930, 200, 0, 385
24, 931, 200, 0, 561
24, 932, 200, 0, 355
24, 933, 200, 0, 443
24, 934, 200, 0, 549
24, 935, 200, 5, 669
24, 936, 200, 21, 633
24, 937, 200, 0, 563
24, 938, 200, 48, 553
24, 939, 200, 0, 550
24, 940, 200, 0, 585
24, 941, 200, 0, 437
24, 942, 200, 0, 424
24, 943, 200, 0, 388
24, 944, 200, 0, 422
24, 945, 200, 0, 684
24, 946, 200, 0, 748
24, 947, 200, 0, 585
24, 948, 200, 0, 529
24, 949, 200, 0, 605
24, 950, 200, 0, 514
24, 951, 200, 29, 505
24, 952, 200, 5, 642
24, 953, 200, 0, 430
24, 954, 200, 0, 645
24, 955, 200, 0, 517
24, 956, 200, 0, 526
24, 957, 200, 0, 465
24, 958, 200, 0, 550
24, 959, 200, 0, 578
25, 960, 200, 0, 481
25, 961, 200, 0, 516
25, 962, 200, 0, 429
25, 963, 200, 0, 432
25, 964, 200, 0, 685
25, 965, 200, 0, 463
25, 966, 200, 8, 657
25, 967, 200, 0, 419
25, 968, 200, 0, 439
25, 969, 200, 0, 549
25, 970, 200, 0, 413
25, 971, 200, 0, 412
25, 972, 200, 2, 587
25, 973, 200, 3, 560
25, 974, 200, 0, 652
25, 975, 200, 6, 610
25, 976, 200, 17, 495
25, 977, 200, 0, 586
25, 978, 200, 2, 589
25, 979, 200, 0, 443
25, 980, 200, 0, 332
25, 981, 200, 0, 496
25, 982, 200, 0, 662
25, 983, 200, 6, 610
25, 984, 200, 6, 527
25, 985, 200, 5, 478
25, 986, 200, 0, 579
25, 987, 200, 1, 542
25, 988, 200, 2, 702
25, 989, 200, 0, 505
25, 990, 200, 0, 459
25, 991, 200, 0, 446
25, 992, 200, 0, 478
25, 993, 200, 0, 527
25, 994, 200, 0, 601
25, 995, 200, 0, 538
25, 996, 200, 0, 527
25, 997, 200, 0, 396
25, 998, 200, 0, 474
25, 999, 200, 4, 440
26, 1000, 200, 0, 460
26, 1001, 200, 3, 797
26, 1002, 200, 25, 588
26, 1003, 200, 6, 536
26, 1004, 200, 28, 650
26, 1005, 200, 4, 476
26, 1006, 200, 14, 628
26, 1007, 200, 19, 711
26, 1008, 200, 3, 711
26, 1009, 200, 4, 426
26, 1010, 200, 55, 689
26, 1011, 200, 0, 540
26, 1012, 200, 0, 493
26, 1013, 200, 0, 571
26, 1014, 200, 23, 578
26, 1015, 200, 7, 347
26, 1016, 200, 16, 408
26, 1017, 200, 8, 539
26, 1018, 200, 9, 770
26, 1019, 200, 2, 541
26, 1020, 200, 11, 638
26, 1021, 200, 194, 670
26, 1022, 200, 0, 675
26, 1023, 200, 5, 470
26, 1024, 200, 0, 487
26, 1025, 200, 71, 606
26, 1026, 200, 9, 495
26, 1027, 200, 0, 347
26, 1028, 200, 8, 532
26, 1029, 200, 65, 359
26, 1030, 200, 21, 767
26, 1031, 200, 6, 559
26, 1032, 200, 0, 583
26, 1033, 200, 14, 573
26, 1034, 200, 0, 721
26, 1035, 200, 0, 928
26, 1036, 200, 0, 492
26, 1037, 200, 8, 403
26, 1038, 200, 23, 708
26, 1039, 200, 8, 693
27, 1040, 200, 6, 729
27, 1041, 200, 6, 481
27, 1042, 200, 42, 424
27, 1043, 200, 96, 515
27, 1044, 200, 464, 813
27, 1045, 200, 33, 722
27, 1046, 200, 56, 694
27, 1047, 200, 34, 595
27, 1048, 200, 0, 880
27, 1049, 200, 1, 973
27, 1050, 200, 0, 588
27, 1051, 200, 70, 875
27, 1052, 200, 25, 728
27, 1053, 200, 64, 766
27, 1054, 200, 49, 693
27, 1055, 200, 0, 849
27, 1056, 200, 0, 778
27, 1057, 200, 0, 499
27, 1058, 200, 39, 671
27, 1059, 200, 30, 606
27, 1060, 200, 3, 611
27, 1061, 200, 20, 679
27, 1062, 200, 34, 611
27, 1063, 200, 158, 540
27, 1064, 200, 77, 861
27, 1065, 200, 64, 762
27, 1066, 200, 19, 595
27, 1067, 200, 0, 539
27, 1068, 200, 6, 746
27, 1069, 200, 3, 675
27, 1070, 200, 18, 538
27, 1071, 200, 57, 732
27, 1072, 200, 60, 505
27, 1073, 200, 87, 597
27, 1074, 200, 17, 758
27, 1075, 200, 1, 689
27, 1076, 200, 0, 705
27, 1077, 200, 0, 721
27, 1078, 200, 0, 745
27, 1079, 200, 0, 623
28, 1080, 200, 0, 664
28, 1081, 200, 0, 688
28, 1082, 200, 0, 534
28, 1083, 200, 0, 470
28, 1084, 200, 0, 457
28, 1085, 200, 13, 534
28, 1086, 200, 0, 401
28, 1087, 200, 0, 841
28, 1088, 200, 62, 487
28, 1089, 200, 25, 580
28, 1090, 200, 116, 588
28, 1091, 200, 64, 787
28, 1092, 200, 30, 663
28, 1093, 200, 79, 429
28, 1094, 200, 23, 677
28, 1095, 200, 94, 422
28, 1096, 200, 57, 693
28, 1097, 200, 20, 559
28, 1098, 200, 15, 620
28, 1099, 200, 22, 604
28, 1100, 200, 1, 829
28, 1101, 200, 0, 580
28, 1102, 200, 62, 892
28, 1103, 200, 35, 902
28, 1104, 200, 0, 757
28, 1105, 200, 0, 608
28, 1106, 200, 0, 521
28, 1107, 200, 7, 568
28, 1108, 200, 35, 516
28, 1109, 200, 8, 592
28, 1110, 200, 36, 639
28, 1111, 200, 0, 520
28, 1112, 200, 56, 745
28, 1113, 200, 0, 639
28, 1114, 200, 6, 657
28, 1115, 200, 122, 842
28, 1116, 200, 43, 569
28, 1117, 200, 128, 785
28, 1118, 200, 32, 654
28, 1119, 200, 38, 478
29, 1120, 200, 9, 626
29, 1121, 200, 4, 568
29, 1122, 200, 11, 523
29, 1123, 200, 39, 590
29, 1124, 200, 15, 826
29, 1125, 200, 18, 906
29, 1126, 200, 29, 678
29, 1127, 200, 41, 476
29, 1128, 200, 36, 565
29, 1129, 200, 13, 637
29, 1130, 200, 11, 657
29, 1131, 200, 0, 767
29, 1132, 200, 0, 518
29, 1133, 200, 20, 557
29, 1134, 200, 45, 550
29, 1135, 200, 101, 767
29, 1136, 200, 55, 589
29, 1137, 200, 0, 601
29, 1138, 200, 14, 331
29, 1139, 200, 5, 641
29, 1140, 200, 5, 391
29, 1141, 200, 21, 629
29, 1142, 200, 3, 876
29, 1143, 200, 52, 735
29, 1144, 200, 0, 547
29, 1145, 200, 0, 844
29, 1146, 200, 0, 541
29, 1147, 200, 0, 662
29, 1148, 200, 11, 761
29, 1149, 200, 96, 933
29, 1150, 200, 14, 558
29, 1151, 200, 6, 602
29, 1152, 200, 6, 478
29, 1153, 200, 6, 578
29, 1154, 200, 4, 717
29, 1155, 200, 11, 469
29, 1156, 200, 10, 527
29, 1157, 200, 11, 546
29, 1158, 200, 16, 980
29, 1159, 200, 53, 720
30, 1160, 200, 52, 549
30, 1161, 200, 0, 609
30, 1162, 200, 23, 473
30, 1163, 200, 0, 524
30, 1164, 200, 27, 586
30, 1165, 200, 13, 388
30, 1166, 200, 12, 672
30, 1167, 200, 237, 646
30, 1168, 200, 121, 710
30, 1169, 200, 6, 602
30, 1170, 200, 53, 662
30, 1171, 200, 84, 566
30, 1172, 200, 8, 903
30, 1173, 200, 23, 728
30, 1174, 200, 10, 583
30, 1175, 200, 9, 423
30, 1176, 200, 47, 525
30, 1177, 200, 47, 713
30, 1178, 200, 66, 1113
30, 1179, 200, 155, 621
30, 1180, 200, 37, 786
30, 1181, 200, 215, 758
30, 1182, 200, 23, 674
30, 1183, 200, 0, 593
30, 1184, 200, 21, 646
30, 1185, 200, 165, 587
30, 1186, 200, 51, 510
30, 1187, 200, 32, 497
30, 1188, 200, 24, 581
30, 1189, 200, 21, 739
30, 1190, 200, 115, 632
30, 1191, 200, 53, 911
30, 1192, 200, 124, 898
30, 1193, 200, 172, 519
30, 1194, 200, 32, 511
30, 1195, 200, 60, 779
30, 1196, 200, 17, 668
30, 1197, 200, 57, 910
30, 1198, 200, 29, 595
30, 1199, 200, 65, 510
31, 1200, 200, 141, 770
31, 1201, 200, 13, 645
31, 1202, 200, 100, 541
31, 1203, 200, 82, 579
31, 1204, 200, 41, 491
31, 1205, 200, 66, 777
31, 1206, 200, 55, 895
31, 1207, 200, 58, 766
31, 1208, 200, 6, 808
31, 1209, 200, 123, 728
31, 1210, 200, 22, 578
31, 1211, 200, 56, 712
31, 1212, 200, 9, 944
31, 1213, 200, 39, 637
31, 1214, 200, 56, 632
31, 1215, 200, 38, 493
31, 1216, 200, 91, 960
31, 1217, 200, 29, 720
31, 1218, 200, 6, 522
31, 1219, 200, 45, 617
31, 1220, 200, 13, 574
31, 1221, 200, 125, 812
31, 1222, 200, 0, 552
31, 1223, 200, 19, 517
31, 1224, 200, 10, 697
31, 1225, 200, 44, 656
31, 1226, 200, 98, 660
31, 1227, 200, 34, 659
31, 1228, 200, 21, 576
31, 1229, 200, 29, 674
31, 1230, 200, 9, 473
31, 1231, 200, 56, 665
31, 1232, 200, 51, 705
31, 1233, 200, 28, 640
31, 1234, 200, 102, 695
31, 1235, 200, 31, 689
31, 1236, 200, 56, 728
31, 1237, 200, 32, 714
31, 1238, 200, 160, 693
31, 1239, 200, 45, 710
32, 1240, 200, 15, 591
32, 1241, 200, 30, 579
32, 1242, 200, 0, 745
32, 1243, 200, 50, 411
32, 1244, 200, 28, 684
32, 1245, 200, 4, 611
32, 1246, 200, 3, 923
32, 1247, 200, 50, 713
32, 1248, 200, 9, 825
32, 1249, 200, 85, 494
32, 1250, 200, 76, 716
32, 1251, 200, 64, 420
32, 1252, 200, 3, 1001
32, 1253, 200, 4, 892
32, 1254, 200, 10, 648
32, 1255, 200, 155, 641
32, 1256, 200, 97, 418
32, 1257, 200, 93, 683
32, 1258, 200, 8, 696
32, 1259, 200, 211, 670
32, 1260, 200, 110, 610
32, 1261, 200, 98, 466
32, 1262, 200, 31, 435
32, 1263, 200, 35, 405
32, 1264, 200, 24, 737
32, 1265, 200, 157, 644
32, 1266, 200, 37, 970
32, 1267, 200, 31, 754
32, 1268, 200, 0, 1185
32, 1269, 200, 0, 987
32, 1270, 200, 38, 701
32, 1271, 200, 20, 527
32, 1272, 200, 2, 581
32, 1273, 200, 20, 702
32, 1274, 200, 4, 593
32, 1275, 200, 9, 742
32, 1276, 200, 49, 748
32, 1277, 200, 36, 499
32, 1278, 200, 6, 588
32, 1279, 200, 195, 386
33, 1280, 200, 39, 525
33, 1281, 200, 18, 524
33, 1282, 200, 16, 557
33, 1283, 200, 19, 469
33, 1284, 200, 101, 654
33, 1285, 200, 214, 555
33, 1286, 200, 95, 519
33, 1287, 200, 8, 710
33, 1288, 200, 57, 615
33, 1289, 200, 58, 691
33, 1290, 200, 48, 485
33, 1291, 200, 45, 438
33, 1292, 200, 76, 621
33, 1293, 200, 28, 574
33, 1294, 200, 38, 373
33, 1295, 200, 17, 480
33, 1296, 200, 101, 805
33, 1297, 200, 36, 829
33, 1298, 200, 12, 647
33, 1299, 200, 28, 580
33, 1300, 200, 7, 588
33, 1301, 200, 4, 669
33, 1302, 200, 40, 641
33, 1303, 200, 25, 566
33, 1304, 200, 4, 430
33, 1305, 200, 7, 470
33, 1306, 200, 9, 987
33, 1307, 200, 1, 942
33, 1308, 200, 8, 651
33, 1309, 200, 77, 614
33, 1310, 200, 40, 993
33, 1311, 200, 63, 536
33, 1312, 200, 103, 531
33, 1313, 200, 49, 555
33, 1314, 200, 180, 442
33, 1315, 200, 123, 643
33, 1316, 200, 0, 884
33, 1317, 200, 99, 476
33, 1318, 200, 51, 611
33, 1319, 200, 42, 941
34, 1320, 200, 14, 527
34, 1321, 200, 256, 581
34, 1322, 200, 218, 787
34, 1323, 200, 63, 574
34, 1324, 200, 32, 490
34, 1325, 200, 68, 587
34, 1326, 200, 77, 542
34, 1327, 200, 26, 694
34, 1328, 200, 25, 662
34, 1329, 200, 54, 632
34, 1330, 200, 58, 599
34, 1331, 200, 19, 625
34, 1332, 200, 34, 598
34, 1333, 200, 21, 678
34, 1334, 200, 4, 577
34, 1335, 200, 9, 577
34, 1336, 200, 6, 593
34, 1337, 200, 8, 441
34, 1338, 200, 15, 494
34, 1339, 200, 0, 649
34, 1340, 200, 62, 438
34, 1341, 200, 28, 586
34, 1342, 200, 7, 918
34, 1343, 200, 0, 570
34, 1344, 200, 18, 695
34, 1345, 200, 42, 670
34, 1346, 200, 1, 535
34, 1347, 200, 0, 479
34, 1348, 200, 73, 407
34, 1349, 200, 14, 482
34, 1350, 200, 2, 853
34, 1351, 200, 6, 686
34, 1352, 200, 12, 795
34, 1353, 200, 45, 573
34, 1354, 200, 8, 572
34, 1355, 200, 0, 578
34, 1356, 200, 1, 716
34, 1357, 200, 0, 602
34, 1358, 200, 72, 535
34, 1359, 200, 95, 650
35, 1360, 200, 0, 642
35, 1361, 200, 0, 575
35, 1362, 200, 0, 451
35, 1363, 200, 0, 436
35, 1364, 200, 0, 673
35, 1365, 200, 4, 705
35, 1366, 200, 0, 677
35, 1367, 200, 28, 730
35, 1368, 200, 8, 437
35, 1369, 200, 56, 484
35, 1370, 200, 71, 581
35, 1371, 200, 89, 888
35, 1372, 200, 96, 812
35, 1373, 200, 57, 659
35, 1374, 200, 0, 632
35, 1375, 200, 0, 746
35, 1376, 200, 8, 678
35, 1377, 200, 17, 516
35, 1378, 200, 0, 629
35, 1379, 200, 0, 436
35, 1380, 200, 2, 629
35, 1381, 200, 14, 814
35, 1382, 200, 63, 533
35, 1383, 200, 2, 862
35, 1384, 200, 13, 556
35, 1385, 200, 4, 604
35, 1386, 200, 3, 713
35, 1387, 200, 0, 440
35, 1388, 200, 1, 441
35, 1389, 200, 0, 475
35, 1390, 200, 27, 710
35, 1391, 200, 15, 838
35, 1392, 200, 1, 626
35, 1393, 200, 2, 529
35, 1394, 200, 41, 737
35, 1395, 200, 88, 440
35, 1396, 200, 13, 710
35, 1397, 200, 9, 901
35, 1398, 200, 0, 721
35, 1399, 200, 0, 532
36, 1400, 200, 39, 472
36, 1401, 200, 53, 617
36, 1402, 200, 61, 654
36, 1403, 200, 43, 610
36, 1404, 200, 37, 783
36, 1405, 200, 0, 724
36, 1406, 200, 24, 529
36, 1407, 200, 169, 470
36, 1408, 200, 17, 542
36, 1409, 200, 2, 785
36, 1410, 200, 0, 722
36, 1411, 200, 0, 837
36, 1412, 200, 23, 545
36, 1413, 200, 56, 620
36, 1414, 200, 2, 785
36, 1415, 200, 6, 509
36, 1416, 200, 1, 834
36, 1417, 200, 0, 622
36, 1418, 200, 0, 595
36, 1419, 200, 4, 605
36, 1420, 200, 0, 413
36, 1421, 200, 18, 450
36, 1422, 200, 0, 567
36, 1423, 200, 0, 449
36, 1424, 200, 3, 620
36, 1425, 200, 8, 538
36, 1426, 200, 13, 441
36, 1427, 200, 0, 542
36, 1428, 200, 0, 570
36, 1429, 200, 0, 483
36, 1430, 200, 26, 471
36, 1431, 200, 21, 470
36, 1432, 200, 21, 786
36, 1433, 200, 0, 702
36, 1434, 200, 68, 677
36, 1435, 200, 23, 406
36, 1436, 200, 13, 714
36, 1437, 200, 1, 619
36, 1438, 200, 0, 486
36, 1439, 200, 35, 636
37, 1440, 200, 42, 468
37, 1441, 200, 4, 631
37, 1442, 200, 7, 654
37, 1443, 200, 0, 615
37, 1444, 200, 51, 619
37, 1445, 200, 11, 673
37, 1446, 200, 17, 522
37, 1447, 200, 77, 514
37, 1448, 200, 11, 665
37, 1449, 200, 47, 991
37, 1450, 200, 12, 549
37, 1451, 200, 29, 408
37, 1452, 200, 21, 478
37, 1453, 200, 4, 564
37, 1454, 200, 16, 673
37, 1455, 200, 10, 636
37, 1456, 200, 42, 665
37, 1457, 200, 71, 454
37, 1458, 200, 36, 388
37, 1459, 200, 66, 638
37, 1460, 200, 22, 559
37, 1461, 200, 3, 429
37, 1462, 200, 29, 554
37, 1463, 200, 12, 687
37, 1464, 200, 7, 595
37, 1465, 200, 6, 432
37, 1466, 200, 1, 383
37, 1467, 200, 0, 658
37, 1468, 200, 5, 328
37, 1469, 200, 10, 486
37, 1470, 200, 10, 599
37, 1471, 200, 27, 531
37, 1472, 200, 4, 500
37, 1473, 200, 34, 538
37, 1474, 200, 1, 510
37, 1475, 200, 37, 541
37, 1476, 200, 5, 780
37, 1477, 200, 69, 510
37, 1478, 200, 20, 776
37, 1479, 200, 0, 553
38, 1480, 200, 0, 544
38, 1481, 200, 0, 1010
38, 1482, 200, 17, 726
38, 1483, 200, 0, 661
38, 1484, 200, 0, 587
38, 1485, 200, 54, 933
38, 1486, 200, 0, 676
38, 1487, 200, 32, 512
38, 1488, 200, 19, 553
38, 1489, 200, 95, 692
38, 1490, 200, 20, 477
38, 1491, 200, 18, 685
38, 1492, 200, 0, 494
38, 1493, 200, 3, 534
38, 1494, 200, 14, 911
38, 1495, 200, 2, 515
38, 1496, 200, 21, 826
38, 1497, 200, 32, 652
38, 1498, 200, 0, 499
38, 1499, 200, 54, 378
38, 1500, 200, 48, 608
38, 1501, 200, 32, 699
38, 1502, 200, 31, 486
38, 1503, 200, 0, 438
38, 1504, 200, 4, 577
38, 1505, 200, 68, 674
38, 1506, 200, 80, 574
38, 1507, 200, 26, 705
38, 1508, 200, 20, 470
38, 1509, 200, 32, 442
38, 1510, 200, 12, 614
38, 1511, 200, 2, 756
38, 1512, 200, 48, 849
38, 1513, 200, 74, 638
38, 1514, 200, 13, 461
38, 1515, 200, 0, 714
38, 1516, 200, 0, 689
38, 1517, 200, 22, 912
38, 1518, 200, 34, 542
38, 1519, 200, 63, 567
39, 1520, 200, 28, 685
39, 1521, 200, 6, 755
39, 1522, 200, 0, 834
39, 1523, 200, 40, 868
39, 1524, 200, 16, 1039
39, 1525, 200, 15, 491
39, 1526, 200, 156, 730
39, 1527, 200, 53, 584
39, 1528, 200, 22, 588
39, 1529, 200, 38, 550
39, 1530, 200, 65, 667
39, 1531, 200, 43, 800
39, 1532, 200, 7, 570
39, 1533, 200, 0, 498
39, 1534, 200, 134, 635
39, 1535, 200, 65, 558
39, 1536, 200, 20, 642
39, 1537, 200, 49, 759
39, 1538, 200, 9, 720
39, 1539, 200, 25, 575
39, 1540, 200, 29, 623
39, 1541, 200, 24, 491
39, 1542, 200, 5, 432
39, 1543, 200, 14, 522
39, 1544, 200, 9, 550
39, 1545, 200, 38, 716
39, 1546, 200, 67, 760
39, 1547, 200, 0, 612
39, 1548, 200, 25, 596
39, 1549, 200, 9, 547
39, 1550, 200, 1, 760
39, 1551, 200, 0, 542
39, 1552, 200, 30, 419
39, 1553, 200, 17, 495
39, 1554, 200, 0, 712
39, 1555, 200, 0, 458
39, 1556, 200, 19, 429
39, 1557, 200, 7, 456
39, 1558, 200, 7, 576
39, 1559, 200, 8, 515
40, 1560, 200, 23, 716
40, 1561, 200, 65, 727
40, 1562, 200, 84, 711
40, 1563, 200, 50, 618
40, 1564, 200, 15, 457
40, 1565, 200, 11, 567
40, 1566, 200, 11, 466
40, 1567, 200, 14, 462
40, 1568, 200, 1, 763
40, 1569, 200, 0, 639
40, 1570, 200, 73, 653
40, 1571, 200, 199, 906
40, 1572, 200, 104, 489
40, 1573, 200, 66, 576
40, 1574, 200, 131, 675
40, 1575, 200, 100, 579
40, 1576, 200, 36, 433
40, 1577, 200, 9, 631
40, 1578, 200, 71, 493
40, 1579, 200, 35, 454
40, 1580, 200, 17, 566
40, 1581, 200, 28, 495
40, 1582, 200, 45, 810
40, 1583, 200, 53, 800
40, 1584, 200, 0, 423
40, 1585, 200, 23, 703
40, 1586, 200, 0, 664
40, 1587, 200, 0, 609
40, 1588, 200, 7, 407
40, 1589, 200, 37, 502
40, 1590, 200, 4, 887
40, 1591, 200, 36, 528
40, 1592, 200, 108, 690
40, 1593, 200, 9, 725
40, 1594, 200, 55, 565
40, 1595, 200, 68, 557
40, 1596, 200, 9, 733
40, 1597, 200, 82, 892
40, 1598, 200, 13, 435
40, 1599, 200, 19, 504
41, 1600, 200, 16, 742
41, 1601, 200, 3, 524
41, 1602, 200, 2, 596
41, 1603, 200, 73, 625
41, 1604, 200, 97, 568
41, 1605, 200, 75, 610
41, 1606, 200, 63, 548
41, 1607, 200, 5, 479
41, 1608, 200, 0, 587
41, 1609, 200, 0, 775
41, 1610, 200, 0, 573
41, 1611, 200, 0, 596
41, 1612, 200, 16, 691
41, 1613, 200, 0, 702
41, 1614, 200, 0, 507
41, 1615, 200, 0, 638
41, 1616, 200, 0, 475
41, 1617, 200, 4, 568
41, 1618, 200, 0, 650
41, 1619, 200, 0, 500
41, 1620, 200, 0, 714
41, 1621, 200, 49, 742
41, 1622, 200, 0, 762
41, 1623, 200, 0, 920
41, 1624, 200, 0, 605
41, 1625, 200, 0, 471
41, 1626, 200, 0, 676
41, 1627, 200, 0, 561
41, 1628, 200, 0, 728
41, 1629, 200, 0, 554
41, 1630, 200, 0, 570
41, 1631, 200, 0, 481
41, 1632, 200, 0, 469
41, 1633, 200, 3, 506
41, 1634, 200, 0, 418
41, 1635, 200, 4, 459
41, 1636, 200, 1, 631
41, 1637, 200, 0, 647
41, 1638, 200, 0, 428
41, 1639, 200, 0, 509
42, 1640, 200, 0, 498
42, 1641, 200, 0, 561
42, 1642, 200, 0, 561
42, 1643, 200, 0, 560
42, 1644, 200, 0, 667
42, 1645, 200, 8, 468
42, 1646, 200, 0, 578
42, 1647, 200, 0, 675
42, 1648, 200, 0, 846
42, 1649, 200, 0, 915
42, 1650, 200, 0, 522
42, 1651, 200, 0, 591
42, 1652, 200, 0, 674
42, 1653, 200, 0, 583
42, 1654, 200, 7, 733
42, 1655, 200, 0, 554
42, 1656, 200, 0, 578
42, 1657, 200, 4, 555
42, 1658, 200, 0, 553
42, 1659, 200, 0, 505
42, 1660, 200, 4, 542
42, 1661, 200, 0, 530
42, 1662, 200, 0, 581
42, 1663, 200, 4, 570
42, 1664, 200, 15, 439
42, 1665, 200, 0, 758
42, 1666, 200, 0, 516
42, 1667, 200, 1, 555
42, 1668, 200, 0, 488
42, 1669, 200, 0, 564
42, 1670, 200, 2, 507
42, 1671, 200, 0, 471
42, 1672, 200, 8, 582
42, 1673, 200, 15, 676
42, 1674, 200, 23, 540
42, 1675, 200, 38, 445
42, 1676, 200, 0, 587
42, 1677, 200, 54, 469
42, 1678, 200, 9, 616
42, 1679, 200, 14, 576
43, 1680, 200, 27, 582
43, 1681, 200, 15, 457
43, 1682, 200, 11, 452
43, 1683, 200, 51, 453
43, 1684, 200, 2, 733
43, 1685, 200, 8, 755
43, 1686, 200, 14, 441
43, 1687, 200, 13, 633
43, 1688, 200, 0, 819
43, 1689, 200, 0, 457
43, 1690, 200, 7, 634
43, 1691, 200, 3, 538
43, 1692, 200, 0, 472
43, 1693, 200, 0, 451
43, 1694, 200, 18, 689
43, 1695, 200, 42, 733
43, 1696, 200, 7, 644
43, 1697, 200, 3, 500
43, 1698, 200, 40, 652
43, 1699, 200, 54, 545
43, 1700, 200, 4, 537
43, 1701, 200, 35, 484
43, 1702, 200, 2, 601
43, 1703, 200, 18, 826
43, 1704, 200, 10, 892
43, 1705, 200, 3, 496
43, 1706, 200, 70, 591
43, 1707, 200, 0, 454
43, 1708, 200, 0, 487
43, 1709, 200, 0, 569
43, 1710, 200, 13, 537
43, 1711, 200, 4, 447
43, 1712, 200, 41, 412
43, 1713, 200, 112, 874
43, 1714, 200, 54, 789
43, 1715, 200, 55, 437
43, 1716, 200, 13, 797
43, 1717, 200, 10, 404
43, 1718, 200, 0, 590
43, 1719, 200, 13, 433
44, 1720, 200, 0, 563
44, 1721, 200, 0, 505
44, 1722, 200, 0, 664
44, 1723, 200, 7, 661
44, 1724, 200, 31, 418
44, 1725, 200, 4, 665
44, 1726, 200, 0, 725
44, 1727, 200, 6, 560
44, 1728, 200, 4, 733
44, 1729, 200, 12, 685
44, 1730, 200, 14, 563
44, 1731, 200, 3, 609
44, 1732, 200, 15, 598
44, 1733, 200, 10, 884
44, 1734, 200, 0, 802
44, 1735, 200, 63, 443
44, 1736, 200, 75, 802
44, 1737, 200, 60, 729
44, 1738, 200, 6, 420
44, 1739, 200, 0, 467
44, 1740, 200, 0, 637
44, 1741, 200, 0, 653
44, 1742, 200, 8, 554
44, 1743, 200, 0, 491
44, 1744, 200, 0, 593
44, 1745, 200, 2, 599
44, 1746, 200, 7, 695
44, 1747, 200, 76, 489
44, 1748, 200, 58, 691
44, 1749, 200, 45, 742
44, 1750, 200, 18, 806
44, 1751, 200, 102, 591
44, 1752, 200, 7, 564
44, 1753, 200, 193, 502
44, 1754, 200, 59, 517
44, 1755, 200, 0, 763
44, 1756, 200, 0, 671
44, 1757, 200, 0, 530
44, 1758, 200, 2, 438
44, 1759, 200, 0, 678
45, 1760, 200, 10, 926
45, 1761, 200, 5, 702
45, 1762, 200, 0, 463
45, 1763, 200, 0, 519
45, 1764, 200, 17, 911
45, 1765, 200, 0, 607
45, 1766, 200, 0, 488
45, 1767, 200, 0, 568
45, 1768, 200, 0, 661
45, 1769, 200, 0, 561
45, 1770, 200, 0, 490
45, 1771, 200, 0, 739
45, 1772, 200, 0, 533
45, 1773, 200, 16, 791
45, 1774, 200, 16, 560
45, 1775, 200, 0, 627
45, 1776, 200, 4, 643
45, 1777, 200, 0, 771
45, 1778, 200, 0, 628
45, 1779, 200, 0, 554
45, 1780, 200, 0, 514
45, 1781, 200, 2, 684
45, 1782, 200, 72, 519
45, 1783, 200, 21, 547
45, 1784, 200, 14, 537
45, 1785, 200, 14, 747
45, 1786, 200, 41, 548
45, 1787, 200, 29, 538
45, 1788, 200, 5, 428
45, 1789, 200, 47, 736
45, 1790, 200, 33, 678
45, 1791, 200, 7, 574
45, 1792, 200, 0, 497
45, 1793, 200, 0, 478
45, 1794, 200, 0, 644
45, 1795, 200, 22, 567
45, 1796, 200, 25, 440
45, 1797, 200, 139, 535
45, 1798, 200, 77, 613
45, 1799, 200, 42, 636
46, 1800, 200, 12, 458
46, 1801, 200, 51, 422
46, 1802, 200, 12, 480
46, 1803, 200, 0, 403
46, 1804, 200, 47, 436
46, 1805, 200, 12, 422
46, 1806, 200, 0, 429
46, 1807, 200, 0, 797
46, 1808, 200, 0, 608
46, 1809, 200, 0, 442
46, 1810, 200, 0, 409
46, 1811, 200, 0, 797
46, 1812, 200, 7, 580
46, 1813, 200, 9, 805
46, 1814, 200, 0, 539
46, 1815, 200, 37, 598
46, 1816, 200, 0, 431
46, 1817, 200, 0, 442
46, 1818, 200, 0, 536
46, 1819, 200, 4, 604
46, 1820, 200, 0, 640
46, 1821, 200, 13, 742
46, 1822, 200, 0, 402
46, 1823, 200, 0, 464
46, 1824, 200, 0, 471
46, 1825, 200, 0, 521
46, 1826, 200, 13, 805
46, 1827, 200, 0, 530
46, 1828, 200, 0, 556
46, 1829, 200, 0, 605
46, 1830, 200, 0, 500
46, 1831, 200, 0, 817
46, 1832, 200, 0, 794
46, 1833, 200, 0, 509
46, 1834, 200, 0, 612
46, 1835, 200, 3, 428
46, 1836, 200, 0, 513
46, 1837, 200, 10, 409
46, 1838, 200, 12, 675
46, 1839, 200, 4, 629
47, 1840, 200, 0, 706
47, 1841, 200, 15, 707
47, 1842, 200, 4, 529
47, 1843, 200, 0, 606
47, 1844, 200, 3, 696
47, 1845, 200, 4, 604
47, 1846, 200, 2, 679
47, 1847, 200, 0, 551
47, 1848, 200, 0, 608
47, 1849, 200, 0, 557
47, 1850, 200, 0, 405
47, 1851, 200, 2, 593
47, 1852, 200, 0, 494
47, 1853, 200, 0, 705
47, 1854, 200, 5, 564
47, 1855, 200, 0, 836
47, 1856, 200, 0, 651
47, 1857, 200, 38, 597
47, 1858, 200, 17, 432
47, 1859, 200, 0, 607
47, 1860, 200, 0, 545
47, 1861, 200, 0, 669
47, 1862, 200, 5, 550
47, 1863, 200, 7, 645
47, 1864, 200, 0, 525
47, 1865, 200, 0, 508
47, 1866, 200, 3, 631
47, 1867, 200, 32, 493
47, 1868, 200, 99, 705
47, 1869, 200, 16, 703
47, 1870, 200, 2, 664
47, 1871, 200, 3, 572
47, 1872, 200, 8, 704
47, 1873, 200, 34, 746
47, 1874, 200, 7, 850
47, 1875, 200, 84, 773
47, 1876, 200, 10, 715
47, 1877, 200, 0, 581
47, 1878, 200, 0, 782
47, 1879, 200, 0, 403
48, 1880, 200, 0, 532
48, 1881, 200, 0, 514
48, 1882, 200, 4, 494
48, 1883, 200, 0, 864
48, 1884, 200, 0, 497
48, 1885, 200, 0, 562
48, 1886, 200, 0, 457
48, 1887, 200, 0, 483
48, 1888, 200, 0, 549
48, 1889, 200, 3, 532
48, 1890, 200, 2, 753
48, 1891, 200, 0, 715
48, 1892, 200, 0, 722
48, 1893, 200, 2, 782
48, 1894, 200, 0, 477
48, 1895, 200, 102, 401
48, 1896, 200, 8, 591
48, 1897, 200, 42, 732
48, 1898, 200, 62, 478
48, 1899, 200, 51, 499
48, 1900, 200, 24, 641
48, 1901, 200, 8, 574
48, 1902, 200, 0, 710
48, 1903, 200, 0, 684
48, 1904, 200, 10, 762
48, 1905, 200, 10, 572
48, 1906, 200, 50, 781
48, 1907, 200, 42, 705
48, 1908, 200, 12, 704
48, 1909, 200, 0, 398
48, 1910, 200, 0, 453
48, 1911, 200, 0, 438
48, 1912, 200, 0, 440
48, 1913, 200, 3, 658
48, 1914, 200, 7, 525
48, 1915, 200, 0, 586
48, 1916, 200, 0, 793
48, 1917, 200, 0, 673
48, 1918, 200, 1, 550
48, 1919, 200, 2, 619
49, 1920, 200, 0, 636
49, 1921, 200, 0, 777
49, 1922, 200, 0, 604
49, 1923, 200, 0, 577
49, 1924, 200, 0, 677
49, 1925, 200, 0, 533
49, 1926, 200, 0, 719
49, 1927, 200, 0, 688
49, 1928, 200, 0, 583
49, 1929, 200, 0, 566
49, 1930, 200, 0, 675
49, 1931, 200, 0, 706
49, 1932, 200, 15, 881
49, 1933, 200, 0, 693
49, 1934, 200, 0, 756
49, 1935, 200, 0, 509
49, 1936, 200, 0, 643
49, 1937, 200, 0, 621
49, 1938, 200, 0, 545
49, 1939, 200, 0, 549
49, 1940, 200, 0, 657
49, 1941, 200, 0, 703
49, 1942, 200, 0, 591
49, 1943, 200, 0, 424
49, 1944, 200, 0, 265
49, 1945, 200, 0, 396
49, 1946, 200, 2, 897
49, 1947, 200, 0, 599
49, 1948, 200, 5, 580
49, 1949, 200, 0, 512
49, 1950, 200, 0, 625
49, 1951, 200, 0, 426
49, 1952, 200, 0, 453
49, 1953, 200, 0, 608
49, 1954, 200, 0, 579
49, 1955, 200, 1, 565
49, 1956, 200, 2, 611
49, 1957, 200, 4, 457
49, 1958, 200, 0, 455
49, 1959, 200, 0, 586
50, 1960, 200, 0, 475
50, 1961, 200, 0, 531
50, 1962, 200, 0, 485
50, 1963, 200, 46, 583
50, 1964, 200, 35, 503
50, 1965, 200, 2, 468
50, 1966, 200, 5, 561
50, 1967, 200, 0, 482
50, 1968, 200, 0, 644
50, 1969, 200, 9, 743
50, 1970, 200, 0, 751
50, 1971, 200, 3, 479
50, 1972, 200, 0, 579
50, 1973, 200, 0, 506
50, 1974, 200, 0, 705
50, 1975, 200, 8, 539
50, 1976, 200, 0, 590
50, 1977, 200, 0, 489
50, 1978, 200, 3, 579
50, 1979, 200, 0, 745
50, 1980, 200, 11, 515
50, 1981, 200, 0, 738
50, 1982, 200, 8, 656
50, 1983, 200, 0, 691
50, 1984, 200, 2, 474
50, 1985, 200, 9, 671
50, 1986, 200, 0, 688
50, 1987, 200, 0, 824
50, 1988, 200, 0, 558
50, 1989, 200, 0, 785
50, 1990, 200, 0, 398
50, 1991, 200, 0, 553
50, 1992, 200, 0, 554
50, 1993, 200, 1, 551
50, 1994, 200, 2, 857
50, 1995, 200, 5, 517
50, 1996, 200, 0, 510
50, 1997, 200, 0, 502
50, 1998, 200, 0, 412
50, 1999, 200, 0, 595
51, 2000, 200, 0, 690
51, 2001, 200, 0, 660
51, 2002, 200, 0, 387
51, 2003, 200, 2, 815
51, 2004, 200, 4, 727
51, 2005, 200, 0, 591
51, 2006, 200, 0, 681
51, 2007, 200, 53, 580
51, 2008, 200, 29, 418
51, 2009, 200, 113, 912
51, 2010, 200, 4, 850
51, 2011, 200, 29, 655
51, 2012, 200, 17, 364
51, 2013, 200, 0, 473
51, 2014, 200, 9, 335
51, 2015, 200, 0, 399
51, 2016, 200, 0, 496
51, 2017, 200, 5, 568
51, 2018, 200, 25, 614
51, 2019, 200, 0, 441
51, 2020, 200, 85, 532
51, 2021, 200, 56, 453
51, 2022, 200, 12, 423
51, 2023, 200, 4, 583
51, 2024, 200, 4, 409
51, 2025, 200, 27, 626
51, 2026, 200, 14, 400
51, 2027, 200, 39, 657
51, 2028, 200, 137, 463
51, 2029, 200, 17, 577
51, 2030, 200, 54, 535
51, 2031, 200, 26, 379
51, 2032, 200, 28, 663
51, 2033, 200, 27, 508
51, 2034, 200, 56, 861
51, 2035, 200, 7, 628
51, 2036, 200, 22, 574
51, 2037, 200, 23, 638
51, 2038, 200, 12, 482
51, 2039, 200, 17, 448
52, 2040, 200, 5, 487
52, 2041, 200, 20, 442
52, 2042, 200, 21, 533
52, 2043, 200, 11, 500
52, 2044, 200, 0, 817
52, 2045, 200, 12, 664
52, 2046, 200, 6, 604
52, 2047, 200, 15, 534
52, 2048, 200, 15, 622
52, 2049, 200, 4, 496
52, 2050, 200, 9, 490
52, 2051, 200, 12, 334
52, 2052, 200, 54, 574
52, 2053, 200, 50, 774
52, 2054, 200, 0, 560
52, 2055, 200, 33, 670
52, 2056, 200, 15, 550
52, 2057, 200, 28, 707
52, 2058, 200, 22, 773
52, 2059, 200, 10, 401
52, 2060, 200, 4, 507
52, 2061, 200, 14, 559
52, 2062, 200, 9, 415
52, 2063, 200, 16, 594
52, 2064, 200, 9, 675
52, 2065, 200, 38, 401
52, 2066, 200, 21, 333
52, 2067, 200, 7, 514
52, 2068, 200, 3, 436
52, 2069, 200, 6, 553
52, 2070, 200, 14, 610
52, 2071, 200, 20, 400
52, 2072, 200, 26, 572
52, 2073, 200, 18, 547
52, 2074, 200, 0, 512
52, 2075, 200, 0, 648
52, 2076, 200, 15, 723
52, 2077, 200, 20, 544
52, 2078, 200, 38, 554
52, 2079, 200, 4, 360
53, 2080, 200, 0, 497
53, 2081, 200, 0, 565
53, 2082, 200, 31, 376
53, 2083, 200, 12, 503
53, 2084, 200, 10, 576
53, 2085, 200, 20, 403
53, 2086, 200, 16, 599
53, 2087, 200, 42, 798
53, 2088, 200, 37, 790
53, 2089, 200, 15, 486
53, 2090, 200, 71, 728
53, 2091, 200, 42, 686
53, 2092, 200, 136, 622
53, 2093, 200, 11, 581
53, 2094, 200, 89, 499
53, 2095, 200, 13, 532
53, 2096, 200, 105, 458
53, 2097, 200, 51, 591
53, 2098, 200, 125, 489
53, 2099, 200, 21, 416
53, 2100, 200, 66, 472
53, 2101, 200, 44, 559
53, 2102, 200, 88, 678
53, 2103, 200, 22, 487
53, 2104, 200, 166, 629
53, 2105, 200, 87, 495
53, 2106, 200, 109, 405
53, 2107, 200, 6, 585
53, 2108, 200, 50, 584
53, 2109, 200, 68, 731
53, 2110, 200, 29, 541
53, 2111, 200, 17, 653
53, 2112, 200, 22, 509
53, 2113, 200, 53, 535
53, 2114, 200, 104, 587
53, 2115, 200, 70, 804
53, 2116, 200, 29, 810
53, 2117, 200, 134, 501
53, 2118, 200, 86, 474
53, 2119, 200, 108, 594
54, 2120, 200, 123, 479
54, 2121, 200, 133, 425
54, 2122, 200, 23, 375
54, 2123, 200, 86, 514
54, 2124, 200, 7, 537
54, 2125, 200, 93, 570
54, 2126, 200, 138, 732
54, 2127, 200, 62, 686
54, 2128, 200, 15, 761
54, 2129, 200, 3, 421
54, 2130, 200, 0, 603
54, 2131, 200, 21, 534
54, 2132, 200, 0, 689
54, 2133, 200, 0, 376
54, 2134, 200, 0, 366
54, 2135, 200, 27, 529
54, 2136, 200, 8, 556
54, 2137, 200, 4, 614
54, 2138, 200, 34, 910
54, 2139, 200, 26, 562
54, 2140, 200, 30, 663
54, 2141, 200, 10, 455
54, 2142, 200, 19, 595
54, 2143, 200, 11, 542
54, 2144, 200, 201, 564
54, 2145, 200, 39, 586
54, 2146, 200, 8, 651
54, 2147, 200, 40, 651
54, 2148, 200, 203, 463
54, 2149, 200, 19, 516
54, 2150, 200, 34, 377
54, 2151, 200, 48, 762
54, 2152, 200, 0, 436
54, 2153, 200, 107, 455
54, 2154, 200, 54, 498
54, 2155, 200, 59, 833
54, 2156, 200, 14, 683
54, 2157, 200, 0, 664
54, 2158, 200, 0, 524
54, 2159, 200, 1, 495
55, 2160, 200, 0, 620
55, 2161, 200, 24, 604
55, 2162, 200, 44, 661
55, 2163, 200, 51, 414
55, 2164, 200, 121, 602
55, 2165, 200, 204, 646
55, 2166, 200, 348, 590
55, 2167, 200, 22, 424
55, 2168, 200, 71, 711
55, 2169, 200, 18, 584
55, 2170, 200, 32, 467
55, 2171, 200, 55, 635
55, 2172, 200, 126, 515
55, 2173, 200, 57, 557
55, 2174, 200, 29, 734
55, 2175, 200, 17, 554
55, 2176, 200, 53, 407
55, 2177, 200, 33, 592
55, 2178, 200, 36, 441
55, 2179, 200, 34, 530
55, 2180, 200, 4, 735
55, 2181, 200, 26, 518
55, 2182, 200, 31, 476
55, 2183, 200, 40, 985
55, 2184, 200, 3, 516
55, 2185, 200, 15, 468
55, 2186, 200, 9, 665
55, 2187, 200, 76, 827
55, 2188, 200, 18, 651
55, 2189, 200, 9, 895
55, 2190, 200, 9, 668
55, 2191, 200, 15, 472
55, 2192, 200, 11, 505
55, 2193, 200, 0, 536
55, 2194, 200, 0, 392
55, 2195, 200, 0, 343
55, 2196, 200, 0, 489
55, 2197, 200, 0, 578
55, 2198, 200, 0, 900
55, 2199, 200, 0, 448
56, 2200, 200, 87, 745
56, 2201, 200, 15, 562
56, 2202, 200, 0, 673
56, 2203, 200, 12, 500
56, 2204, 200, 4, 527
56, 2205, 200, 0, 550
56, 2206, 200, 0, 563
56, 2207, 200, 0, 756
56, 2208, 200, 0, 617
56, 2209, 200, 4, 724
56, 2210, 200, 87, 717
56, 2211, 200, 34, 432
56, 2212, 200, 59, 498
56, 2213, 200, 0, 635
56, 2214, 200, 6, 650
56, 2215, 200, 4, 512
56, 2216, 200, 44, 510
56, 2217, 200, 0, 700
56, 2218, 200, 0, 385
56, 2219, 200, 0, 530
56, 2220, 200, 0, 542
56, 2221, 200, 0, 546
56, 2222, 200, 0, 341
56, 2223, 200, 0, 603
56, 2224, 200, 0, 404
56, 2225, 200, 0, 403
56, 2226, 200, 0, 513
56, 2227, 200, 0, 656
56, 2228, 200, 2, 760
56, 2229, 200, 0, 614
56, 2230, 200, 21, 660
56, 2231, 200, 9, 846
56, 2232, 200, 0, 736
56, 2233, 200, 0, 600
56, 2234, 200, 0, 656
56, 2235, 200, 0, 557
56, 2236, 200, 0, 488
56, 2237, 200, 0, 502
56, 2238, 200, 0, 548
56, 2239, 200, 0, 597
57, 2240, 200, 0, 526
57, 2241, 200, 0, 711
57, 2242, 200, 0, 845
57, 2243, 200, 0, 809
57, 2244, 200, 0, 576
57, 2245, 200, 0, 319
57, 2246, 200, 0, 341
57, 2247, 200, 0, 521
57, 2248, 200, 0, 313
57, 2249, 200, 0, 585
57, 2250, 200, 0, 369
57, 2251, 200, 0, 489
57, 2252, 200, 2, 561
57, 2253, 200, 0, 709
57, 2254, 200, 0, 812
57, 2255, 200, 0, 462
57, 2256, 200, 0, 343
57, 2257, 200, 0, 479
57, 2258, 200, 0, 488
57, 2259, 200, 0, 660
57, 2260, 200, 0, 763
57, 2261, 200, 16, 693
57, 2262, 200, 0, 609
57, 2263, 200, 0, 487
57, 2264, 200, 0, 569
57, 2265, 200, 0, 622
57, 2266, 200, 0, 574
57, 2267, 200, 0, 455
57, 2268, 200, 0, 660
57, 2269, 200, 0, 554
57, 2270, 200, 0, 684
57, 2271, 200, 0, 429
57, 2272, 200, 0, 592
57, 2273, 200, 0, 565
57, 2274, 200, 0, 595
57, 2275, 200, 0, 645
57, 2276, 200, 0, 553
57, 2277, 200, 6, 428
57, 2278, 200, 0, 552
57, 2279, 200, 0, 504
58, 2280, 200, 0, 441
58, 2281, 200, 0, 431
58, 2282, 200, 0, 555
58, 2283, 200, 0, 928
58, 2284, 200, 0, 541
58, 2285, 200, 0, 913
58, 2286, 200, 0, 520
58, 2287, 200, 0, 384
58, 2288, 200, 0, 415
58, 2289, 200, 0, 566
58, 2290, 200, 0, 425
58, 2291, 200, 0, 596
58, 2292, 200, 0, 572
58, 2293, 200, 0, 658
58, 2294, 200, 0, 590
58, 2295, 200, 1, 572
58, 2296, 200, 7, 516
58, 2297, 200, 0, 620
58, 2298, 200, 0, 516
58, 2299, 200, 5, 519
58, 2300, 200, 0, 803
58, 2301, 200, 0, 434
58, 2302, 200, 0, 704
58, 2303, 200, 0, 551
58, 2304, 200, 0, 507
58, 2305, 200, 4, 588
58, 2306, 200, 8, 439
58, 2307, 200, 0, 626
58, 2308, 200, 12, 489
58, 2309, 200, 0, 377
58, 2310, 200, 7, 532
58, 2311, 200, 15, 577
58, 2312, 200, 0, 500
58, 2313, 200, 11, 610
58, 2314, 200, 26, 671
58, 2315, 200, 13, 699
58, 2316, 200, 138, 339
58, 2317, 200, 6, 556
58, 2318, 200, 23, 446
58, 2319, 200, 28, 476
59, 2320, 200, 9, 773
59, 2321, 200, 12, 598
59, 2322, 200, 37, 513
59, 2323, 200, 52, 523
59, 2324, 200, 40, 575
59, 2325, 200, 208, 719
59, 2326, 200, 88, 430
59, 2327, 200, 6, 455
59, 2328, 200, 0, 613
59, 2329, 200, 0, 590
59, 2330, 200, 8, 580
59, 2331, 200, 4, 539
59, 2332, 200, 4, 599
59, 2333, 200, 58, 600
59, 2334, 200, 0, 485
59, 2335, 200, 0, 734
59, 2336, 200, 19, 637
59, 2337, 200, 0, 798
59, 2338, 200, 12, 507
59, 2339, 200, 6, 642
59, 2340, 200, 0, 754
59, 2341, 200, 0, 595
59, 2342, 200, 0, 610
59, 2343, 200, 0, 554
59, 2344, 200, 0, 494
59, 2345, 200, 29, 476
59, 2346, 200, 1, 607
59, 2347, 200, 0, 441
59, 2348, 200, 0, 449
59, 2349, 200, 0, 390
59, 2350, 200, 0, 418
59, 2351, 200, 8, 765
59, 2352, 200, 2, 422
59, 2353, 200, 0, 689
59, 2354, 200, 9, 586
59, 2355, 200, 12, 363
59, 2356, 200, 0, 522
59, 2357, 200, 0, 564
59, 2358, 200, 9, 398
59, 2359, 200, 0, 379
60, 2360, 200, 26, 603
60, 2361, 200, 1, 542
60, 2362, 200, 0, 613
60, 2363, 200, 0, 491
60, 2364, 200, 0, 775
60, 2365, 200, 0, 585
60, 2366, 200, 0, 612
60, 2367, 200, 0, 423
60, 2368, 200, 3, 625
60, 2369, 200, 0, 625
60, 2370, 200, 3, 411
60, 2371, 200, 6, 485
60, 2372, 200, 103, 561
60, 2373, 200, 214, 482
60, 2374, 200, 43, 528
60, 2375, 200, 100, 395
60, 2376, 200, 45, 636
60, 2377, 200, 9, 616
60, 2378, 200, 0, 327
60, 2379, 200, 3, 373
60, 2380, 200, 19, 560
60, 2381, 200, 8, 433
60, 2382, 200, 50, 524
60, 2383, 200, 16, 585
60, 2384, 200, 11, 483
60, 2385, 200, 7, 620
60, 2386, 200, 17, 495
60, 2387, 200, 51, 676
60, 2388, 200, 0, 592
60, 2389, 200, 0, 446
60, 2390, 200, 0, 596
60, 2391, 200, 0, 657
60, 2392, 200, 0, 288
60, 2393, 200, 0, 693
60, 2394, 200, 1, 362
60, 2395, 200, 0, 757
60, 2396, 200, 0, 684
60, 2397, 200, 0, 535
60, 2398, 200, 0, 593
60, 2399, 200, 0, 567
61, 2400, 200, 0, 405
61, 2401, 200, 0, 417
61, 2402, 200, 0, 465
61, 2403, 200, 4, 438
61, 2404, 200, 0, 738
61, 2405, 200, 0, 618
61, 2406, 200, 0, 780
61, 2407, 200, 0, 383
61, 2408, 200, 13, 397
61, 2409, 200, 0, 618
61, 2410, 200, 0, 590
61, 2411, 200, 0, 589
61, 2412, 200, 0, 618
61, 2413, 200, 6, 555
61, 2414, 200, 20, 475
61, 2415, 200, 11, 615
61, 2416, 200, 14, 685
61, 2417, 200, 82, 482
61, 2418, 200, 108, 599
61, 2419, 200, 32, 500
61, 2420, 200, 30, 615
61, 2421, 200, 10, 352
61, 2422, 200, 39, 667
61, 2423, 200, 57, 538
61, 2424, 200, 0, 470
61, 2425, 200, 0, 599
61, 2426, 200, 0, 363
61, 2427, 200, 0, 550
61, 2428, 200, 0, 617
61, 2429, 200, 0, 664
61, 2430, 200, 0, 418
61, 2431, 200, 0, 442
61, 2432, 200, 0, 586
61, 2433, 200, 0, 600
61, 2434, 200, 3, 510
61, 2435, 200, 0, 555
61, 2436, 200, 12, 848
61, 2437, 200, 5, 400
61, 2438, 200, 3, 500
61, 2439, 200, 11, 567
62, 2440, 200, 0, 617
62, 2441, 200, 0, 679
62, 2442, 200, 0, 523
62, 2443, 200, 0, 568
62, 2444, 200, 0, 567
62, 2445, 200, 0, 613
62, 2446, 200, 13, 771
62, 2447, 200, 1, 723
62, 2448, 200, 0, 441
62, 2449, 200, 0, 554
62, 2450, 200, 0, 650
62, 2451, 200, 7, 919
62, 2452, 200, 3, 511
62, 2453, 200, 0, 692
62, 2454, 200, 0, 507
62, 2455, 200, 1, 737
62, 2456, 200, 1, 655
62, 2457, 200, 0, 492
62, 2458, 200, 0, 417
62, 2459, 200, 0, 605
62, 2460, 200, 0, 372
62, 2461, 200, 0, 358
62, 2462, 200, 0, 552
62, 2463, 200, 0, 541
62, 2464, 200, 0, 503
62, 2465, 200, 8, 446
62, 2466, 200, 0, 553
62, 2467, 200, 0, 541
62, 2468, 200, 0, 395
62, 2469, 200, 0, 444
62, 2470, 200, 0, 487
62, 2471, 200, 5, 423
62, 2472, 200, 0, 599
62, 2473, 200, 0, 559
62, 2474, 200, 4, 558
62, 2475, 200, 0, 511
62, 2476, 200, 0, 957
62, 2477, 200, 27, 530
62, 2478, 200, 7, 497
62, 2479, 200, 0, 368
63, 2480, 200, 0, 744
63, 2481, 200, 2, 623
63, 2482, 200, 1, 590
63, 2483, 200, 0, 791
63, 2484, 200, 0, 525
63, 2485, 200, 0, 400
63, 2486, 200, 0, 461
63, 2487, 200, 0, 463
63, 2488, 200, 0, 534
63, 2489, 200, 0, 447
63, 2490, 200, 0, 514
63, 2491, 200, 0, 709
63, 2492, 200, 0, 580
63, 2493, 200, 0, 412
63, 2494, 200, 0, 536
63, 2495, 200, 0, 392
63, 2496, 200, 0, 588
63, 2497, 200, 0, 599
63, 2498, 200, 0, 413
63, 2499, 200, 0, 578
63, 2500, 200, 0, 783
63, 2501, 200, 0, 519
63, 2502, 200, 39, 625
63, 2503, 200, 5, 507
63, 2504, 200, 0, 414
63, 2505, 200, 13, 687
63, 2506, 200, 11, 393
63, 2507, 200, 2, 885
63, 2508, 200, 0, 872
63, 2509, 200, 6, 563
63, 2510, 200, 2, 485
63, 2511, 200, 1, 641
63, 2512, 200, 0, 530
63, 2513, 200, 3, 652
63, 2514, 200, 3, 478
63, 2515, 200, 0, 749
63, 2516, 200, 9, 462
63, 2517, 200, 252, 551
63, 2518, 200, 86, 597
63, 2519, 200, 6, 469
64, 2520, 200, 0, 674
64, 2521, 200, 15, 596
64, 2522, 200, 31, 548
64, 2523, 200, 0, 587
64, 2524, 200, 0, 690
64, 2525, 200, 31, 520
64, 2526, 200, 0, 473
64, 2527, 200, 5, 492
64, 2528, 200, 0, 522
64, 2529, 200, 2, 505
64, 2530, 200, 1, 597
64, 2531, 200, 3, 360
64, 2532, 200, 0, 510
64, 2533, 200, 0, 553
64, 2534, 200, 0, 468
64, 2535, 200, 0, 627
64, 2536, 200, 0, 467
64, 2537, 200, 0, 616
64, 2538, 200, 0, 773
64, 2539, 200, 0, 722
64, 2540, 200, 0, 456
64, 2541, 200, 0, 561
64, 2542, 200, 0, 665
64, 2543, 200, 0, 378
64, 2544, 200, 0, 468
64, 2545, 200, 3, 645
64, 2546, 200, 4, 581
64, 2547, 200, 0, 804
64, 2548, 200, 0, 422
64, 2549, 200, 0, 440
64, 2550, 200, 3, 628
64, 2551, 200, 48, 626
64, 2552, 200, 187, 550
64, 2553, 200, 3, 517
64, 2554, 200, 1, 736
64, 2555, 200, 19, 563
64, 2556, 200, 9, 651
64, 2557, 200, 1, 470
64, 2558, 200, 3, 688
64, 2559, 200, 3, 556
65, 2560, 200, 48, 689
65, 2561, 200, 0, 520
65, 2562, 200, 0, 596
65, 2563, 200, 0, 680
65, 2564, 200, 3, 461
65, 2565, 200, 0, 376
65, 2566, 200, 0, 545
65, 2567, 200, 0, 645
65, 2568, 200, 0, 760
65, 2569, 200, 0, 733
65, 2570, 200, 15, 531
65, 2571, 200, 0, 649
65, 2572, 200, 9, 549
65, 2573, 200, 21, 387
65, 2574, 200, 0, 680
65, 2575, 200, 0, 529
65, 2576, 200, 21, 623
65, 2577, 200, 16, 621
65, 2578, 200, 0, 505
65, 2579, 200, 178, 492
65, 2580, 200, 45, 437
65, 2581, 200, 0, 386
65, 2582, 200, 0, 535
65, 2583, 200, 0, 519
65, 2584, 200, 2, 567
65, 2585, 200, 19, 500
65, 2586, 200, 0, 848
65, 2587, 200, 0, 554
65, 2588, 200, 30, 562
65, 2589, 200, 30, 290
65, 2590, 200, 25, 442
65, 2591, 200, 0, 448
65, 2592, 200, 2, 552
65, 2593, 200, 0, 471
65, 2594, 200, 0, 530
65, 2595, 200, 1, 698
65, 2596, 200, 5, 719
65, 2597, 200, 1, 393
65, 2598, 200, 5, 389
65, 2599, 200, 0, 413
66, 2600, 200, 74, 505
66, 2601, 200, 0, 678
66, 2602, 200, 0, 455
66, 2603, 200, 10, 632
66, 2604, 200, 29, 534
66, 2605, 200, 8, 655
66, 2606, 200, 59, 510
66, 2607, 200, 0, 747
66, 2608, 200, 0, 638
66, 2609, 200, 9, 402
66, 2610, 200, 8, 572
66, 2611, 200, 9, 513
66, 2612, 200, 0, 980
66, 2613, 200, 5, 563
66, 2614, 200, 0, 659
66, 2615, 200, 1, 465
66, 2616, 200, 12, 411
66, 2617, 200, 0, 566
66, 2618, 200, 0, 639
66, 2619, 200, 2, 554
66, 2620, 200, 7, 583
66, 2621, 200, 0, 532
66, 2622, 200, 0, 590
66, 2623, 200, 85, 798
66, 2624, 200, 78, 539
66, 2625, 200, 0, 588
66, 2626, 200, 0, 590
66, 2627, 200, 0, 441
66, 2628, 200, 0, 565
66, 2629, 200, 5, 867
66, 2630, 200, 1, 670
66, 2631, 200, 0, 504
66, 2632, 200, 0, 506
66, 2633, 200, 0, 581
66, 2634, 200, 0, 669
66, 2635, 200, 0, 659
66, 2636, 200, 0, 416
66, 2637, 200, 0, 301
66, 2638, 200, 0, 511
66, 2639, 200, 0, 694
67, 2640, 200, 0, 604
67, 2641, 200, 0, 547
67, 2642, 200, 0, 723
67, 2643, 200, 0, 557
67, 2644, 200, 0, 519
67, 2645, 200, 0, 623
67, 2646, 200, 0, 605
67, 2647, 200, 0, 556
67, 2648, 200, 0, 552
67, 2649, 200, 0, 728
67, 2650, 200, 0, 510
67, 2651, 200, 0, 711
67, 2652, 200, 0, 543
67, 2653, 200, 0, 531
67, 2654, 200, 0, 531
67, 2655, 200, 6, 559
67, 2656, 200, 0, 521
67, 2657, 200, 0, 566
67, 2658, 200, 0, 663
67, 2659, 200, 0, 841
67, 2660, 200, 0, 521
67, 2661, 200, 0, 516
67, 2662, 200, 0, 408
67, 2663, 200, 0, 602
67, 2664, 200, 0, 514
67, 2665, 200, 0, 672
67, 2666, 200, 0, 489
67, 2667, 200, 0, 908
67, 2668, 200, 0, 767
67, 2669, 200, 0, 683
67, 2670, 200, 0, 532
67, 2671, 200, 0, 681
67, 2672, 200, 0, 566
67, 2673, 200, 0, 481
67, 2674, 200, 2, 493
67, 2675, 200, 4, 525
67, 2676, 200, 0, 621
67, 2677, 200, 0, 403
67, 2678, 200, 0, 580
67, 2679, 200, 0, 408
68, 2680, 200, 0, 585
68, 2681, 200, 0, 445
68, 2682, 200, 0, 519
68, 2683, 200, 5, 454
68, 2684, 200, 0, 413
68, 2685, 200, 17, 451
68, 2686, 200, 5, 519
68, 2687, 200, 0, 590
68, 2688, 200, 0, 528
68, 2689, 200, 3, 643
68, 2690, 200, 0, 500
68, 2691, 200, 0, 498
68, 2692, 200, 13, 496
68, 2693, 200, 0, 409
68, 2694, 200, 0, 485
68, 2695, 200, 0, 610
68, 2696, 200, 0, 683
68, 2697, 200, 0, 430
68, 2698, 200, 0, 455
68, 2699, 200, 0, 585
68, 2700, 200, 0, 488
68, 2701, 200, 0, 557
68, 2702, 200, 7, 377
68, 2703, 200, 2, 530
68, 2704, 200, 1, 630
68, 2705, 200, 44, 483
68, 2706, 200, 0, 592
68, 2707, 200, 0, 511
68, 2708, 200, 0, 503
68, 2709, 200, 0, 389
68, 2710, 200, 6, 560
68, 2711, 200, 1, 630
68, 2712, 200, 0, 414
68, 2713, 200, 14, 547
68, 2714, 200, 0, 424
68, 2715, 200, 58, 388
68, 2716, 200, 0, 532
68, 2717, 200, 0, 500
68, 2718, 200, 0, 650
68, 2719, 200, 14, 617
69, 2720, 200, 3, 371
69, 2721, 200, 21, 456
69, 2722, 200, 36, 469
69, 2723, 200, 19, 403
69, 2724, 200, 0, 565
69, 2725, 200, 11, 581
69, 2726, 200, 43, 445
69, 2727, 200, 8, 387
69, 2728, 200, 0, 679
69, 2729, 200, 0, 490
69, 2730, 200, 12, 475
69, 2731, 200, 0, 571
69, 2732, 200, 0, 616
69, 2733, 200, 0, 523
69, 2734, 200, 0, 592
69, 2735, 200, 0, 604
69, 2736, 200, 0, 560
69, 2737, 200, 0, 414
69, 2738, 200, 0, 600
69, 2739, 200, 0, 595
69, 2740, 200, 0, 438
69, 2741, 200, 0, 485
69, 2742, 200, 0, 433
69, 2743, 200, 0, 613
69, 2744, 200, 0, 546
69, 2745, 200, 0, 519
69, 2746, 200, 0, 533
69, 2747, 200, 0, 588
69, 2748, 200, 0, 680
69, 2749, 200, 0, 427
69, 2750, 200, 37, 637
69, 2751, 200, 13, 522
69, 2752, 200, 33, 601
69, 2753, 200, 14, 616
69, 2754, 200, 7, 635
69, 2755, 200, 22, 604
69, 2756, 200, 13, 569
69, 2757, 200, 2, 659
69, 2758, 200, 9, 604
69, 2759, 200, 8, 481
70, 2760, 200, 40, 794
70, 2761, 200, 8, 585
70, 2762, 200, 6, 651
70, 2763, 200, 6, 663
70, 2764, 200, 36, 567
70, 2765, 200, 36, 653
70, 2766, 200, 31, 730
70, 2767, 200, 105, 512
70, 2768, 200, 59, 569
70, 2769, 200, 97, 594
70, 2770, 200, 4, 641
70, 2771, 200, 13, 694
70, 2772, 200, 44, 661
70, 2773, 200, 1, 288
70, 2774, 200, 0, 589
70, 2775, 200, 18, 654
70, 2776, 200, 79, 517
70, 2777, 200, 72, 431
70, 2778, 200, 52, 528
70, 2779, 200, 34, 505
70, 2780, 200, 0, 529
70, 2781, 200, 3, 489
70, 2782, 200, 0, 428
70, 2783, 200, 1, 538
70, 2784, 200, 83, 716
70, 2785, 200, 44, 607
70, 2786, 200, 17, 534
70, 2787, 200, 93, 582
70, 2788, 200, 40, 528
70, 2789, 200, 9, 418
70, 2790, 200, 31, 710
70, 2791, 200, 103, 702
70, 2792, 200, 59, 560
70, 2793, 200, 99, 586
70, 2794, 200, 19, 872
70, 2795, 200, 3, 540
70, 2796, 200, 12, 533
70, 2797, 200, 11, 715
70, 2798, 200, 1, 503
70, 2799, 200, 35, 461
71, 2800, 200, 19, 474
71, 2801, 200, 11, 509
71, 2802, 200, 4, 829
71, 2803, 200, 5, 508
71, 2804, 200, 17, 374
71, 2805, 200, 11, 533
71, 2806, 200, 6, 413
71, 2807, 200, 0, 487
71, 2808, 200, 6, 633
71, 2809, 200, 10, 579
71, 2810, 200, 0, 598
71, 2811, 200, 0, 495
71, 2812, 200, 0, 735
71, 2813, 200, 3, 447
71, 2814, 200, 0, 373
71, 2815, 200, 81, 449
71, 2816, 200, 73, 647
71, 2817, 200, 94, 610
71, 2818, 200, 40, 319
71, 2819, 200, 31, 573
71, 2820, 200, 8, 563
71, 2821, 200, 1, 450
71, 2822, 200, 0, 416
71, 2823, 200, 0, 349
71, 2824, 200, 0, 443
71, 2825, 200, 0, 516
71, 2826, 200, 0, 647
71, 2827, 200, 0, 444
71, 2828, 200, 0, 648
71, 2829, 200, 0, 451
71, 2830, 200, 2, 540
71, 2831, 200, 0, 399
71, 2832, 200, 0, 436
71, 2833, 200, 0, 560
71, 2834, 200, 0, 364
71, 2835, 200, 0, 404
71, 2836, 200, 0, 527
71, 2837, 200, 0, 390
71, 2838, 200, 0, 602
71, 2839, 200, 0, 729
72, 2840, 200, 35, 720
72, 2841, 200, 39, 566
72, 2842, 200, 23, 510
72, 2843, 200, 5, 736
72, 2844, 200, 8, 557
72, 2845, 200, 0, 497
72, 2846, 200, 1, 405
72, 2847, 200, 9, 514
72, 2848, 200, 9, 467
72, 2849, 200, 29, 483
72, 2850, 200, 24, 521
72, 2851, 200, 76, 811
72, 2852, 200, 26, 439
72, 2853, 200, 0, 357
72, 2854, 200, 7, 614
72, 2855, 200, 0, 314
72, 2856, 200, 2, 693
72, 2857, 200, 0, 524
72, 2858, 200, 0, 597
72, 2859, 200, 0, 773
72, 2860, 200, 0, 495
72, 2861, 200, 8, 337
72, 2862, 200, 0, 388
72, 2863, 200, 0, 431
72, 2864, 200, 0, 652
72, 2865, 200, 1, 464
72, 2866, 200, 0, 358
72, 2867, 200, 0, 740
72, 2868, 200, 0, 835
72, 2869, 200, 0, 701
72, 2870, 200, 0, 424
72, 2871, 200, 0, 381
72, 2872, 200, 0, 428
72, 2873, 200, 0, 515
72, 2874, 200, 3, 639
72, 2875, 200, 0, 503
72, 2876, 200, 0, 703
72, 2877, 200, 0, 738
72, 2878, 200, 0, 569
72, 2879, 200, 5, 415
73, 2880, 200, 6, 421
73, 2881, 200, 0, 523
73, 2882, 200, 6, 383
73, 2883, 200, 6, 420
73, 2884, 200, 3, 567
73, 2885, 200, 0, 537
73, 2886, 200, 0, 510
73, 2887, 200, 15, 567
73, 2888, 200, 7, 450
73, 2889, 200, 0, 457
73, 2890, 200, 36, 557
73, 2891, 200, 209, 318
73, 2892, 200, 75, 435
73, 2893, 200, 0, 435
73, 2894, 200, 0, 566
73, 2895, 200, 0, 480
73, 2896, 200, 0, 445
73, 2897, 200, 0, 770
73, 2898, 200, 0, 608
73, 2899, 200, 0, 635
73, 2900, 200, 5, 611
73, 2901, 200, 1, 445
73, 2902, 200, 0, 416
73, 2903, 200, 0, 501
73, 2904, 200, 0, 683
73, 2905, 200, 0, 564
73, 2906, 200, 0, 673
73, 2907, 200, 0, 537
73, 2908, 200, 0, 401
73, 2909, 200, 0, 401
73, 2910, 200, 0, 543
73, 2911, 200, 1, 655
73, 2912, 200, 10, 671
73, 2913, 200, 2, 475
73, 2914, 200, 26, 719
73, 2915, 200, 2, 493
73, 2916, 200, 0, 647
73, 2917, 200, 0, 502
73, 2918, 200, 0, 579
73, 2919, 200, 0, 409
74, 2920, 200, 0, 641
74, 2921, 200, 3, 629
74, 2922, 200, 32, 457
74, 2923, 200, 136, 412
74, 2924, 200, 0, 487
74, 2925, 200, 78, 492
74, 2926, 200, 0, 451
74, 2927, 200, 0, 522
74, 2928, 200, 0, 503
74, 2929, 200, 0, 416
74, 2930, 200, 25, 375
74, 2931, 200, 1, 611
74, 2932, 200, 0, 513
74, 2933, 200, 0, 514
74, 2934, 200, 0, 453
74, 2935, 200, 0, 536
74, 2936, 200, 0, 504
74, 2937, 200, 0, 568
74, 2938, 200, 0, 454
74, 2939, 200, 31, 496
74, 2940, 200, 4, 681
74, 2941, 200, 14, 679
74, 2942, 200, 4, 585
74, 2943, 200, 0, 676
74, 2944, 200, 1, 470
74, 2945, 200, 0, 481
74, 2946, 200, 0, 803
74, 2947, 200, 0, 598
74, 2948, 200, 0, 571
74, 2949, 200, 1, 595
74, 2950, 200, 0, 482
74, 2951, 200, 0, 435
74, 2952, 200, 0, 397
74, 2953, 200, 0, 459
74, 2954, 200, 11, 556
74, 2955, 200, 7, 948
74, 2956, 200, 5, 596
74, 2957, 200, 0, 736
74, 2958, 200, 3, 533
74, 2959, 200, 0, 434
75, 2960, 200, 0, 640
75, 2961, 200, 0, 587
75, 2962, 200, 0, 547
75, 2963, 200, 0, 497
75, 2964, 200, 0, 452
75, 2965, 200, 0, 677
75, 2966, 200, 0, 598
75, 2967, 200, 0, 547
75, 2968, 200, 0, 459
75, 2969, 200, 0, 415
75, 2970, 200, 0, 447
75, 2971, 200, 0, 605
75, 2972, 200, 0, 475
75, 2973, 200, 0, 398
75, 2974, 200, 0, 582
75, 2975, 200, 0, 317
75, 2976, 200, 0, 677
75, 2977, 200, 0, 543
75, 2978, 200, 2, 603
75, 2979, 200, 0, 534
75, 2980, 200, 0, 692
75, 2981, 200, 0, 556
75, 2982, 200, 0, 670
75, 2983, 200, 1, 486
75, 2984, 200, 0, 380
75, 2985, 200, 0, 576
75, 2986, 200, 0, 582
75, 2987, 200, 0, 422
75, 2988, 200, 0, 326
75, 2989, 200, 20, 589
75, 2990, 200, 0, 567
75, 2991, 200, 2, 402
75, 2992, 200, 0, 777
75, 2993, 200, 0, 347
75, 2994, 200, 0, 432
75, 2995, 200, 1, 398
75, 2996, 200, 0, 428
75, 2997, 200, 0, 553
75, 2998, 200, 0, 711
75, 2999, 200, 0, 557
76, 3000, 200, 0, 386
76, 3001, 200, 0, 537
76, 3002, 200, 0, 488
76, 3003, 200, 5, 520
76, 3004, 200, 0, 347
76, 3005, 200, 0, 440
76, 3006, 200, 0, 508
76, 3007, 200, 3, 664
76, 3008, 200, 3, 622
76, 3009, 200, 0, 536
76, 3010, 200, 0, 675
76, 3011, 200, 0, 491
76, 3012, 200, 0, 508
76, 3013, 200, 0, 488
76, 3014, 200, 0, 420
76, 3015, 200, 0, 563
76, 3016, 200, 0, 633
76, 3017, 200, 13, 693
76, 3018, 200, 4, 591
76, 3019, 200, 0, 659
76, 3020, 200, 0, 662
76, 3021, 200, 0, 725
76, 3022, 200, 0, 677
76, 3023, 200, 0, 559
76, 3024, 200, 0, 678
76, 3025, 200, 6, 615
76, 3026, 200, 5, 486
76, 3027, 200, 0, 424
76, 3028, 200, 0, 594
76, 3029, 200, 1, 701
76, 3030, 200, 0, 669
76, 3031, 200, 53, 709
76, 3032, 200, 24, 739
76, 3033, 200, 0, 441
76, 3034, 200, 0, 564
76, 3035, 200, 0, 747
76, 3036, 200, 0, 583
76, 3037, 200, 0, 561
76, 3038, 200, 0, 634
76, 3039, 200, 0, 495
77, 3040, 200, 23, 377
77, 3041, 200, 0, 628
77, 3042, 200, 0, 497
77, 3043, 200, 7, 506
77, 3044, 200, 0, 819
77, 3045, 200, 47, 514
77, 3046, 200, 2, 475
77, 3047, 200, 0, 681
77, 3048, 200, 0, 719
77, 3049, 200, 0, 595
77, 3050, 200, 2, 526
77, 3051, 200, 0, 660
77, 3052, 200, 10, 510
77, 3053, 200, 13, 478
77, 3054, 200, 11, 493
77, 3055, 200, 19, 416
77, 3056, 200, 76, 492
77, 3057, 200, 77, 574
77, 3058, 200, 43, 556
77, 3059, 200, 47, 330
77, 3060, 200, 48, 574
77, 3061, 200, 223, 465
77, 3062, 200, 195, 481
77, 3063, 200, 0, 444
77, 3064, 200, 69, 387
77, 3065, 200, 0, 598
77, 3066, 200, 41, 775
77, 3067, 200, 3, 512
77, 3068, 200, 0, 468
77, 3069, 200, 0, 514
77, 3070, 200, 11, 583
77, 3071, 200, 14, 450
77, 3072, 200, 73, 296
77, 3073, 200, 0, 525
77, 3074, 200, 0, 628
77, 3075, 200, 0, 457
77, 3076, 200, 11, 451
77, 3077, 200, 0, 531
77, 3078, 200, 79, 619
77, 3079, 200, 123, 627
78, 3080, 200, 105, 726
78, 3081, 200, 32, 523
78, 3082, 200, 0, 506
78, 3083, 200, 3, 457
78, 3084, 200, 12, 444
78, 3085, 200, 33, 341
78, 3086, 200, 0, 396
78, 3087, 200, 3, 560
78, 3088, 200, 27, 556
78, 3089, 200, 0, 464
78, 3090, 200, 0, 591
78, 3091, 200, 0, 729
78, 3092, 200, 0, 567
78, 3093, 200, 0, 687
78, 3094, 200, 0, 466
78, 3095, 200, 0, 476
78, 3096, 200, 0, 464
78, 3097, 200, 0, 400
78, 3098, 200, 0, 431
78, 3099, 200, 0, 405
78, 3100, 200, 0, 416
78, 3101, 200, 0, 632
78, 3102, 200, 0, 498
78, 3103, 200, 0, 568
78, 3104, 200, 0, 385
78, 3105, 200, 38, 348
78, 3106, 200, 99, 601
78, 3107, 200, 0, 636
78, 3108, 200, 0, 637
78, 3109, 200, 26, 456
78, 3110, 200, 58, 557
78, 3111, 200, 3, 707
78, 3112, 200, 0, 563
78, 3113, 200, 17, 544
78, 3114, 200, 11, 445
78, 3115, 200, 94, 574
78, 3116, 200, 59, 545
78, 3117, 200, 0, 596
78, 3118, 200, 7, 788
78, 3119, 200, 6, 488
79, 3120, 200, 0, 450
79, 3121, 200, 0, 328
79, 3122, 200, 0, 611
79, 3123, 200, 0, 525
79, 3124, 200, 7, 452
79, 3125, 200, 0, 728
79, 3126, 200, 9, 510
79, 3127, 200, 30, 735
79, 3128, 200, 52, 401
79, 3129, 200, 19, 397
79, 3130, 200, 26, 583
79, 3131, 200, 0, 437
79, 3132, 200, 0, 488
79, 3133, 200, 0, 299
79, 3134, 200, 1, 641
79, 3135, 200, 4, 653
79, 3136, 200, 20, 457
79, 3137, 200, 35, 927
79, 3138, 200, 0, 653
79, 3139, 200, 0, 491
79, 3140, 200, 22, 792
79, 3141, 200, 0, 371
79, 3142, 200, 0, 567
79, 3143, 200, 0, 685
79, 3144, 200, 0, 640
79, 3145, 200, 0, 833
79, 3146, 200, 0, 695
79, 3147, 200, 25, 617
79, 3148, 200, 0, 813
79, 3149, 200, 0, 683
79, 3150, 200, 30, 716
79, 3151, 200, 0, 465
79, 3152, 200, 24, 502
79, 3153, 200, 5, 486
79, 3154, 200, 0, 626
79, 3155, 200, 0, 463
79, 3156, 200, 83, 301
79, 3157, 200, 65, 515
79, 3158, 200, 92, 457
79, 3159, 200, 80, 493
80, 3160, 200, 0, 436
80, 3161, 200, 0, 557
80, 3162, 200, 0, 701
80, 3163, 200, 26, 581
80, 3164, 200, 6, 417
80, 3165, 200, 36, 680
80, 3166, 200, 24, 473
80, 3167, 200, 17, 488
80, 3168, 200, 14, 470
80, 3169, 200, 15, 862
80, 3170, 200, 13, 503
80, 3171, 200, 4, 446
80, 3172, 200, 71, 512
80, 3173, 200, 8, 424
80, 3174, 200, 32, 705
80, 3175, 200, 47, 615
80, 3176, 200, 86, 490
80, 3177, 200, 24, 379
80, 3178, 200, 51, 493
80, 3179, 200, 2, 392
80, 3180, 200, 32, 436
80, 3181, 200, 17, 699
80, 3182, 200, 11, 507
80, 3183, 200, 58, 485
80, 3184, 200, 54, 483
80, 3185, 200, 78, 457
80, 3186, 200, 113, 723
80, 3187, 200, 82, 444
80, 3188, 200, 106, 472
80, 3189, 200, 76, 544
80, 3190, 200, 34, 439
80, 3191, 200, 56, 458
80, 3192, 200, 24, 501
80, 3193, 200, 50, 422
80, 3194, 200, 65, 465
80, 3195, 200, 37, 495
80, 3196, 200, 17, 464
80, 3197, 200, 18, 557
80, 3198, 200, 122, 604
80, 3199, 200, 38, 472
81, 3200, 200, 49, 461
81, 3201, 200, 49, 511
81, 3202, 200, 61, 607
81, 3203, 200, 14, 610
81, 3204, 200, 53, 448
81, 3205, 200, 20, 446
81, 3206, 200, 10, 409
81, 3207, 200, 0, 365
81, 3208, 200, 0, 458
81, 3209, 200, 71, 602
81, 3210, 200, 15, 470
81, 3211, 200, 56, 544
81, 3212, 200, 0, 618
81, 3213, 200, 140, 659
81, 3214, 200, 89, 386
81, 3215, 200, 45, 493
81, 3216, 200, 60, 594
81, 3217, 200, 38, 558
81, 3218, 200, 11, 556
81, 3219, 200, 3, 484
81, 3220, 200, 85, 537
81, 3221, 200, 33, 653
81, 3222, 200, 13, 623
81, 3223, 200, 96, 632
81, 3224, 200, 35, 448
81, 3225, 200, 131, 543
81, 3226, 200, 61, 377
81, 3227, 200, 69, 527
81, 3228, 200, 52, 557
81, 3229, 200, 22, 416
81, 3230, 200, 47, 522
81, 3231, 200, 0, 501
81, 3232, 200, 0, 470
81, 3233, 200, 0, 551
81, 3234, 200, 13, 410
81, 3235, 200, 0, 719
81, 3236, 200, 27, 718
81, 3237, 200, 23, 519
81, 3238, 200, 112, 601
81, 3239, 200, 0, 732
82, 3240, 200, 31, 481
82, 3241, 200, 2, 466
82, 3242, 200, 69, 516
82, 3243, 200, 72, 478
82, 3244, 200, 100, 432
82, 3245, 200, 0, 421
82, 3246, 200, 0, 651
82, 3247, 200, 29, 725
82, 3248, 200, 28, 361
82, 3249, 200, 60, 503
82, 3250, 200, 13, 422
82, 3251, 200, 20, 334
82, 3252, 200, 26, 683
82, 3253, 200, 66, 353
82, 3254, 200, 80, 495
82, 3255, 200, 85, 537
82, 3256, 200, 88, 777
82, 3257, 200, 30, 470
82, 3258, 200, 34, 424
82, 3259, 200, 26, 567
82, 3260, 200, 12, 433
82, 3261, 200, 88, 654
82, 3262, 200, 0, 507
82, 3263, 200, 68, 376
82, 3264, 200, 0, 536
82, 3265, 200, 0, 639
82, 3266, 200, 0, 452
82, 3267, 200, 16, 420
82, 3268, 200, 1, 652
82, 3269, 200, 50, 605
82, 3270, 200, 0, 450
82, 3271, 200, 66, 320
82, 3272, 200, 32, 489
82, 3273, 200, 75, 804
82, 3274, 200, 101, 563
82, 3275, 200, 28, 578
82, 3276, 200, 116, 751
82, 3277, 200, 36, 530
82, 3278, 200, 14, 613
82, 3279, 200, 17, 432
83, 3280, 200, 18, 371
83, 3281, 200, 6, 366
83, 3282, 200, 29, 488
83, 3283, 200, 23, 446
83, 3284, 200, 16, 542
83, 3285, 200, 19, 377
83, 3286, 200, 18, 461
83, 3287, 200, 0, 501
83, 3288, 200, 1, 724
83, 3289, 200, 44, 798
83, 3290, 200, 18, 366
83, 3291, 200, 18, 585
83, 3292, 200, 14, 343
83, 3293, 200, 7, 675
83, 3294, 200, 11, 379
83, 3295, 200, 47, 714
83, 3296, 200, 11, 638
83, 3297, 200, 14, 586
83, 3298, 200, 23, 591
83, 3299, 200, 9, 388
83, 3300, 200, 0, 465
83, 3301, 200, 0, 434
83, 3302, 200, 0, 362
83, 3303, 200, 35, 548
83, 3304, 200, 37, 357
83, 3305, 200, 15, 912
83, 3306, 200, 50, 556
83, 3307, 200, 38, 518
83, 3308, 200, 109, 508
83, 3309, 200, 15, 558
83, 3310, 200, 0, 581
83, 3311, 200, 40, 437
83, 3312, 200, 40, 631
83, 3313, 200, 45, 776
83, 3314, 200, 23, 697
83, 3315, 200, 40, 559
83, 3316, 200, 63, 580
83, 3317, 200, 17, 526
83, 3318, 200, 46, 436
83, 3319, 200, 19, 732
84, 3320, 200, 56, 449
84, 3321, 200, 36, 478
84, 3322, 200, 32, 442
84, 3323, 200, 1, 520
84, 3324, 200, 12, 456
84, 3325, 200, 21, 567
84, 3326, 200, 0, 683
84, 3327, 200, 29, 507
84, 3328, 200, 46, 710
84, 3329, 200, 0, 510
84, 3330, 200, 51, 505
84, 3331, 200, 0, 602
84, 3332, 200, 21, 600
84, 3333, 200, 145, 413
84, 3334, 200, 73, 540
84, 3335, 200, 74, 814
84, 3336, 200, 33, 666
84, 3337, 200, 71, 576
84, 3338, 200, 16, 413
84, 3339, 200, 0, 390
84, 3340, 200, 85, 440
84, 3341, 200, 139, 641
84, 3342, 200, 47, 787
84, 3343, 200, 2, 510
84, 3344, 200, 28, 655
84, 3345, 200, 46, 391
84, 3346, 200, 71, 629
84, 3347, 200, 95, 842
84, 3348, 200, 20, 585
84, 3349, 200, 119, 498
84, 3350, 200, 85, 708
84, 3351, 200, 72, 414
84, 3352, 200, 36, 394
84, 3353, 200, 99, 312
84, 3354, 200, 238, 560
84, 3355, 200, 25, 504
84, 3356, 200, 0, 561
84, 3357, 200, 0, 415
84, 3358, 200, 0, 528
84, 3359, 200, 0, 533
85, 3360, 200, 0, 377
85, 3361, 200, 0, 480
85, 3362, 200, 45, 480
85, 3363, 200, 6, 393
85, 3364, 200, 86, 589
85, 3365, 200, 60, 507
85, 3366, 200, 72, 613
85, 3367, 200, 0, 536
85, 3368, 200, 28, 688
85, 3369, 200, 61, 671
85, 3370, 200, 66, 600
85, 3371, 200, 11, 547
85, 3372, 200, 38, 565
85, 3373, 200, 71, 559
85, 3374, 200, 128, 509
85, 3375, 200, 1, 489
85, 3376, 200, 52, 560
85, 3377, 200, 159, 358
85, 3378, 200, 31, 810
85, 3379, 200, 0, 546
85, 3380, 200, 67, 630
85, 3381, 200, 58, 550
85, 3382, 200, 19, 874
85, 3383, 200, 133, 542
85, 3384, 200, 12, 477
85, 3385, 200, 116, 457
85, 3386, 200, 38, 403
85, 3387, 200, 15, 451
85, 3388, 200, 77, 506
85, 3389, 200, 13, 576
85, 3390, 200, 0, 567
85, 3391, 200, 0, 514
85, 3392, 200, 0, 499
85, 3393, 200, 0, 604
85, 3394, 200, 12, 497
85, 3395, 200, 0, 631
85, 3396, 200, 0, 721
85, 3397, 200, 2, 838
85, 3398, 200, 0, 634
85, 3399, 200, 6, 349
86, 3400, 200, 0, 531
86, 3401, 200, 1, 507
86, 3402, 200, 0, 442
86, 3403, 200, 0, 505
86, 3404, 200, 0, 528
86, 3405, 200, 0, 547
86, 3406, 200, 0, 682
86, 3407, 200, 31, 503
86, 3408, 200, 0, 761
86, 3409, 200, 5, 757
86, 3410, 200, 7, 592
86, 3411, 200, 0, 476
86, 3412, 200, 40, 566
86, 3413, 200, 0, 446
86, 3414, 200, 13, 296
86, 3415, 200, 0, 463
86, 3416, 200, 11, 464
86, 3417, 200, 0, 569
86, 3418, 200, 0, 506
86, 3419, 200, 71, 409
86, 3420, 200, 0, 777
86, 3421, 200, 0, 580
86, 3422, 200, 57, 490
86, 3423, 200, 0, 584
86, 3424, 200, 35, 621
86, 3425, 200, 6, 836
86, 3426, 200, 0, 693
86, 3427, 200, 0, 618
86, 3428, 200, 0, 592
86, 3429, 200, 0, 496
86, 3430, 200, 0, 460
86, 3431, 200, 0, 455
86, 3432, 200, 0, 582
86, 3433, 200, 0, 572
86, 3434, 200, 0, 423
86, 3435, 200, 0, 475
86, 3436, 200, 0, 438
86, 3437, 200, 0, 547
86, 3438, 200, 0, 387
86, 3439, 200, 0, 553
87, 3440, 200, 0, 766
87, 3441, 200, 0, 754
87, 3442, 200, 0, 364
87, 3443, 200, 0, 484
87, 3444, 200, 13, 577
87, 3445, 200, 14, 526
87, 3446, 200, 0, 667
87, 3447, 200, 0, 376
87, 3448, 200, 0, 585
87, 3449, 200, 0, 399
87, 3450, 200, 0, 501
87, 3451, 200, 0, 614
87, 3452, 200, 0, 539
87, 3453, 200, 0, 574
87, 3454, 200, 0, 598
87, 3455, 200, 0, 658
87, 3456, 200, 0, 734
87, 3457, 200, 0, 528
87, 3458, 200, 0, 532
87, 3459, 200, 0, 361
87, 3460, 200, 0, 631
87, 3461, 200, 0, 721
87, 3462, 200, 0, 538
87, 3463, 200, 0, 556
87, 3464, 200, 0, 501
87, 3465, 200, 0, 466
87, 3466, 200, 0, 442
87, 3467, 200, 0, 403
87, 3468, 200, 0, 677
87, 3469, 200, 0, 601
87, 3470, 200, 0, 504
87, 3471, 200, 0, 703
87, 3472, 200, 0, 613
87, 3473, 200, 0, 473
87, 3474, 200, 0, 510
87, 3475, 200, 0, 487
87, 3476, 200, 0, 509
87, 3477, 200, 0, 343
87, 3478, 200, 0, 397
87, 3479, 200, 0, 526
88, 3480, 200, 0, 690
88, 3481, 200, 0, 419
88, 3482, 200, 0, 557
88, 3483, 200, 0, 420
88, 3484, 200, 0, 479
88, 3485, 200, 0, 609
88, 3486, 200, 0, 472
88, 3487, 200, 0, 442
88, 3488, 200, 0, 554
88, 3489, 200, 0, 488
88, 3490, 200, 0, 554
88, 3491, 200, 0, 373
88, 3492, 200, 0, 642
88, 3493, 200, 0, 530
88, 3494, 200, 0, 444
88, 3495, 200, 0, 422
88, 3496, 200, 0, 532
88, 3497, 200, 0, 680
88, 3498, 200, 0, 455
88, 3499, 200, 0, 472
88, 3500, 200, 0, 514
88, 3501, 200, 0, 394
88, 3502, 200, 0, 402
88, 3503, 200, 0, 447
88, 3504, 200, 0, 445
88, 3505, 200, 0, 492
88, 3506, 200, 0, 520
88, 3507, 200, 0, 567
88, 3508, 200, 0, 397
88, 3509, 200, 0, 510
88, 3510, 200, 0, 487
88, 3511, 200, 0, 555
88, 3512, 200, 0, 553
88, 3513, 200, 0, 620
88, 3514, 200, 0, 627
88, 3515, 200, 0, 666
88, 3516, 200, 0, 661
88, 3517, 200, 0, 430
88, 3518, 200, 0, 425
88, 3519, 200, 0, 594
89, 3520, 200, 0, 504
89, 3521, 200, 0, 450
89, 3522, 200, 0, 383
89, 3523, 200, 0, 390
89, 3524, 200, 0, 333
89, 3525, 200, 0, 576
89, 3526, 200, 0, 688
89, 3527, 200, 0, 410
89, 3528, 200, 0, 625
89, 3529, 200, 0, 590
89, 3530, 200, 0, 505
89, 3531, 200, 0, 573
89, 3532, 200, 0, 520
89, 3533, 200, 0, 530
89, 3534, 200, 0, 685
89, 3535, 200, 0, 674
89, 3536, 200, 0, 529
89, 3537, 200, 0, 506
89, 3538, 200, 0, 636
89, 3539, 200, 0, 405
89, 3540, 200, 0, 504
89, 3541, 200, 0, 442
89, 3542, 200, 0, 445
89, 3543, 200, 0, 432
89, 3544, 200, 0, 430
89, 3545, 200, 0, 520
89, 3546, 200, 0, 537
89, 3547, 200, 7, 554
89, 3548, 200, 0, 556
89, 3549, 200, 0, 389
89, 3550, 200, 0, 564
89, 3551, 200, 0, 610
89, 3552, 200, 0, 544
89, 3553, 200, 0, 829
89, 3554, 200, 3, 404
89, 3555, 200, 0, 655
89, 3556, 200, 0, 389
89, 3557, 200, 0, 317
89, 3558, 200, 0, 448
89, 3559, 200, 1, 667
90, 3560, 200, 0, 677
90, 3561, 200, 0, 567
90, 3562, 200, 0, 412
90, 3563, 200, 0, 839
90, 3564, 200, 0, 390
90, 3565, 200, 0, 424
90, 3566, 200, 0, 485
90, 3567, 200, 0, 482
90, 3568, 200, 0, 737
90, 3569, 200, 0, 532
90, 3570, 200, 1, 780
90, 3571, 200, 2, 591
90, 3572, 200, 0, 459
90, 3573, 200, 0, 400
90, 3574, 200, 0, 378
90, 3575, 200, 0, 466
90, 3576, 200, 0, 549
90, 3577, 200, 0, 548
90, 3578, 200, 0, 570
90, 3579, 200, 0, 487
90, 3580, 200, 0, 385
90, 3581, 200, 0, 553
90, 3582, 200, 0, 420
90, 3583, 200, 0, 552
90, 3584, 200, 0, 628
90, 3585, 200, 0, 614
90, 3586, 200, 16, 541
90, 3587, 200, 0, 560
90, 3588, 200, 0, 609
90, 3589, 200, 0, 453
90, 3590, 200, 0, 607
90, 3591, 200, 1, 454
90, 3592, 200, 26, 485
90, 3593, 200, 22, 613
90, 3594, 200, 57, 1017
90, 3595, 200, 43, 764
90, 3596, 200, 38, 572
90, 3597, 200, 0, 377
90, 3598, 200, 0, 658
90, 3599, 200, 0, 553
91, 3600, 200, 112, 665
91, 3601, 200, 40, 522
91, 3602, 200, 80, 474
91, 3603, 200, 66, 540
91, 3604, 200, 86, 457
91, 3605, 200, 24, 602
91, 3606, 200, 40, 501
91, 3607, 200, 2, 614
91, 3608, 200, 55, 532
91, 3609, 200, 8, 802
91, 3610, 200, 1, 465
91, 3611, 200, 11, 531
91, 3612, 200, 30, 524
91, 3613, 200, 21, 347
91, 3614, 200, 14, 826
91, 3615, 200, 34, 706
91, 3616, 200, 30, 844
91, 3617, 200, 26, 720
91, 3618, 200, 45, 399
91, 3619, 200, 41, 413
91, 3620, 200, 83, 565
91, 3621, 200, 132, 542
91, 3622, 200, 33, 254
91, 3623, 200, 0, 344
91, 3624, 200, 8, 474
91, 3625, 200, 20, 434
91, 3626, 200, 7, 545
91, 3627, 200, 0, 550
91, 3628, 200, 0, 435
91, 3629, 200, 15, 515
91, 3630, 200, 22, 416
91, 3631, 200, 48, 492
91, 3632, 200, 76, 367
91, 3633, 200, 31, 509
91, 3634, 200, 50, 716
91, 3635, 200, 19, 553
91, 3636, 200, 116, 616
91, 3637, 200, 24, 460
91, 3638, 200, 49, 439
91, 3639, 200, 13, 731
92, 3640, 200, 0, 502
92, 3641, 200, 10, 408
92, 3642, 200, 13, 401
92, 3643, 200, 0, 416
92, 3644, 200, 18, 598
92, 3645, 200, 29, 491
92, 3646, 200, 3, 665
92, 3647, 200, 27, 645
92, 3648, 200, 56, 433
92, 3649, 200, 16, 491
92, 3650, 200, 0, 517
92, 3651, 200, 0, 714
92, 3652, 200, 0, 601
92, 3653, 200, 28, 498
92, 3654, 200, 26, 648
92, 3655, 200, 2, 565
92, 3656, 200, 0, 471
92, 3657, 200, 0, 487
92, 3658, 200, 0, 502
92, 3659, 200, 25, 721
92, 3660, 200, 10, 516
92, 3661, 200, 8, 666
92, 3662, 200, 54, 591
92, 3663, 200, 46, 489
92, 3664, 200, 0, 319
92, 3665, 200, 0, 735
92, 3666, 200, 21, 434
92, 3667, 200, 37, 476
92, 3668, 200, 65, 662
92, 3669, 200, 85, 641
92, 3670, 200, 23, 673
92, 3671, 200, 3, 418
92, 3672, 200, 0, 426
92, 3673, 200, 19, 385
92, 3674, 200, 47, 572
92, 3675, 200, 5, 489
92, 3676, 200, 50, 404
92, 3677, 200, 4, 376
92, 3678, 200, 0, 651
92, 3679, 200, 86, 528
93, 3680, 200, 78, 526
93, 3681, 200, 16, 515
93, 3682, 200, 125, 665
93, 3683, 200, 21, 517
93, 3684, 200, 54, 357
93, 3685, 200, 121, 443
93, 3686, 200, 12, 848
93, 3687, 200, 25, 819
93, 3688, 200, 21, 517
93, 3689, 200, 18, 508
93, 3690, 200, 48, 846
93, 3691, 200, 132, 546
93, 3692, 200, 95, 681
93, 3693, 200, 55, 314
93, 3694, 200, 37, 677
93, 3695, 200, 78, 454
93, 3696, 200, 45, 363
93, 3697, 200, 62, 585
93, 3698, 200, 21, 586
93, 3699, 200, 38, 530
93, 3700, 200, 38, 412
93, 3701, 200, 14, 343
93, 3702, 200, 9, 682
93, 3703, 200, 75, 637
93, 3704, 200, 120, 484
93, 3705, 200, 27, 772
93, 3706, 200, 42, 424
93, 3707, 200, 8, 323
93, 3708, 200, 3, 363
93, 3709, 200, 14, 486
93, 3710, 200, 46, 470
93, 3711, 200, 51, 621
93, 3712, 200, 15, 626
93, 3713, 200, 2, 466
93, 3714, 200, 25, 415
93, 3715, 200, 36, 504
93, 3716, 200, 19, 534
93, 3717, 200, 59, 624
93, 3718, 200, 70, 523
93, 3719, 200, 21, 643
94, 3720, 200, 40, 529
94, 3721, 200, 9, 455
94, 3722, 200, 0, 355
94, 3723, 200, 0, 419
94, 3724, 200, 0, 494
94, 3725, 200, 1, 502
94, 3726, 200, 0, 418
94, 3727, 200, 3, 430
94, 3728, 200, 0, 492
94, 3729, 200, 1, 440
94, 3730, 200, 0, 549
94, 3731, 200, 12, 402
94, 3732, 200, 0, 508
94, 3733, 200, 38, 545
94, 3734, 200, 52, 579
94, 3735, 200, 152, 554
94, 3736, 200, 61, 486
94, 3737, 200, 102, 392
94, 3738, 200, 25, 493
94, 3739, 200, 63, 451
94, 3740, 200, 33, 576
94, 3741, 200, 95, 462
94, 3742, 200, 107, 567
94, 3743, 200, 95, 540
94, 3744, 200, 34, 563
94, 3745, 200, 83, 406
94, 3746, 200, 7, 703
94, 3747, 200, 18, 533
94, 3748, 200, 9, 534
94, 3749, 200, 48, 519
94, 3750, 200, 21, 378
94, 3751, 200, 13, 593
94, 3752, 200, 44, 517
94, 3753, 200, 34, 442
94, 3754, 200, 32, 717
94, 3755, 200, 1, 603
94, 3756, 200, 41, 505
94, 3757, 200, 45, 413
94, 3758, 200, 74, 424
94, 3759, 200, 33, 756
95, 3760, 200, 45, 468
95, 3761, 200, 11, 484
95, 3762, 200, 46, 493
95, 3763, 200, 89, 412
95, 3764, 200, 40, 554
95, 3765, 200, 31, 561
95, 3766, 200, 77, 467
95, 3767, 200, 5, 464
95, 3768, 200, 22, 517
95, 3769, 200, 0, 665
95, 3770, 200, 17, 698
95, 3771, 200, 54, 583
95, 3772, 200, 69, 401
95, 3773, 200, 128, 491
95, 3774, 200, 60, 697
95, 3775, 200, 0, 506
95, 3776, 200, 0, 545
95, 3777, 200, 54, 417
95, 3778, 200, 123, 508
95, 3779, 200, 62, 491
95, 3780, 200, 65, 441
95, 3781, 200, 8, 463
95, 3782, 200, 26, 481
95, 3783, 200, 0, 636
95, 3784, 200, 101, 572
95, 3785, 200, 74, 438
95, 3786, 200, 67, 761
95, 3787, 200, 149, 546
95, 3788, 200, 60, 439
95, 3789, 200, 24, 505
95, 3790, 200, 10, 500
95, 3791, 200, 16, 454
95, 3792, 200, 5, 483
95, 3793, 200, 22, 517
95, 3794, 200, 27, 423
95, 3795, 200, 41, 484
95, 3796, 200, 32, 464
95, 3797, 200, 35, 426
95, 3798, 200, 0, 482
95, 3799, 200, 107, 623
96, 3800, 200, 89, 743
96, 3801, 200, 80, 456
96, 3802, 200, 68, 665
96, 3803, 200, 55, 492
96, 3804, 200, 52, 609
96, 3805, 200, 47, 539
96, 3806, 200, 61, 661
96, 3807, 200, 80, 569
96, 3808, 200, 43, 529
96, 3809, 200, 52, 519
96, 3810, 200, 8, 406
96, 3811, 200, 0, 658
96, 3812, 200, 32, 533
96, 3813, 200, 0, 419
96, 3814, 200, 63, 450
96, 3815, 200, 111, 584
96, 3816, 200, 22, 614
96, 3817, 200, 0, 656
96, 3818, 200, 11, 359
96, 3819, 200, 129, 719
96, 3820, 200, 36, 514
96, 3821, 200, 97, 489
96, 3822, 200, 58, 504
96, 3823, 200, 73, 680
96, 3824, 200, 64, 868
96, 3825, 200, 50, 737
96, 3826, 200, 125, 497
96, 3827, 200, 64, 709
96, 3828, 200, 26, 379
96, 3829, 200, 59, 707
96, 3830, 200, 0, 391
96, 3831, 200, 0, 444
96, 3832, 200, 0, 486
96, 3833, 200, 0, 509
96, 3834, 200, 9, 361
96, 3835, 200, 4, 425
96, 3836, 200, 17, 670
96, 3837, 200, 30, 492
96, 3838, 200, 118, 518
96, 3839, 200, 97, 379
97, 3840, 200, 216, 556
97, 3841, 200, 113, 433
97, 3842, 200, 9, 527
97, 3843, 200, 45, 300
97, 3844, 200, 43, 412
97, 3845, 200, 55, 469
97, 3846, 200, 0, 450
97, 3847, 200, 26, 472
97, 3848, 200, 0, 450
97, 3849, 200, 0, 512
97, 3850, 200, 0, 519
97, 3851, 200, 0, 551
97, 3852, 200, 11, 720
97, 3853, 200, 1, 402
97, 3854, 200, 0, 520
97, 3855, 200, 65, 621
97, 3856, 200, 31, 487
97, 3857, 200, 30, 397
97, 3858, 200, 67, 385
97, 3859, 200, 0, 465
97, 3860, 200, 0, 431
97, 3861, 200, 0, 401
97, 3862, 200, 0, 401
97, 3863, 200, 0, 548
97, 3864, 200, 0, 629
97, 3865, 200, 0, 660
97, 3866, 200, 5, 667
97, 3867, 200, 23, 754
97, 3868, 200, 0, 334
97, 3869, 200, 0, 518
97, 3870, 200, 0, 404
97, 3871, 200, 0, 591
97, 3872, 200, 0, 483
97, 3873, 200, 0, 325
97, 3874, 200, 0, 459
97, 3875, 200, 0, 529
97, 3876, 200, 0, 513
97, 3877, 200, 0, 416
97, 3878, 200, 0, 545
97, 3879, 200, 0, 480
98, 3880, 200, 0, 461
98, 3881, 200, 0, 505
98, 3882, 200, 0, 471
98, 3883, 200, 0, 378
98, 3884, 200, 0, 353
98, 3885, 200, 2, 577
98, 3886, 200, 25, 562
98, 3887, 200, 15, 571
98, 3888, 200, 0, 428
98, 3889, 200, 0, 597
98, 3890, 200, 0, 406
98, 3891, 200, 0, 559
98, 3892, 200, 0, 428
98, 3893, 200, 0, 330
98, 3894, 200, 0, 658
98, 3895, 200, 0, 492
98, 3896, 200, 0, 509
98, 3897, 200, 0, 406
98, 3898, 200, 0, 423
98, 3899, 200, 0, 598
98, 3900, 200, 0, 588
98, 3901, 200, 0, 448
98, 3902, 200, 0, 407
98, 3903, 200, 0, 402
98, 3904, 200, 0, 554
98, 3905, 200, 0, 511
98, 3906, 200, 0, 498
98, 3907, 200, 21, 437
98, 3908, 200, 0, 597
98, 3909, 200, 0, 505
98, 3910, 200, 161, 451
98, 3911, 200, 3, 538
98, 3912, 200, 13, 663
98, 3913, 200, 0, 694
98, 3914, 200, 0, 551
98, 3915, 200, 7, 550
98, 3916, 200, 30, 478
98, 3917, 200, 46, 390
98, 3918, 200, 144, 482
98, 3919, 200, 53, 469
99, 3920, 200, 52, 418
99, 3921, 200, 110, 306
99, 3922, 200, 63, 501
99, 3923, 200, 69, 407
99, 3924, 200, 40, 459
99, 3925, 200, 21, 517
99, 3926, 200, 0, 383
99, 3927, 200, 0, 524
99, 3928, 200, 0, 327
99, 3929, 200, 0, 501
99, 3930, 200, 0, 573
99, 3931, 200, 0, 718
99, 3932, 200, 17, 540
99, 3933, 200, 0, 505
99, 3934, 200, 12, 638
99, 3935, 200, 0, 462
99, 3936, 200, 0, 492
99, 3937, 200, 0, 662
99, 3938, 200, 20, 631
99, 3939, 200, 53, 350
99, 3940, 200, 45, 449
99, 3941, 200, 41, 521
99, 3942, 200, 13, 481
99, 3943, 200, 0, 511
99, 3944, 200, 5, 303
99, 3945, 200, 68, 452
99, 3946, 200, 36, 463
99, 3947, 200, 0, 631
99, 3948, 200, 12, 314
99, 3949, 200, 24, 571
99, 3950, 200, 18, 507
99, 3951, 200, 178, 471
99, 3952, 200, 43, 416
99, 3953, 200, 17, 543
99, 3954, 200, 13, 455
99, 3955, 200, 70, 410
99, 3956, 200, 21, 377
99, 3957, 200, 45, 372
99, 3958, 200, 0, 468
99, 3959, 200, 0, 357
100, 3960, 200, 8, 648
100, 3961, 200, 0, 473
100, 3962, 200, 0, 523
100, 3963, 200, 0, 524
100, 3964, 200, 0, 624
100, 3965, 200, 0, 577
100, 3966, 200, 0, 346
100, 3967, 200, 0, 535
100, 3968, 200, 0, 623
100, 3969, 200, 0, 451
100, 3970, 200, 23, 370
100, 3971, 200, 0, 435
100, 3972, 200, 0, 501
100, 3973, 200, 0, 509
100, 3974, 200, 0, 459
100, 3975, 200, 17, 678
100, 3976, 200, 24, 521
100, 3977, 200, 0, 336
100, 3978, 200, 63, 709
100, 3979, 200, 45, 614
100, 3980, 200, 262, 584
100, 3981, 200, 5, 413
100, 3982, 200, 161, 600
100, 3983, 200, 94, 615
100, 3984, 200, 29, 542
100, 3985, 200, 45, 394
100, 3986, 200, 49, 445
100, 3987, 200, 6, 491
100, 3988, 200, 0, 745
100, 3989, 200, 0, 490
100, 3990, 200, 51, 569
100, 3991, 200, 0, 470
100, 3992, 200, 51, 555
100, 3993, 200, 31, 376
100, 3994, 200, 34, 811
100, 3995, 200, 7, 319
100, 3996, 200, 17, 451
100, 3997, 200, 0, 633
100, 3998, 200, 17, 572
100, 3999, 200, 0, 646
