1, 0, 200, 7373, 518
1, 1, 200, 2008, 66
1, 2, 200, 1227, 120
1, 3, 200, 0, 20
1, 4, 200, 0, 21
1, 5, 200, 73, 10
1, 6, 200, 0, 0
1, 7, 200, 0, 0
1, 8, 200, 0, 0
1, 9, 200, 0, 0
1, 10, 200, 0, 3
1, 11, 200, 0, 0
1, 12, 200, 122, 5
1, 13, 200, 0, 0
1, 14, 200, 9, 1
1, 15, 200, 0, 0
1, 16, 200, 35, 1
1, 17, 200, 0, 0
1, 18, 200, 0, 0
1, 19, 200, 66, 2
1, 20, 200, 0, 0
1, 21, 200, 0, 0
1, 22, 200, 0, 0
1, 23, 200, 0, 3
1, 24, 200, 0, 0
1, 25, 200, 0, 0
1, 26, 200, 10, 0
1, 27, 200, 0, 0
1, 28, 200, 4, 0
1, 29, 200, 0, 0
1, 30, 200, 0, 0
1, 31, 200, 0, 0
1, 32, 200, 0, 0
1, 33, 200, 0, 0
1, 34, 200, 0, 0
1, 35, 200, 0, 0
1, 36, 200, 0, 0
1, 37, 200, 0, 0
1, 38, 200, 0, 0
1, 39, 200, 0, 0
2, 40, 200, 0, 0
2, 41, 200, 0, 0
2, 42, 200, 0, 0
2, 43, 200, 0, 8
2, 44, 200, 0, 0
2, 45, 200, 0, 0
2, 46, 200, 0, 0
2, 47, 200, 98, 9
2, 48, 200, 88, 11
2, 49, 200, 0, 0
2, 50, 200, 0, 0
2, 51, 200, 0, 0
2, 52, 200, 0, 0
2, 53, 200, 0, 0
2, 54, 200, 0, 0
2, 55, 200, 0, 0
2, 56, 200, 0, 0
2, 57, 200, 0, 0
2, 58, 200, 0, 0
2, 59, 200, 0, 0
2, 60, 200, 0, 0
2, 61, 200, 0, 0
2, 62, 200, 0, 0
2, 63, 200, 0, 0
2, 64, 200, 0, 0
2, 65, 200, 18, 7
2, 66, 200, 0, 0
2, 67, 200, 0, 0
2, 68, 200, 0, 0
2, 69, 200, 0, 0
2, 70, 200, 0, 0
2, 71, 200, 0, 0
2, 72, 200, 0, 0
2, 73, 200, 0, 0
2, 74, 200, 0, 0
2, 75, 200, 0, 0
2, 76, 200, 0, 0
2, 77, 200, 0, 0
2, 78, 200, 0, 0
2, 79, 200, 0, 0
3, 80, 200, 0, 0
3, 81, 200, 0, 0
3, 82, 200, 0, 0
3, 83, 200, 0, 0
3, 84, 200, 0, 0
3, 85, 200, 0, 0
3, 86, 200, 0, 0
3, 87, 200, 0, 0
3, 88, 200, 0, 0
3, 89, 200, 0, 0
3, 90, 200, 0, 0
3, 91, 200, 0, 0
3, 92, 200, 0, 0
3, 93, 200, 0, 0
3, 94, 200, 0, 0
3, 95, 200, 40, 2
3, 96, 200, 0, 0
3, 97, 200, 0, 0
3, 98, 200, 0, 12
3, 99, 200, 0, 1
3, 100, 200, 0, 0
3, 101, 200, 0, 11
3, 102, 200, 0, 15
3, 103, 200, 0, 0
3, 104, 200, 0, 0
3, 105, 200, 0, 0
3, 106, 200, 0, 0
3, 107, 200, 0, 0
3, 108, 200, 0, 0
3, 109, 200, 0, 0
3, 110, 200, 0, 3
3, 111, 200, 0, 0
3, 112, 200, 0, 0
3, 113, 200, 0, 0
3, 114, 200, 0, 0
3, 115, 200, 0, 0
3, 116, 200, 0, 4
3, 117, 200, 54, 7
3, 118, 200, 0, 0
3, 119, 200, 0, 0
4, 120, 200, 0, 0
4, 121, 200, 0, 0
4, 122, 200, 0, 0
4, 123, 200, 0, 0
4, 124, 200, 0, 0
4, 125, 200, 0, 1
4, 126, 200, 0, 0
4, 127, 200, 0, 0
4, 128, 200, 22, 0
4, 129, 200, 0, 0
4, 130, 200, 0, 0
4, 131, 200, 0, 0
4, 132, 200, 0, 0
4, 133, 200, 0, 0
4, 134, 200, 0, 12
4, 135, 200, 0, 0
4, 136, 200, 0, 0
4, 137, 200, 0, 0
4, 138, 200, 0, 0
4, 139, 200, 0, 0
4, 140, 200, 0, 0
4, 141, 200, 0, 0
4, 142, 200, 0, 0
4, 143, 200, 0, 0
4, 144, 200, 0, 0
4, 145, 200, 0, 0
4, 146, 200, 0, 0
4, 147, 200, 0, 0
4, 148, 200, 0, 0
4, 149, 200, 0, 0
4, 150, 200, 0, 0
4, 151, 200, 0, 0
4, 152, 200, 0, 0
4, 153, 200, 0, 0
4, 154, 200, 0, 0
4, 155, 200, 32, 3
4, 156, 200, 0, 0
4, 157, 200, 0, 14
4, 158, 200, 0, 0
4, 159, 200, 0, 10
5, 160, 200, 173, 42
5, 161, 200, 17, 13
5, 162, 200, 53, 47
5, 163, 200, 171, 111
5, 164, 200, 1416, 609
5, 165, 200, 199, 299
5, 166, 200, 204, 363
5, 167, 200, 293, 639
5, 168, 200, 11, 655
5, 169, 200, 0, 513
5, 170, 200, 0, 378
5, 171, 200, 8, 462
5, 172, 200, 76, 563
5, 173, 200, 0, 357
5, 174, 200, 0, 390
5, 175, 200, 3, 529
5, 176, 200, 0, 515
5, 177, 200, 4, 398
5, 178, 200, 0, 322
5, 179, 200, 0, 338
5, 180, 200, 0, 430
5, 181, 200, 0, 293
5, 182, 200, 5, 415
5, 183, 200, 0, 378
5, 184, 200, 41, 316
5, 185, 200, 0, 353
5, 186, 200, 0, 439
5, 187, 200, 0, 590
5, 188, 200, 0, 328
5, 189, 200, 14, 442
5, 190, 200, 0, 501
5, 191, 200, 0, 277
5, 192, 200, 9, 312
5, 193, 200, 8, 403
5, 194, 200, 0, 670
5, 195, 200, 0, 353
5, 196, 200, 0, 798
5, 197, 200, 0, 594
5, 198, 200, 0, 679
5, 199, 200, 0, 472
6, 200, 200, 0, 279
6, 201, 200, 0, 574
6, 202, 200, 0, 622
6, 203, 200, 0, 518
6, 204, 200, 0, 252
6, 205, 200, 0, 538
6, 206, 200, 0, 375
6, 207, 200, 0, 449
6, 208, 200, 0, 402
6, 209, 200, 0, 613
6, 210, 200, 0, 438
6, 211, 200, 0, 442
6, 212, 200, 0, 263
6, 213, 200, 0, 276
6, 214, 200, 0, 439
6, 215, 200, 0, 506
6, 216, 200, 0, 419
6, 217, 200, 0, 484
6, 218, 200, 0, 627
6, 219, 200, 0, 522
6, 220, 200, 0, 683
6, 221, 200, 0, 211
6, 222, 200, 0, 642
6, 223, 200, 0, 529
6, 224, 200, 0, 717
6, 225, 200, 0, 645
6, 226, 200, 0, 319
6, 227, 200, 0, 357
6, 228, 200, 0, 337
6, 229, 200, 0, 206
6, 230, 200, 0, 374
6, 231, 200, 0, 550
6, 232, 200, 0, 399
6, 233, 200, 0, 652
6, 234, 200, 0, 591
6, 235, 200, 0, 472
6, 236, 200, 0, 448
6, 237, 200, 0, 606
6, 238, 200, 0, 523
6, 239, 200, 0, 331
7, 240, 200, 0, 430
7, 241, 200, 0, 507
7, 242, 200, 0, 278
7, 243, 200, 0, 470
7, 244, 200, 0, 840
7, 245, 200, 0, 434
7, 246, 200, 0, 434
7, 247, 200, 0, 466
7, 248, 200, 45, 370
7, 249, 200, 33, 512
7, 250, 200, 0, 522
7, 251, 200, 0, 403
7, 252, 200, 0, 430
7, 253, 200, 0, 183
7, 254, 200, 0, 628
7, 255, 200, 0, 341
7, 256, 200, 0, 478
7, 257, 200, 0, 535
7, 258, 200, 0, 404
7, 259, 200, 0, 746
7, 260, 200, 0, 368
7, 261, 200, 0, 719
7, 262, 200, 0, 460
7, 263, 200, 0, 472
7, 264, 200, 0, 653
7, 265, 200, 0, 659
7, 266, 200, 0, 404
7, 267, 200, 13, 647
7, 268, 200, 0, 287
7, 269, 200, 0, 623
7, 270, 200, 0, 363
7, 271, 200, 0, 413
7, 272, 200, 0, 724
7, 273, 200, 0, 727
7, 274, 200, 0, 448
7, 275, 200, 0, 550
7, 276, 200, 0, 425
7, 277, 200, 0, 446
7, 278, 200, 0, 298
7, 279, 200, 0, 718
8, 280, 200, 0, 508
8, 281, 200, 0, 384
8, 282, 200, 0, 158
8, 283, 200, 0, 314
8, 284, 200, 0, 643
8, 285, 200, 0, 1024
8, 286, 200, 0, 448
8, 287, 200, 0, 626
8, 288, 200, 0, 439
8, 289, 200, 0, 294
8, 290, 200, 0, 322
8, 291, 200, 0, 890
8, 292, 200, 0, 555
8, 293, 200, 0, 508
8, 294, 200, 0, 704
8, 295, 200, 0, 389
8, 296, 200, 0, 785
8, 297, 200, 0, 461
8, 298, 200, 0, 312
8, 299, 200, 0, 767
8, 300, 200, 0, 605
8, 301, 200, 0, 326
8, 302, 200, 0, 607
8, 303, 200, 0, 584
8, 304, 200, 0, 432
8, 305, 200, 0, 403
8, 306, 200, 0, 263
8, 307, 200, 0, 342
8, 308, 200, 0, 357
8, 309, 200, 0, 505
8, 310, 200, 0, 451
8, 311, 200, 0, 698
8, 312, 200, 0, 237
8, 313, 200, 0, 457
8, 314, 200, 0, 419
8, 315, 200, 0, 395
8, 316, 200, 0, 412
8, 317, 200, 0, 712
8, 318, 200, 0, 196
8, 319, 200, 0, 721
9, 320, 200, 0, 419
9, 321, 200, 0, 492
9, 322, 200, 0, 817
9, 323, 200, 0, 588
9, 324, 200, 0, 673
9, 325, 200, 0, 377
9, 326, 200, 0, 342
9, 327, 200, 0, 542
9, 328, 200, 0, 470
9, 329, 200, 0, 361
9, 330, 200, 0, 370
9, 331, 200, 0, 344
9, 332, 200, 0, 340
9, 333, 200, 7, 450
9, 334, 200, 0, 644
9, 335, 200, 0, 762
9, 336, 200, 0, 544
9, 337, 200, 0, 758
9, 338, 200, 0, 468
9, 339, 200, 0, 641
9, 340, 200, 0, 409
9, 341, 200, 0, 339
9, 342, 200, 0, 306
9, 343, 200, 0, 550
9, 344, 200, 0, 820
9, 345, 200, 0, 503
9, 346, 200, 0, 539
9, 347, 200, 0, 790
9, 348, 200, 0, 195
9, 349, 200, 0, 427
9, 350, 200, 0, 250
9, 351, 200, 0, 544
9, 352, 200, 0, 498
9, 353, 200, 0, 309
9, 354, 200, 0, 538
9, 355, 200, 0, 405
9, 356, 200, 0, 439
9, 357, 200, 0, 474
9, 358, 200, 10, 323
9, 359, 200, 0, 651
10, 360, 200, 0, 567
10, 361, 200, 0, 524
10, 362, 200, 0, 592
10, 363, 200, 0, 502
10, 364, 200, 0, 317
10, 365, 200, 0, 592
10, 366, 200, 0, 217
10, 367, 200, 0, 520
10, 368, 200, 0, 381
10, 369, 200, 0, 407
10, 370, 200, 1, 489
10, 371, 200, 0, 293
10, 372, 200, 0, 603
10, 373, 200, 0, 413
10, 374, 200, 0, 425
10, 375, 200, 3, 582
10, 376, 200, 0, 435
10, 377, 200, 0, 474
10, 378, 200, 0, 573
10, 379, 200, 0, 567
10, 380, 200, 0, 565
10, 381, 200, 0, 420
10, 382, 200, 0, 555
10, 383, 200, 0, 563
10, 384, 200, 0, 371
10, 385, 200, 0, 555
10, 386, 200, 0, 560
10, 387, 200, 0, 161
10, 388, 200, 0, 386
10, 389, 200, 0, 365
10, 390, 200, 0, 323
10, 391, 200, 0, 645
10, 392, 200, 0, 594
10, 393, 200, 0, 451
10, 394, 200, 0, 368
10, 395, 200, 0, 791
10, 396, 200, 0, 217
10, 397, 200, 0, 449
10, 398, 200, 0, 339
10, 399, 200, 0, 210
11, 400, 200, 0, 230
11, 401, 200, 0, 349
11, 402, 200, 0, 539
11, 403, 200, 0, 486
11, 404, 200, 0, 675
11, 405, 200, 0, 529
11, 406, 200, 0, 486
11, 407, 200, 0, 509
11, 408, 200, 0, 195
11, 409, 200, 0, 450
11, 410, 200, 0, 509
11, 411, 200, 0, 459
11, 412, 200, 0, 392
11, 413, 200, 0, 671
11, 414, 200, 0, 260
11, 415, 200, 0, 470
11, 416, 200, 0, 454
11, 417, 200, 0, 392
11, 418, 200, 0, 626
11, 419, 200, 0, 329
11, 420, 200, 0, 433
11, 421, 200, 0, 535
11, 422, 200, 0, 365
11, 423, 200, 0, 663
11, 424, 200, 0, 469
11, 425, 200, 0, 424
11, 426, 200, 0, 666
11, 427, 200, 0, 132
11, 428, 200, 0, 397
11, 429, 200, 0, 780
11, 430, 200, 0, 604
11, 431, 200, 37, 532
11, 432, 200, 0, 462
11, 433, 200, 0, 522
11, 434, 200, 21, 445
11, 435, 200, 10, 557
11, 436, 200, 0, 299
11, 437, 200, 0, 720
11, 438, 200, 0, 663
11, 439, 200, 6, 284
12, 440, 200, 0, 734
12, 441, 200, 0, 414
12, 442, 200, 0, 443
12, 443, 200, 7, 391
12, 444, 200, 23, 654
12, 445, 200, 0, 326
12, 446, 200, 0, 502
12, 447, 200, 0, 529
12, 448, 200, 0, 646
12, 449, 200, 0, 558
12, 450, 200, 0, 411
12, 451, 200, 0, 601
12, 452, 200, 0, 380
12, 453, 200, 0, 362
12, 454, 200, 0, 491
12, 455, 200, 0, 425
12, 456, 200, 7, 788
12, 457, 200, 13, 711
12, 458, 200, 0, 840
12, 459, 200, 0, 562
12, 460, 200, 0, 388
12, 461, 200, 0, 410
12, 462, 200, 0, 615
12, 463, 200, 0, 446
12, 464, 200, 0, 492
12, 465, 200, 0, 262
12, 466, 200, 0, 580
12, 467, 200, 0, 286
12, 468, 200, 0, 581
12, 469, 200, 0, 309
12, 470, 200, 0, 347
12, 471, 200, 0, 185
12, 472, 200, 0, 443
12, 473, 200, 0, 586
12, 474, 200, 6, 390
12, 475, 200, 0, 631
12, 476, 200, 0, 499
12, 477, 200, 0, 305
12, 478, 200, 3, 332
12, 479, 200, 0, 535
13, 480, 200, 3, 219
13, 481, 200, 1, 472
13, 482, 200, 0, 58
13, 483, 200, 1, 314
13, 484, 200, 0, 491
13, 485, 200, 0, 489
13, 486, 200, 0, 314
13, 487, 200, 0, 322
13, 488, 200, 9, 388
13, 489, 200, 0, 553
13, 490, 200, 0, 543
13, 491, 200, 1, 675
13, 492, 200, 3, 524
13, 493, 200, 0, 801
13, 494, 200, 0, 667
13, 495, 200, 0, 246
13, 496, 200, 3, 342
13, 497, 200, 0, 432
13, 498, 200, 0, 386
13, 499, 200, 0, 599
13, 500, 200, 0, 372
13, 501, 200, 0, 393
13, 502, 200, 0, 419
13, 503, 200, 0, 450
13, 504, 200, 0, 149
13, 505, 200, 0, 563
13, 506, 200, 0, 563
13, 507, 200, 0, 724
13, 508, 200, 0, 288
13, 509, 200, 0, 350
13, 510, 200, 2, 337
13, 511, 200, 0, 170
13, 512, 200, 0, 412
13, 513, 200, 0, 462
13, 514, 200, 0, 809
13, 515, 200, 3, 408
13, 516, 200, 4, 580
13, 517, 200, 3, 491
13, 518, 200, 2, 680
13, 519, 200, 56, 336
14, 520, 200, 0, 286
14, 521, 200, 0, 318
14, 522, 200, 3, 249
14, 523, 200, 0, 369
14, 524, 200, 12, 250
14, 525, 200, 10, 560
14, 526, 200, 9, 391
14, 527, 200, 9, 282
14, 528, 200, 6, 577
14, 529, 200, 0, 685
14, 530, 200, 0, 396
14, 531, 200, 0, 245
14, 532, 200, 4, 164
14, 533, 200, 2, 368
14, 534, 200, 7, 590
14, 535, 200, 8, 561
14, 536, 200, 0, 295
14, 537, 200, 0, 784
14, 538, 200, 6, 474
14, 539, 200, 0, 551
14, 540, 200, 0, 778
14, 541, 200, 0, 523
14, 542, 200, 0, 275
14, 543, 200, 0, 637
14, 544, 200, 0, 609
14, 545, 200, 1, 593
14, 546, 200, 0, 324
14, 547, 200, 0, 339
14, 548, 200, 80, 812
14, 549, 200, 117, 664
14, 550, 200, 0, 346
14, 551, 200, 0, 299
14, 552, 200, 33, 635
14, 553, 200, 0, 629
14, 554, 200, 0, 390
14, 555, 200, 9, 521
14, 556, 200, 6, 304
14, 557, 200, 9, 433
14, 558, 200, 0, 480
14, 559, 200, 0, 395
15, 560, 200, 24, 250
15, 561, 200, 0, 259
15, 562, 200, 5, 156
15, 563, 200, 0, 447
15, 564, 200, 0, 436
15, 565, 200, 0, 725
15, 566, 200, 1, 362
15, 567, 200, 0, 293
15, 568, 200, 10, 520
15, 569, 200, 0, 641
15, 570, 200, 0, 272
15, 571, 200, 0, 398
15, 572, 200, 0, 360
15, 573, 200, 0, 514
15, 574, 200, 0, 366
15, 575, 200, 0, 408
15, 576, 200, 10, 456
15, 577, 200, 0, 189
15, 578, 200, 0, 190
15, 579, 200, 0, 305
15, 580, 200, 18, 512
15, 581, 200, 4, 653
15, 582, 200, 0, 683
15, 583, 200, 0, 397
15, 584, 200, 87, 404
15, 585, 200, 41, 239
15, 586, 200, 14, 383
15, 587, 200, 73, 553
15, 588, 200, 100, 373
15, 589, 200, 58, 472
15, 590, 200, 38, 373
15, 591, 200, 53, 589
15, 592, 200, 18, 479
15, 593, 200, 12, 475
15, 594, 200, 0, 345
15, 595, 200, 4, 526
15, 596, 200, 9, 189
15, 597, 200, 4, 683
15, 598, 200, 0, 476
15, 599, 200, 4, 195
16, 600, 200, 6, 729
16, 601, 200, 11, 284
16, 602, 200, 14, 535
16, 603, 200, 44, 596
16, 604, 200, 6, 455
16, 605, 200, 6, 310
16, 606, 200, 0, 354
16, 607, 200, 3, 291
16, 608, 200, 3, 558
16, 609, 200, 8, 459
16, 610, 200, 16, 545
16, 611, 200, 19, 511
16, 612, 200, 3, 357
16, 613, 200, 14, 376
16, 614, 200, 13, 478
16, 615, 200, 139, 386
16, 616, 200, 135, 469
16, 617, 200, 96, 455
16, 618, 200, 38, 495
16, 619, 200, 40, 588
16, 620, 200, 4, 630
16, 621, 200, 2, 510
16, 622, 200, 2, 275
16, 623, 200, 16, 530
16, 624, 200, 8, 648
16, 625, 200, 2, 503
16, 626, 200, 3, 687
16, 627, 200, 5, 431
16, 628, 200, 30, 468
16, 629, 200, 6, 426
16, 630, 200, 4, 251
16, 631, 200, 5, 571
16, 632, 200, 33, 509
16, 633, 200, 1, 615
16, 634, 200, 2, 520
16, 635, 200, 10, 429
16, 636, 200, 0, 291
16, 637, 200, 0, 165
16, 638, 200, 0, 623
16, 639, 200, 0, 565
17, 640, 200, 0, 278
17, 641, 200, 0, 409
17, 642, 200, 3, 452
17, 643, 200, 7, 335
17, 644, 200, 9, 524
17, 645, 200, 46, 675
17, 646, 200, 14, 383
17, 647, 200, 17, 469
17, 648, 200, 167, 389
17, 649, 200, 93, 577
17, 650, 200, 22, 573
17, 651, 200, 0, 750
17, 652, 200, 1, 487
17, 653, 200, 11, 356
17, 654, 200, 16, 458
17, 655, 200, 27, 807
17, 656, 200, 34, 365
17, 657, 200, 13, 320
17, 658, 200, 0, 312
17, 659, 200, 3, 666
17, 660, 200, 6, 446
17, 661, 200, 73, 307
17, 662, 200, 150, 466
17, 663, 200, 0, 545
17, 664, 200, 20, 688
17, 665, 200, 25, 419
17, 666, 200, 28, 372
17, 667, 200, 15, 402
17, 668, 200, 9, 491
17, 669, 200, 8, 519
17, 670, 200, 0, 255
17, 671, 200, 0, 342
17, 672, 200, 2, 686
17, 673, 200, 25, 540
17, 674, 200, 11, 421
17, 675, 200, 4, 452
17, 676, 200, 7, 402
17, 677, 200, 208, 714
17, 678, 200, 24, 477
17, 679, 200, 4, 311
18, 680, 200, 8, 321
18, 681, 200, 49, 835
18, 682, 200, 195, 558
18, 683, 200, 56, 337
18, 684, 200, 25, 325
18, 685, 200, 15, 490
18, 686, 200, 39, 306
18, 687, 200, 10, 378
18, 688, 200, 153, 446
18, 689, 200, 49, 374
18, 690, 200, 31, 268
18, 691, 200, 75, 385
18, 692, 200, 183, 552
18, 693, 200, 10, 297
18, 694, 200, 0, 527
18, 695, 200, 0, 557
18, 696, 200, 0, 411
18, 697, 200, 0, 667
18, 698, 200, 4, 398
18, 699, 200, 0, 639
18, 700, 200, 0, 308
18, 701, 200, 0, 532
18, 702, 200, 0, 643
18, 703, 200, 0, 367
18, 704, 200, 5, 607
18, 705, 200, 0, 447
18, 706, 200, 0, 302
18, 707, 200, 0, 269
18, 708, 200, 0, 420
18, 709, 200, 0, 814
18, 710, 200, 0, 305
18, 711, 200, 0, 376
18, 712, 200, 0, 541
18, 713, 200, 0, 436
18, 714, 200, 0, 345
18, 715, 200, 0, 229
18, 716, 200, 0, 284
18, 717, 200, 0, 312
18, 718, 200, 0, 561
18, 719, 200, 0, 354
19, 720, 200, 0, 347
19, 721, 200, 0, 595
19, 722, 200, 0, 307
19, 723, 200, 0, 431
19, 724, 200, 0, 358
19, 725, 200, 0, 320
19, 726, 200, 0, 549
19, 727, 200, 0, 545
19, 728, 200, 2, 525
19, 729, 200, 0, 350
19, 730, 200, 0, 394
19, 731, 200, 0, 334
19, 732, 200, 0, 430
19, 733, 200, 0, 637
19, 734, 200, 0, 454
19, 735, 200, 0, 381
19, 736, 200, 51, 847
19, 737, 200, 0, 696
19, 738, 200, 0, 484
19, 739, 200, 0, 385
19, 740, 200, 0, 623
19, 741, 200, 0, 487
19, 742, 200, 0, 693
19, 743, 200, 0, 276
19, 744, 200, 2, 438
19, 745, 200, 0, 775
19, 746, 200, 0, 342
19, 747, 200, 0, 568
19, 748, 200, 8, 452
19, 749, 200, 43, 458
19, 750, 200, 0, 213
19, 751, 200, 0, 307
19, 752, 200, 0, 498
19, 753, 200, 0, 334
19, 754, 200, 0, 482
19, 755, 200, 4, 330
19, 756, 200, 0, 202
19, 757, 200, 0, 360
19, 758, 200, 0, 635
19, 759, 200, 32, 685
20, 760, 200, 0, 395
20, 761, 200, 30, 560
20, 762, 200, 29, 578
20, 763, 200, 0, 87
20, 764, 200, 0, 681
20, 765, 200, 33, 519
20, 766, 200, 8, 649
20, 767, 200, 10, 266
20, 768, 200, 39, 349
20, 769, 200, 15, 520
20, 770, 200, 0, 318
20, 771, 200, 14, 575
20, 772, 200, 32, 819
20, 773, 200, 43, 324
20, 774, 200, 63, 513
20, 775, 200, 37, 289
20, 776, 200, 110, 682
20, 777, 200, 48, 314
20, 778, 200, 0, 274
20, 779, 200, 3, 523
20, 780, 200, 20, 676
20, 781, 200, 0, 505
20, 782, 200, 5, 480
20, 783, 200, 9, 138
20, 784, 200, 4, 390
20, 785, 200, 59, 389
20, 786, 200, 0, 451
20, 787, 200, 40, 411
20, 788, 200, 17, 507
20, 789, 200, 12, 148
20, 790, 200, 6, 634
20, 791, 200, 10, 600
20, 792, 200, 19, 577
20, 793, 200, 1, 576
20, 794, 200, 0, 498
20, 795, 200, 29, 201
20, 796, 200, 74, 612
20, 797, 200, 0, 571
20, 798, 200, 0, 894
20, 799, 200, 0, 378
21, 800, 200, 0, 378
21, 801, 200, 0, 160
21, 802, 200, 0, 348
21, 803, 200, 0, 473
21, 804, 200, 0, 700
21, 805, 200, 0, 361
21, 806, 200, 0, 318
21, 807, 200, 0, 290
21, 808, 200, 0, 388
21, 809, 200, 0, 568
21, 810, 200, 0, 527
21, 811, 200, 0, 259
21, 812, 200, 0, 548
21, 813, 200, 0, 402
21, 814, 200, 0, 326
21, 815, 200, 150, 847
21, 816, 200, 136, 889
21, 817, 200, 229, 794
21, 818, 200, 48, 1050
21, 819, 200, 10, 852
21, 820, 200, 0, 776
21, 821, 200, 0, 884
21, 822, 200, 0, 1070
21, 823, 200, 0, 584
21, 824, 200, 0, 987
21, 825, 200, 0, 1082
21, 826, 200, 0, 891
21, 827, 200, 2, 735
21, 828, 200, 0, 1091
21, 829, 200, 0, 858
21, 830, 200, 0, 723
21, 831, 200, 0, 909
21, 832, 200, 0, 647
21, 833, 200, 0, 700
21, 834, 200, 0, 772
21, 835, 200, 0, 894
21, 836, 200, 0, 1055
21, 837, 200, 0, 726
21, 838, 200, 0, 893
21, 839, 200, 0, 943
22, 840, 200, 0, 788
22, 841, 200, 0, 824
22, 842, 200, 0, 832
22, 843, 200, 12, 1106
22, 844, 200, 0, 851
22, 845, 200, 0, 1110
22, 846, 200, 0, 1211
22, 847, 200, 0, 960
22, 848, 200, 0, 1027
22, 849, 200, 0, 716
22, 850, 200, 0, 627
22, 851, 200, 0, 514
22, 852, 200, 20, 949
22, 853, 200, 18, 952
22, 854, 200, 0, 1015
22, 855, 200, 0, 615
22, 856, 200, 0, 559
22, 857, 200, 0, 1082
22, 858, 200, 0, 891
22, 859, 200, 0, 1051
22, 860, 200, 14, 773
22, 861, 200, 11, 1138
22, 862, 200, 62, 1449
22, 863, 200, 31, 577
22, 864, 200, 43, 861
22, 865, 200, 6, 660
22, 866, 200, 2, 1338
22, 867, 200, 4, 640
22, 868, 200, 7, 663
22, 869, 200, 159, 888
22, 870, 200, 168, 1174
22, 871, 200, 18, 898
22, 872, 200, 15, 1299
22, 873, 200, 0, 1288
22, 874, 200, 2, 1473
22, 875, 200, 2, 1074
22, 876, 200, 0, 1429
22, 877, 200, 0, 1370
22, 878, 200, 4, 1264
22, 879, 200, 0, 1111
23, 880, 200, 0, 1267
23, 881, 200, 1, 1800
23, 882, 200, 0, 1641
23, 883, 200, 0, 1018
23, 884, 200, 0, 1032
23, 885, 200, 0, 1293
23, 886, 200, 4, 1800
23, 887, 200, 0, 1263
23, 888, 200, 0, 1252
23, 889, 200, 0, 1135
23, 890, 200, 4, 1612
23, 891, 200, 6, 1145
23, 892, 200, 2, 1573
23, 893, 200, 9, 1659
23, 894, 200, 0, 1458
23, 895, 200, 6, 1360
23, 896, 200, 0, 1549
23, 897, 200, 0, 1230
23, 898, 200, 0, 1681
23, 899, 200, 0, 1472
23, 900, 200, 0, 1690
23, 901, 200, 0, 1074
23, 902, 200, 0, 1646
23, 903, 200, 0, 1377
23, 904, 200, 0, 1056
23, 905, 200, 0, 1279
23, 906, 200, 0, 1421
23, 907, 200, 1, 1186
23, 908, 200, 0, 1291
23, 909, 200, 6, 1363
23, 910, 200, 2, 1242
23, 911, 200, 3, 1311
23, 912, 200, 0, 872
23, 913, 200, 30, 1149
23, 914, 200, 13, 1382
23, 915, 200, 36, 1138
23, 916, 200, 15, 958
23, 917, 200, 91, 1304
23, 918, 200, 123, 1702
23, 919, 200, 14, 1304
24, 920, 200, 0, 1000
24, 921, 200, 0, 1545
24, 922, 200, 0, 1680
24, 923, 200, 0, 1560
24, 924, 200, 26, 1695
24, 925, 200, 0, 1388
24, 926, 200, 0, 1551
24, 927, 200, 0, 1324
24, 928, 200, 0, 1133
24, 929, 200, 0, 1701
24, 930, 200, 0, 1326
24, 931, 200, 0, 1104
24, 932, 200, 0, 1407
24, 933, 200, 0, 885
24, 934, 200, 0, 1835
24, 935, 200, 0, 1654
24, 936, 200, 0, 1305
24, 937, 200, 0, 1097
24, 938, 200, 8, 1413
24, 939, 200, 0, 1159
24, 940, 200, 0, 1394
24, 941, 200, 7, 1464
24, 942, 200, 20, 1242
24, 943, 200, 0, 1243
24, 944, 200, 0, 1555
24, 945, 200, 0, 936
24, 946, 200, 0, 1001
24, 947, 200, 0, 1280
24, 948, 200, 0, 1448
24, 949, 200, 0, 1268
24, 950, 200, 0, 1337
24, 951, 200, 0, 1533
24, 952, 200, 0, 1356
24, 953, 200, 0, 1378
24, 954, 200, 0, 1502
24, 955, 200, 11, 1442
24, 956, 200, 8, 1582
24, 957, 200, 37, 1396
24, 958, 200, 0, 1054
24, 959, 200, 0, 1490
25, 960, 200, 1, 1321
25, 961, 200, 0, 1512
25, 962, 200, 0, 1505
25, 963, 200, 9, 1329
25, 964, 200, 10, 1218
25, 965, 200, 2, 1236
25, 966, 200, 0, 1374
25, 967, 200, 0, 1099
25, 968, 200, 0, 1372
25, 969, 200, 0, 845
25, 970, 200, 3, 1242
25, 971, 200, 8, 1518
25, 972, 200, 0, 1008
25, 973, 200, 2, 1691
25, 974, 200, 0, 1046
25, 975, 200, 3, 1401
25, 976, 200, 13, 1614
25, 977, 200, 0, 854
25, 978, 200, 57, 1081
25, 979, 200, 23, 1298
25, 980, 200, 40, 1246
25, 981, 200, 0, 957
25, 982, 200, 107, 1179
25, 983, 200, 165, 1342
25, 984, 200, 73, 1285
25, 985, 200, 64, 1158
25, 986, 200, 60, 970
25, 987, 200, 41, 1412
25, 988, 200, 0, 1145
25, 989, 200, 0, 1203
25, 990, 200, 6, 1915
25, 991, 200, 4, 1658
25, 992, 200, 0, 1111
25, 993, 200, 0, 1092
25, 994, 200, 0, 1367
25, 995, 200, 0, 1646
25, 996, 200, 0, 1584
25, 997, 200, 0, 1437
25, 998, 200, 0, 1405
25, 999, 200, 0, 1014
26, 1000, 200, 0, 1314
26, 1001, 200, 0, 1447
26, 1002, 200, 0, 1699
26, 1003, 200, 0, 1180
26, 1004, 200, 0, 1219
26, 1005, 200, 0, 1018
26, 1006, 200, 0, 1145
26, 1007, 200, 0, 1709
26, 1008, 200, 0, 1080
26, 1009, 200, 0, 1628
26, 1010, 200, 0, 1095
26, 1011, 200, 0, 1537
26, 1012, 200, 11, 1264
26, 1013, 200, 11, 1152
26, 1014, 200, 45, 1261
26, 1015, 200, 15, 1220
26, 1016, 200, 0, 1663
26, 1017, 200, 0, 1367
26, 1018, 200, 0, 1642
26, 1019, 200, 0, 1143
26, 1020, 200, 1, 1342
26, 1021, 200, 0, 1189
26, 1022, 200, 0, 1248
26, 1023, 200, 0, 1384
26, 1024, 200, 0, 1291
26, 1025, 200, 0, 1795
26, 1026, 200, 0, 842
26, 1027, 200, 0, 1683
26, 1028, 200, 0, 1369
26, 1029, 200, 0, 1183
26, 1030, 200, 4, 1658
26, 1031, 200, 0, 1356
26, 1032, 200, 11, 1155
26, 1033, 200, 0, 1764
26, 1034, 200, 0, 1005
26, 1035, 200, 0, 1708
26, 1036, 200, 0, 1532
26, 1037, 200, 0, 1424
26, 1038, 200, 0, 1139
26, 1039, 200, 0, 1098
27, 1040, 200, 0, 1331
27, 1041, 200, 0, 1704
27, 1042, 200, 0, 1227
27, 1043, 200, 0, 1525
27, 1044, 200, 0, 1364
27, 1045, 200, 0, 1290
27, 1046, 200, 0, 1479
27, 1047, 200, 0, 1413
27, 1048, 200, 0, 1682
27, 1049, 200, 0, 1421
27, 1050, 200, 0, 1495
27, 1051, 200, 2, 1128
27, 1052, 200, 0, 1336
27, 1053, 200, 0, 1183
27, 1054, 200, 0, 1241
27, 1055, 200, 0, 1442
27, 1056, 200, 10, 1653
27, 1057, 200, 22, 1374
27, 1058, 200, 8, 1599
27, 1059, 200, 7, 1246
27, 1060, 200, 3, 1463
27, 1061, 200, 2, 1477
27, 1062, 200, 20, 1100
27, 1063, 200, 28, 1217
27, 1064, 200, 0, 1300
27, 1065, 200, 9, 1414
27, 1066, 200, 170, 1156
27, 1067, 200, 62, 1547
27, 1068, 200, 101, 1685
27, 1069, 200, 20, 1051
27, 1070, 200, 18, 1573
27, 1071, 200, 49, 1714
27, 1072, 200, 53, 1249
27, 1073, 200, 5, 1523
27, 1074, 200, 6, 1766
27, 1075, 200, 9, 1027
27, 1076, 200, 3, 1731
27, 1077, 200, 17, 1219
27, 1078, 200, 12, 1023
27, 1079, 200, 0, 1740
28, 1080, 200, 0, 1444
28, 1081, 200, 0, 1131
28, 1082, 200, 8, 1153
28, 1083, 200, 9, 1504
28, 1084, 200, 3, 1887
28, 1085, 200, 7, 1125
28, 1086, 200, 0, 1472
28, 1087, 200, 1, 1585
28, 1088, 200, 0, 1081
28, 1089, 200, 3, 1549
28, 1090, 200, 0, 1160
28, 1091, 200, 5, 1677
28, 1092, 200, 1, 1624
28, 1093, 200, 34, 1447
28, 1094, 200, 41, 1423
28, 1095, 200, 0, 1300
28, 1096, 200, 198, 1879
28, 1097, 200, 94, 1544
28, 1098, 200, 97, 1743
28, 1099, 200, 77, 1828
28, 1100, 200, 62, 1956
28, 1101, 200, 13, 1462
28, 1102, 200, 52, 2385
28, 1103, 200, 123, 1960
28, 1104, 200, 23, 1932
28, 1105, 200, 64, 2220
28, 1106, 200, 57, 1616
28, 1107, 200, 52, 1861
28, 1108, 200, 9, 2372
28, 1109, 200, 0, 1856
28, 1110, 200, 17, 1837
28, 1111, 200, 5, 1978
28, 1112, 200, 37, 2199
28, 1113, 200, 3, 2580
28, 1114, 200, 0, 2295
28, 1115, 200, 0, 1533
28, 1116, 200, 0, 2021
28, 1117, 200, 25, 2450
28, 1118, 200, 3, 2513
28, 1119, 200, 1, 2401
29, 1120, 200, 3, 2254
29, 1121, 200, 18, 2343
29, 1122, 200, 4, 2571
29, 1123, 200, 3, 1866
29, 1124, 200, 14, 1861
29, 1125, 200, 2, 1954
29, 1126, 200, 6, 2139
29, 1127, 200, 142, 2487
29, 1128, 200, 110, 1969
29, 1129, 200, 48, 2806
29, 1130, 200, 33, 2300
29, 1131, 200, 0, 2232
29, 1132, 200, 0, 2504
29, 1133, 200, 0, 2825
29, 1134, 200, 14, 2178
29, 1135, 200, 21, 2323
29, 1136, 200, 10, 1880
29, 1137, 200, 3, 1911
29, 1138, 200, 16, 1897
29, 1139, 200, 44, 2522
29, 1140, 200, 0, 2302
29, 1141, 200, 42, 2178
29, 1142, 200, 0, 1791
29, 1143, 200, 29, 1852
29, 1144, 200, 132, 2250
29, 1145, 200, 40, 2245
29, 1146, 200, 76, 2195
29, 1147, 200, 79, 2102
29, 1148, 200, 61, 1974
29, 1149, 200, 17, 2328
29, 1150, 200, 19, 2518
29, 1151, 200, 27, 2262
29, 1152, 200, 6, 2248
29, 1153, 200, 0, 2154
29, 1154, 200, 7, 2307
29, 1155, 200, 0, 2570
29, 1156, 200, 19, 1943
29, 1157, 200, 7, 2037
29, 1158, 200, 23, 2324
29, 1159, 200, 25, 2873
30, 1160, 200, 12, 2681
30, 1161, 200, 99, 2357
30, 1162, 200, 69, 2501
30, 1163, 200, 117, 2609
30, 1164, 200, 45, 2718
30, 1165, 200, 84, 1999
30, 1166, 200, 92, 2218
30, 1167, 200, 0, 2192
30, 1168, 200, 40, 2167
30, 1169, 200, 14, 1937
30, 1170, 200, 29, 2242
30, 1171, 200, 0, 1984
30, 1172, 200, 52, 2281
30, 1173, 200, 53, 2524
30, 1174, 200, 2, 2044
30, 1175, 200, 101, 2289
30, 1176, 200, 131, 1880
30, 1177, 200, 106, 2058
30, 1178, 200, 71, 1722
30, 1179, 200, 87, 2258
30, 1180, 200, 37, 2492
30, 1181, 200, 148, 1953
30, 1182, 200, 91, 2012
30, 1183, 200, 0, 2089
30, 1184, 200, 0, 2229
30, 1185, 200, 0, 2289
30, 1186, 200, 0, 2146
30, 1187, 200, 0, 1941
30, 1188, 200, 0, 2134
30, 1189, 200, 1, 2392
30, 1190, 200, 0, 2460
30, 1191, 200, 0, 2414
30, 1192, 200, 0, 1879
30, 1193, 200, 0, 2152
30, 1194, 200, 0, 2169
30, 1195, 200, 11, 3025
30, 1196, 200, 0, 2683
30, 1197, 200, 0, 2073
30, 1198, 200, 7, 2335
30, 1199, 200, 0, 2800
31, 1200, 200, 14, 2354
31, 1201, 200, 67, 2050
31, 1202, 200, 2, 2079
31, 1203, 200, 3, 1978
31, 1204, 200, 0, 2102
31, 1205, 200, 13, 1809
31, 1206, 200, 7, 2345
31, 1207, 200, 0, 1967
31, 1208, 200, 0, 2508
31, 1209, 200, 0, 2366
31, 1210, 200, 0, 2542
31, 1211, 200, 0, 2199
31, 1212, 200, 0, 2419
31, 1213, 200, 0, 2302
31, 1214, 200, 0, 2539
31, 1215, 200, 0, 2348
31, 1216, 200, 0, 2355
31, 1217, 200, 0, 2670
31, 1218, 200, 0, 2291
31, 1219, 200, 0, 2066
31, 1220, 200, 0, 2266
31, 1221, 200, 12, 2413
31, 1222, 200, 0, 2349
31, 1223, 200, 0, 2143
31, 1224, 200, 0, 2365
31, 1225, 200, 0, 2374
31, 1226, 200, 0, 1836
31, 1227, 200, 0, 2101
31, 1228, 200, 0, 2325
31, 1229, 200, 1, 2688
31, 1230, 200, 0, 2645
31, 1231, 200, 0, 1989
31, 1232, 200, 1, 2542
31, 1233, 200, 4, 1794
31, 1234, 200, 0, 2253
31, 1235, 200, 0, 2291
31, 1236, 200, 0, 1859
31, 1237, 200, 0, 2212
31, 1238, 200, 0, 1756
31, 1239, 200, 0, 2047
32, 1240, 200, 0, 2391
32, 1241, 200, 0, 2181
32, 1242, 200, 0, 2446
32, 1243, 200, 0, 2527
32, 1244, 200, 0, 2250
32, 1245, 200, 0, 2008
32, 1246, 200, 0, 2184
32, 1247, 200, 0, 1909
32, 1248, 200, 0, 2241
32, 1249, 200, 0, 2174
32, 1250, 200, 0, 2727
32, 1251, 200, 0, 2105
32, 1252, 200, 0, 1832
32, 1253, 200, 0, 2103
32, 1254, 200, 0, 2010
32, 1255, 200, 0, 1897
32, 1256, 200, 0, 1908
32, 1257, 200, 0, 1771
32, 1258, 200, 4, 1682
32, 1259, 200, 9, 2187
32, 1260, 200, 6, 1693
32, 1261, 200, 0, 2398
32, 1262, 200, 0, 2472
32, 1263, 200, 3, 2812
32, 1264, 200, 5, 1741
32, 1265, 200, 3, 2753
32, 1266, 200, 0, 2274
32, 1267, 200, 0, 2541
32, 1268, 200, 0, 2445
32, 1269, 200, 0, 2293
32, 1270, 200, 0, 1971
32, 1271, 200, 0, 1675
32, 1272, 200, 0, 1464
32, 1273, 200, 5, 1733
32, 1274, 200, 7, 2589
32, 1275, 200, 0, 1937
32, 1276, 200, 4, 2539
32, 1277, 200, 0, 2219
32, 1278, 200, 0, 2054
32, 1279, 200, 0, 2230
33, 1280, 200, 1, 1603
33, 1281, 200, 0, 2352
33, 1282, 200, 0, 2285
33, 1283, 200, 0, 2162
33, 1284, 200, 0, 2300
33, 1285, 200, 0, 2104
33, 1286, 200, 0, 2365
33, 1287, 200, 0, 2646
33, 1288, 200, 0, 2555
33, 1289, 200, 0, 2176
33, 1290, 200, 3, 1825
33, 1291, 200, 0, 2452
33, 1292, 200, 0, 2125
33, 1293, 200, 5, 2566
33, 1294, 200, 21, 2304
33, 1295, 200, 0, 2896
33, 1296, 200, 0, 2372
33, 1297, 200, 7, 2657
33, 1298, 200, 0, 2479
33, 1299, 200, 0, 2343
33, 1300, 200, 0, 2373
33, 1301, 200, 15, 2604
33, 1302, 200, 0, 2262
33, 1303, 200, 0, 2326
33, 1304, 200, 2, 2520
33, 1305, 200, 0, 2552
33, 1306, 200, 0, 2413
33, 1307, 200, 0, 2546
33, 1308, 200, 0, 2231
33, 1309, 200, 0, 3072
33, 1310, 200, 2, 2771
33, 1311, 200, 34, 2530
33, 1312, 200, 0, 2208
33, 1313, 200, 20, 2698
33, 1314, 200, 0, 2664
33, 1315, 200, 3, 2690
33, 1316, 200, 7, 2753
33, 1317, 200, 0, 2794
33, 1318, 200, 0, 2534
33, 1319, 200, 0, 2268
34, 1320, 200, 8, 3045
34, 1321, 200, 9, 3034
34, 1322, 200, 0, 2772
34, 1323, 200, 1, 2747
34, 1324, 200, 1, 2869
34, 1325, 200, 0, 3017
34, 1326, 200, 6, 2673
34, 1327, 200, 2, 2516
34, 1328, 200, 8, 2637
34, 1329, 200, 19, 2342
34, 1330, 200, 0, 2699
34, 1331, 200, 0, 2623
34, 1332, 200, 0, 2591
34, 1333, 200, 0, 2903
34, 1334, 200, 0, 2528
34, 1335, 200, 0, 2245
34, 1336, 200, 0, 2765
34, 1337, 200, 0, 3069
34, 1338, 200, 0, 2916
34, 1339, 200, 5, 3233
34, 1340, 200, 11, 2423
34, 1341, 200, 0, 2856
34, 1342, 200, 0, 2531
34, 1343, 200, 0, 2039
34, 1344, 200, 0, 2384
34, 1345, 200, 0, 2606
34, 1346, 200, 5, 3011
34, 1347, 200, 0, 2489
34, 1348, 200, 0, 2615
34, 1349, 200, 0, 2731
34, 1350, 200, 30, 2592
34, 1351, 200, 0, 2884
34, 1352, 200, 0, 2688
34, 1353, 200, 1, 3103
34, 1354, 200, 0, 2489
34, 1355, 200, 0, 2531
34, 1356, 200, 0, 2863
34, 1357, 200, 0, 2674
34, 1358, 200, 0, 2432
34, 1359, 200, 0, 2596
35, 1360, 200, 0, 3064
35, 1361, 200, 0, 2480
35, 1362, 200, 0, 2168
35, 1363, 200, 0, 2449
35, 1364, 200, 6, 2489
35, 1365, 200, 0, 2780
35, 1366, 200, 0, 2324
35, 1367, 200, 0, 2201
35, 1368, 200, 0, 2917
35, 1369, 200, 0, 2794
35, 1370, 200, 0, 2939
35, 1371, 200, 0, 2960
35, 1372, 200, 0, 2567
35, 1373, 200, 0, 2942
35, 1374, 200, 16, 2765
35, 1375, 200, 1, 3001
35, 1376, 200, 0, 2472
35, 1377, 200, 0, 2465
35, 1378, 200, 0, 2714
35, 1379, 200, 0, 2459
35, 1380, 200, 0, 2403
35, 1381, 200, 2, 2746
35, 1382, 200, 0, 2925
35, 1383, 200, 0, 2792
35, 1384, 200, 0, 2448
35, 1385, 200, 0, 2909
35, 1386, 200, 0, 2984
35, 1387, 200, 0, 3322
35, 1388, 200, 0, 3024
35, 1389, 200, 0, 2641
35, 1390, 200, 0, 2718
35, 1391, 200, 0, 2453
35, 1392, 200, 0, 2955
35, 1393, 200, 0, 2821
35, 1394, 200, 0, 2719
35, 1395, 200, 0, 2525
35, 1396, 200, 0, 3114
35, 1397, 200, 0, 2649
35, 1398, 200, 0, 2963
35, 1399, 200, 0, 2572
36, 1400, 200, 0, 2285
36, 1401, 200, 0, 2495
36, 1402, 200, 0, 2620
36, 1403, 200, 0, 2968
36, 1404, 200, 0, 2549
36, 1405, 200, 1, 2777
36, 1406, 200, 4, 2137
36, 1407, 200, 0, 2477
36, 1408, 200, 0, 3044
36, 1409, 200, 0, 3675
36, 1410, 200, 0, 2827
36, 1411, 200, 0, 2520
36, 1412, 200, 3, 2459
36, 1413, 200, 0, 2564
36, 1414, 200, 0, 2778
36, 1415, 200, 0, 2458
36, 1416, 200, 0, 3209
36, 1417, 200, 0, 2754
36, 1418, 200, 1, 2869
36, 1419, 200, 184, 2732
36, 1420, 200, 1, 3049
36, 1421, 200, 0, 3122
36, 1422, 200, 2, 3019
36, 1423, 200, 15, 3278
36, 1424, 200, 29, 3165
36, 1425, 200, 69, 2925
36, 1426, 200, 31, 3585
36, 1427, 200, 25, 2498
36, 1428, 200, 16, 3549
36, 1429, 200, 0, 3296
36, 1430, 200, 7, 3467
36, 1431, 200, 2, 2986
36, 1432, 200, 74, 3311
36, 1433, 200, 72, 2800
36, 1434, 200, 11, 2740
36, 1435, 200, 0, 2960
36, 1436, 200, 0, 2922
36, 1437, 200, 0, 2517
36, 1438, 200, 0, 3070
36, 1439, 200, 8, 2434
37, 1440, 200, 0, 2585
37, 1441, 200, 2, 3063
37, 1442, 200, 0, 3418
37, 1443, 200, 0, 3557
37, 1444, 200, 0, 3057
37, 1445, 200, 0, 3687
37, 1446, 200, 0, 3286
37, 1447, 200, 0, 3928
37, 1448, 200, 0, 2985
37, 1449, 200, 0, 3120
37, 1450, 200, 0, 3164
37, 1451, 200, 0, 2939
37, 1452, 200, 0, 3772
37, 1453, 200, 0, 3424
37, 1454, 200, 0, 3331
37, 1455, 200, 8, 2929
37, 1456, 200, 0, 3461
37, 1457, 200, 0, 3578
37, 1458, 200, 0, 3020
37, 1459, 200, 1, 2865
37, 1460, 200, 3, 3265
37, 1461, 200, 1, 2902
37, 1462, 200, 10, 3070
37, 1463, 200, 2, 3274
37, 1464, 200, 9, 3611
37, 1465, 200, 2, 2921
37, 1466, 200, 0, 3852
37, 1467, 200, 0, 3432
37, 1468, 200, 2, 3574
37, 1469, 200, 23, 2931
37, 1470, 200, 36, 3226
37, 1471, 200, 6, 2967
37, 1472, 200, 1, 3276
37, 1473, 200, 162, 3031
37, 1474, 200, 35, 3083
37, 1475, 200, 24, 3414
37, 1476, 200, 0, 3245
37, 1477, 200, 0, 2689
37, 1478, 200, 1, 3247
37, 1479, 200, 2, 3174
38, 1480, 200, 0, 3413
38, 1481, 200, 0, 2657
38, 1482, 200, 0, 2664
38, 1483, 200, 0, 3695
38, 1484, 200, 0, 3101
38, 1485, 200, 0, 2748
38, 1486, 200, 2, 3583
38, 1487, 200, 1, 3103
38, 1488, 200, 0, 3162
38, 1489, 200, 0, 2531
38, 1490, 200, 0, 3066
38, 1491, 200, 0, 2966
38, 1492, 200, 0, 3185
38, 1493, 200, 23, 3199
38, 1494, 200, 0, 3835
38, 1495, 200, 0, 2515
38, 1496, 200, 0, 2882
38, 1497, 200, 0, 2754
38, 1498, 200, 0, 2741
38, 1499, 200, 0, 3054
38, 1500, 200, 1, 3643
38, 1501, 200, 0, 3479
38, 1502, 200, 7, 3148
38, 1503, 200, 0, 2670
38, 1504, 200, 0, 3173
38, 1505, 200, 1, 3637
38, 1506, 200, 0, 2993
38, 1507, 200, 0, 2806
38, 1508, 200, 0, 3704
38, 1509, 200, 1, 2900
38, 1510, 200, 0, 3400
38, 1511, 200, 0, 2887
38, 1512, 200, 0, 2990
38, 1513, 200, 0, 3020
38, 1514, 200, 3, 2620
38, 1515, 200, 0, 3713
38, 1516, 200, 0, 3416
38, 1517, 200, 0, 3355
38, 1518, 200, 0, 3205
38, 1519, 200, 0, 3121
39, 1520, 200, 0, 2567
39, 1521, 200, 0, 2868
39, 1522, 200, 0, 3464
39, 1523, 200, 0, 3104
39, 1524, 200, 0, 3140
39, 1525, 200, 0, 3184
39, 1526, 200, 6, 3430
39, 1527, 200, 0, 2913
39, 1528, 200, 0, 3107
39, 1529, 200, 0, 2913
39, 1530, 200, 0, 2737
39, 1531, 200, 0, 3045
39, 1532, 200, 0, 3310
39, 1533, 200, 0, 3560
39, 1534, 200, 0, 3030
39, 1535, 200, 0, 3068
39, 1536, 200, 0, 3255
39, 1537, 200, 3, 2946
39, 1538, 200, 1, 2844
39, 1539, 200, 0, 2797
39, 1540, 200, 0, 2729
39, 1541, 200, 0, 3071
39, 1542, 200, 0, 2844
39, 1543, 200, 0, 3265
39, 1544, 200, 0, 2920
39, 1545, 200, 0, 3213
39, 1546, 200, 0, 2950
39, 1547, 200, 0, 3548
39, 1548, 200, 0, 3285
39, 1549, 200, 0, 2694
39, 1550, 200, 38, 2722
39, 1551, 200, 0, 3262
39, 1552, 200, 0, 2636
39, 1553, 200, 0, 3353
39, 1554, 200, 0, 2668
39, 1555, 200, 0, 3011
39, 1556, 200, 0, 3040
39, 1557, 200, 0, 3252
39, 1558, 200, 0, 3162
39, 1559, 200, 0, 3062
40, 1560, 200, 0, 2713
40, 1561, 200, 0, 3326
40, 1562, 200, 0, 3318
40, 1563, 200, 0, 2489
40, 1564, 200, 0, 2982
40, 1565, 200, 0, 2842
40, 1566, 200, 0, 2930
40, 1567, 200, 4, 3076
40, 1568, 200, 0, 3171
40, 1569, 200, 0, 3361
40, 1570, 200, 0, 2916
40, 1571, 200, 1, 2974
40, 1572, 200, 25, 2959
40, 1573, 200, 0, 2969
40, 1574, 200, 0, 2974
40, 1575, 200, 0, 2759
40, 1576, 200, 0, 3132
40, 1577, 200, 0, 3232
40, 1578, 200, 0, 3480
40, 1579, 200, 0, 2917
40, 1580, 200, 0, 2831
40, 1581, 200, 0, 3294
40, 1582, 200, 0, 3222
40, 1583, 200, 0, 3443
40, 1584, 200, 0, 2982
40, 1585, 200, 1, 2854
40, 1586, 200, 0, 3316
40, 1587, 200, 0, 3236
40, 1588, 200, 0, 3228
40, 1589, 200, 0, 2831
40, 1590, 200, 0, 3744
40, 1591, 200, 0, 2589
40, 1592, 200, 0, 3368
40, 1593, 200, 0, 3439
40, 1594, 200, 0, 3510
40, 1595, 200, 3, 3313
40, 1596, 200, 0, 2683
40, 1597, 200, 0, 3148
40, 1598, 200, 0, 3287
40, 1599, 200, 0, 3187
41, 1600, 200, 0, 3219
41, 1601, 200, 0, 3358
41, 1602, 200, 0, 3083
41, 1603, 200, 0, 3607
41, 1604, 200, 0, 2919
41, 1605, 200, 0, 3012
41, 1606, 200, 0, 3271
41, 1607, 200, 0, 3227
41, 1608, 200, 0, 2969
41, 1609, 200, 12, 3451
41, 1610, 200, 0, 3321
41, 1611, 200, 0, 2615
41, 1612, 200, 0, 3302
41, 1613, 200, 0, 3678
41, 1614, 200, 0, 3285
41, 1615, 200, 0, 2960
41, 1616, 200, 0, 2791
41, 1617, 200, 0, 2980
41, 1618, 200, 12, 3452
41, 1619, 200, 0, 2995
41, 1620, 200, 0, 3621
41, 1621, 200, 0, 3899
41, 1622, 200, 0, 3213
41, 1623, 200, 0, 3749
41, 1624, 200, 4, 3929
41, 1625, 200, 9, 4352
41, 1626, 200, 0, 4076
41, 1627, 200, 0, 3353
41, 1628, 200, 19, 3943
41, 1629, 200, 7, 3677
41, 1630, 200, 15, 3457
41, 1631, 200, 6, 3688
41, 1632, 200, 57, 3700
41, 1633, 200, 15, 4088
41, 1634, 200, 0, 3732
41, 1635, 200, 0, 3118
41, 1636, 200, 0, 4110
41, 1637, 200, 0, 3071
41, 1638, 200, 0, 3649
41, 1639, 200, 0, 3262
42, 1640, 200, 0, 3716
42, 1641, 200, 0, 3621
42, 1642, 200, 0, 2591
42, 1643, 200, 0, 3891
42, 1644, 200, 0, 3771
42, 1645, 200, 0, 3558
42, 1646, 200, 0, 3868
42, 1647, 200, 0, 3744
42, 1648, 200, 4, 3402
42, 1649, 200, 0, 3661
42, 1650, 200, 0, 3887
42, 1651, 200, 0, 3526
42, 1652, 200, 0, 3534
42, 1653, 200, 0, 3134
42, 1654, 200, 0, 3903
42, 1655, 200, 0, 3220
42, 1656, 200, 0, 3508
42, 1657, 200, 12, 3320
42, 1658, 200, 332, 3494
42, 1659, 200, 3, 3914
42, 1660, 200, 362, 3868
42, 1661, 200, 103, 4908
42, 1662, 200, 59, 4071
42, 1663, 200, 0, 4066
42, 1664, 200, 23, 3765
42, 1665, 200, 0, 3988
42, 1666, 200, 11, 3902
42, 1667, 200, 0, 3974
42, 1668, 200, 2, 4816
42, 1669, 200, 0, 3555
42, 1670, 200, 0, 4339
42, 1671, 200, 0, 4076
42, 1672, 200, 2, 4351
42, 1673, 200, 0, 4018
42, 1674, 200, 0, 3888
42, 1675, 200, 0, 3932
42, 1676, 200, 0, 3920
42, 1677, 200, 0, 4116
42, 1678, 200, 0, 3918
42, 1679, 200, 0, 3897
43, 1680, 200, 0, 4377
43, 1681, 200, 0, 3745
43, 1682, 200, 0, 3398
43, 1683, 200, 0, 4306
43, 1684, 200, 0, 3697
43, 1685, 200, 0, 4279
43, 1686, 200, 1, 4286
43, 1687, 200, 5, 3683
43, 1688, 200, 0, 3632
43, 1689, 200, 0, 4366
43, 1690, 200, 0, 3978
43, 1691, 200, 5, 4058
43, 1692, 200, 0, 4068
43, 1693, 200, 0, 4074
43, 1694, 200, 0, 4899
43, 1695, 200, 0, 4018
43, 1696, 200, 1, 3872
43, 1697, 200, 0, 3732
43, 1698, 200, 0, 4235
43, 1699, 200, 0, 4334
43, 1700, 200, 9, 3880
43, 1701, 200, 8, 4471
43, 1702, 200, 0, 4672
43, 1703, 200, 0, 4431
43, 1704, 200, 2, 3955
43, 1705, 200, 16, 3750
43, 1706, 200, 84, 4029
43, 1707, 200, 32, 4133
43, 1708, 200, 4, 4270
43, 1709, 200, 0, 3465
43, 1710, 200, 16, 3984
43, 1711, 200, 3, 3828
43, 1712, 200, 1, 4454
43, 1713, 200, 0, 4415
43, 1714, 200, 0, 4296
43, 1715, 200, 0, 4579
43, 1716, 200, 0, 4266
43, 1717, 200, 0, 4158
43, 1718, 200, 0, 4389
43, 1719, 200, 0, 4267
44, 1720, 200, 0, 4513
44, 1721, 200, 0, 3892
44, 1722, 200, 12, 4734
44, 1723, 200, 0, 4170
44, 1724, 200, 0, 4243
44, 1725, 200, 0, 3821
44, 1726, 200, 0, 4922
44, 1727, 200, 0, 4026
44, 1728, 200, 0, 3898
44, 1729, 200, 7, 4185
44, 1730, 200, 0, 4881
44, 1731, 200, 0, 4573
44, 1732, 200, 0, 3961
44, 1733, 200, 0, 4256
44, 1734, 200, 0, 3860
44, 1735, 200, 0, 4438
44, 1736, 200, 0, 4219
44, 1737, 200, 0, 4206
44, 1738, 200, 2, 3797
44, 1739, 200, 0, 4243
44, 1740, 200, 5, 3787
44, 1741, 200, 2, 3669
44, 1742, 200, 4, 3592
44, 1743, 200, 5, 3884
44, 1744, 200, 0, 3652
44, 1745, 200, 0, 4024
44, 1746, 200, 0, 4136
44, 1747, 200, 18, 4461
44, 1748, 200, 0, 4468
44, 1749, 200, 0, 3976
44, 1750, 200, 1, 3879
44, 1751, 200, 13, 3381
44, 1752, 200, 0, 3803
44, 1753, 200, 0, 3915
44, 1754, 200, 0, 4410
44, 1755, 200, 0, 3882
44, 1756, 200, 0, 3655
44, 1757, 200, 15, 3856
44, 1758, 200, 0, 4399
44, 1759, 200, 11, 4685
45, 1760, 200, 0, 4628
45, 1761, 200, 0, 4775
45, 1762, 200, 0, 4372
45, 1763, 200, 0, 4356
45, 1764, 200, 3, 4072
45, 1765, 200, 12, 4628
45, 1766, 200, 3, 3603
45, 1767, 200, 0, 4284
45, 1768, 200, 1, 4039
45, 1769, 200, 8, 4633
45, 1770, 200, 8, 3898
45, 1771, 200, 0, 4444
45, 1772, 200, 0, 3872
45, 1773, 200, 0, 3379
45, 1774, 200, 0, 4467
45, 1775, 200, 10, 4429
45, 1776, 200, 0, 4272
45, 1777, 200, 0, 4331
45, 1778, 200, 0, 3321
45, 1779, 200, 0, 3809
45, 1780, 200, 4, 4095
45, 1781, 200, 0, 4078
45, 1782, 200, 0, 4279
45, 1783, 200, 13, 4537
45, 1784, 200, 5, 4069
45, 1785, 200, 0, 4010
45, 1786, 200, 0, 4555
45, 1787, 200, 0, 2898
45, 1788, 200, 0, 4390
45, 1789, 200, 8, 4560
45, 1790, 200, 0, 4010
45, 1791, 200, 16, 3777
45, 1792, 200, 0, 4123
45, 1793, 200, 0, 4542
45, 1794, 200, 3, 4261
45, 1795, 200, 0, 4669
45, 1796, 200, 0, 3761
45, 1797, 200, 1, 4303
45, 1798, 200, 0, 4010
45, 1799, 200, 2, 4135
46, 1800, 200, 0, 3623
46, 1801, 200, 0, 4396
46, 1802, 200, 0, 3972
46, 1803, 200, 12, 3912
46, 1804, 200, 2, 4794
46, 1805, 200, 0, 4611
46, 1806, 200, 3, 4390
46, 1807, 200, 12, 4152
46, 1808, 200, 10, 4743
46, 1809, 200, 7, 4627
46, 1810, 200, 0, 5244
46, 1811, 200, 3, 5424
46, 1812, 200, 3, 4831
46, 1813, 200, 0, 5413
46, 1814, 200, 0, 4661
46, 1815, 200, 0, 4567
46, 1816, 200, 1, 5064
46, 1817, 200, 7, 4735
46, 1818, 200, 0, 3859
46, 1819, 200, 10, 4333
46, 1820, 200, 26, 4601
46, 1821, 200, 0, 4341
46, 1822, 200, 0, 4530
46, 1823, 200, 5, 4970
46, 1824, 200, 0, 4473
46, 1825, 200, 9, 4859
46, 1826, 200, 13, 4742
46, 1827, 200, 83, 4635
46, 1828, 200, 108, 4666
46, 1829, 200, 9, 4756
46, 1830, 200, 2, 4661
46, 1831, 200, 137, 4329
46, 1832, 200, 6, 4879
46, 1833, 200, 17, 4154
46, 1834, 200, 16, 4846
46, 1835, 200, 0, 4551
46, 1836, 200, 0, 4796
46, 1837, 200, 0, 4229
46, 1838, 200, 13, 4586
46, 1839, 200, 3, 4815
47, 1840, 200, 0, 4340
47, 1841, 200, 3, 5746
47, 1842, 200, 10, 4545
47, 1843, 200, 0, 5058
47, 1844, 200, 2, 4189
47, 1845, 200, 15, 4938
47, 1846, 200, 0, 4029
47, 1847, 200, 0, 4749
47, 1848, 200, 5, 4389
47, 1849, 200, 0, 4588
47, 1850, 200, 15, 4456
47, 1851, 200, 0, 4114
47, 1852, 200, 9, 4289
47, 1853, 200, 1, 4692
47, 1854, 200, 5, 3825
47, 1855, 200, 0, 5309
47, 1856, 200, 5, 4658
47, 1857, 200, 1, 4514
47, 1858, 200, 0, 4850
47, 1859, 200, 1, 4934
47, 1860, 200, 2, 4634
47, 1861, 200, 0, 4195
47, 1862, 200, 2, 4837
47, 1863, 200, 1, 3959
47, 1864, 200, 0, 5033
47, 1865, 200, 4, 4681
47, 1866, 200, 0, 4321
47, 1867, 200, 0, 4819
47, 1868, 200, 2, 4285
47, 1869, 200, 0, 4281
47, 1870, 200, 0, 4595
47, 1871, 200, 0, 5404
47, 1872, 200, 0, 5201
47, 1873, 200, 0, 4532
47, 1874, 200, 0, 4430
47, 1875, 200, 0, 4468
47, 1876, 200, 0, 4377
47, 1877, 200, 1, 4354
47, 1878, 200, 0, 4908
47, 1879, 200, 0, 4476
48, 1880, 200, 0, 5101
48, 1881, 200, 0, 4165
48, 1882, 200, 0, 4286
48, 1883, 200, 0, 5000
48, 1884, 200, 1, 4034
48, 1885, 200, 2, 4230
48, 1886, 200, 0, 4596
48, 1887, 200, 0, 4605
48, 1888, 200, 0, 4864
48, 1889, 200, 0, 4543
48, 1890, 200, 0, 4641
48, 1891, 200, 0, 4568
48, 1892, 200, 4, 4626
48, 1893, 200, 1, 4723
48, 1894, 200, 3, 4482
48, 1895, 200, 0, 4992
48, 1896, 200, 0, 4200
48, 1897, 200, 6, 4754
48, 1898, 200, 0, 4423
48, 1899, 200, 5, 5321
48, 1900, 200, 9, 4753
48, 1901, 200, 3, 3733
48, 1902, 200, 4, 4694
48, 1903, 200, 118, 5328
48, 1904, 200, 15, 4876
48, 1905, 200, 0, 4113
48, 1906, 200, 14, 4476
48, 1907, 200, 0, 4732
48, 1908, 200, 33, 5101
48, 1909, 200, 6, 4456
48, 1910, 200, 3, 4560
48, 1911, 200, 0, 4001
48, 1912, 200, 0, 4534
48, 1913, 200, 10, 4859
48, 1914, 200, 80, 4280
48, 1915, 200, 10, 4354
48, 1916, 200, 5, 4718
48, 1917, 200, 12, 4347
48, 1918, 200, 6, 4834
48, 1919, 200, 1, 4317
49, 1920, 200, 1, 5222
49, 1921, 200, 0, 4701
49, 1922, 200, 0, 4251
49, 1923, 200, 1, 4379
49, 1924, 200, 1, 4477
49, 1925, 200, 2, 5154
49, 1926, 200, 78, 4911
49, 1927, 200, 11, 4760
49, 1928, 200, 20, 5069
49, 1929, 200, 2, 4250
49, 1930, 200, 2, 4575
49, 1931, 200, 21, 5388
49, 1932, 200, 6, 4569
49, 1933, 200, 0, 4888
49, 1934, 200, 0, 4097
49, 1935, 200, 0, 4652
49, 1936, 200, 10, 4492
49, 1937, 200, 4, 4158
49, 1938, 200, 4, 4727
49, 1939, 200, 3, 4475
49, 1940, 200, 4, 4541
49, 1941, 200, 2, 4930
49, 1942, 200, 0, 4699
49, 1943, 200, 5, 5308
49, 1944, 200, 0, 4534
49, 1945, 200, 3, 4456
49, 1946, 200, 1, 4422
49, 1947, 200, 0, 4697
49, 1948, 200, 4, 4454
49, 1949, 200, 3, 4356
49, 1950, 200, 19, 4571
49, 1951, 200, 14, 4561
49, 1952, 200, 5, 4937
49, 1953, 200, 3, 4502
49, 1954, 200, 9, 5100
49, 1955, 200, 0, 4034
49, 1956, 200, 0, 4235
49, 1957, 200, 135, 5094
49, 1958, 200, 174, 4890
49, 1959, 200, 79, 5184
50, 1960, 200, 6, 4454
50, 1961, 200, 0, 4568
50, 1962, 200, 5, 4673
50, 1963, 200, 7, 4746
50, 1964, 200, 0, 4639
50, 1965, 200, 0, 4666
50, 1966, 200, 0, 4248
50, 1967, 200, 5, 4891
50, 1968, 200, 6, 4898
50, 1969, 200, 0, 5303
50, 1970, 200, 0, 4875
50, 1971, 200, 0, 4903
50, 1972, 200, 4, 4520
50, 1973, 200, 2, 4729
50, 1974, 200, 2, 3821
50, 1975, 200, 0, 4264
50, 1976, 200, 0, 4854
50, 1977, 200, 0, 4600
50, 1978, 200, 0, 4646
50, 1979, 200, 0, 4972
50, 1980, 200, 0, 4079
50, 1981, 200, 43, 4727
50, 1982, 200, 0, 4136
50, 1983, 200, 0, 4360
50, 1984, 200, 1, 5284
50, 1985, 200, 0, 4359
50, 1986, 200, 0, 4615
50, 1987, 200, 2, 4861
50, 1988, 200, 0, 4887
50, 1989, 200, 0, 5111
50, 1990, 200, 1, 4535
50, 1991, 200, 1, 4084
50, 1992, 200, 0, 5098
50, 1993, 200, 15, 4552
50, 1994, 200, 2, 4756
50, 1995, 200, 9, 4603
50, 1996, 200, 0, 4005
50, 1997, 200, 0, 4348
50, 1998, 200, 0, 4476
50, 1999, 200, 4, 4229
51, 2000, 200, 4, 4719
51, 2001, 200, 15, 4741
51, 2002, 200, 0, 4964
51, 2003, 200, 0, 4894
51, 2004, 200, 0, 4774
51, 2005, 200, 0, 5482
51, 2006, 200, 0, 4276
51, 2007, 200, 27, 4654
51, 2008, 200, 5, 4803
51, 2009, 200, 0, 4625
51, 2010, 200, 1, 4335
51, 2011, 200, 4, 4607
51, 2012, 200, 0, 5108
51, 2013, 200, 0, 4224
51, 2014, 200, 7, 4444
51, 2015, 200, 0, 4456
51, 2016, 200, 0, 4126
51, 2017, 200, 5, 5379
51, 2018, 200, 2, 4762
51, 2019, 200, 3, 4972
51, 2020, 200, 62, 4661
51, 2021, 200, 20, 4254
51, 2022, 200, 4, 5303
51, 2023, 200, 0, 4553
51, 2024, 200, 0, 4673
51, 2025, 200, 0, 4559
51, 2026, 200, 0, 4262
51, 2027, 200, 0, 5234
51, 2028, 200, 0, 4303
51, 2029, 200, 0, 5367
51, 2030, 200, 1, 4218
51, 2031, 200, 1, 4913
51, 2032, 200, 0, 5261
51, 2033, 200, 0, 4962
51, 2034, 200, 0, 4561
51, 2035, 200, 0, 5190
51, 2036, 200, 0, 5196
51, 2037, 200, 0, 4392
51, 2038, 200, 4, 5437
51, 2039, 200, 0, 4866
52, 2040, 200, 1, 4480
52, 2041, 200, 0, 3983
52, 2042, 200, 0, 5114
52, 2043, 200, 0, 4362
52, 2044, 200, 20, 4939
52, 2045, 200, 5, 4845
52, 2046, 200, 0, 4509
52, 2047, 200, 0, 4295
52, 2048, 200, 0, 5050
52, 2049, 200, 0, 4397
52, 2050, 200, 0, 4846
52, 2051, 200, 0, 3965
52, 2052, 200, 1, 4848
52, 2053, 200, 0, 4852
52, 2054, 200, 1, 4247
52, 2055, 200, 0, 5299
52, 2056, 200, 0, 4689
52, 2057, 200, 0, 4978
52, 2058, 200, 0, 4656
52, 2059, 200, 0, 3979
52, 2060, 200, 0, 5137
52, 2061, 200, 0, 4515
52, 2062, 200, 9, 5044
52, 2063, 200, 4, 4966
52, 2064, 200, 0, 4468
52, 2065, 200, 3, 4772
52, 2066, 200, 15, 4625
52, 2067, 200, 0, 5321
52, 2068, 200, 58, 5153
52, 2069, 200, 0, 4772
52, 2070, 200, 0, 4826
52, 2071, 200, 26, 4839
52, 2072, 200, 5, 4175
52, 2073, 200, 12, 5034
52, 2074, 200, 11, 5233
52, 2075, 200, 1, 4554
52, 2076, 200, 5, 4355
52, 2077, 200, 10, 4545
52, 2078, 200, 3, 4581
52, 2079, 200, 0, 5129
53, 2080, 200, 53, 4425
53, 2081, 200, 2, 4036
53, 2082, 200, 6, 5044
53, 2083, 200, 0, 4991
53, 2084, 200, 1, 4925
53, 2085, 200, 3, 4631
53, 2086, 200, 16, 4748
53, 2087, 200, 0, 4256
53, 2088, 200, 0, 4549
53, 2089, 200, 0, 4727
53, 2090, 200, 13, 4853
53, 2091, 200, 4, 5483
53, 2092, 200, 1, 4544
53, 2093, 200, 0, 3959
53, 2094, 200, 4, 5153
53, 2095, 200, 0, 4386
53, 2096, 200, 0, 4251
53, 2097, 200, 8, 4381
53, 2098, 200, 0, 4407
53, 2099, 200, 1, 4485
53, 2100, 200, 0, 5189
53, 2101, 200, 0, 4426
53, 2102, 200, 37, 5122
53, 2103, 200, 114, 4557
53, 2104, 200, 4, 4518
53, 2105, 200, 68, 4840
53, 2106, 200, 15, 4325
53, 2107, 200, 47, 4814
53, 2108, 200, 0, 4708
53, 2109, 200, 16, 4515
53, 2110, 200, 9, 4374
53, 2111, 200, 23, 4443
53, 2112, 200, 93, 4450
53, 2113, 200, 110, 4749
53, 2114, 200, 10, 5015
53, 2115, 200, 16, 5059
53, 2116, 200, 3, 4607
53, 2117, 200, 0, 5212
53, 2118, 200, 3, 4213
53, 2119, 200, 97, 4390
54, 2120, 200, 1, 4414
54, 2121, 200, 34, 4989
54, 2122, 200, 35, 5094
54, 2123, 200, 7, 4787
54, 2124, 200, 51, 4328
54, 2125, 200, 160, 4643
54, 2126, 200, 28, 4699
54, 2127, 200, 10, 4926
54, 2128, 200, 24, 4823
54, 2129, 200, 53, 4668
54, 2130, 200, 108, 4576
54, 2131, 200, 109, 4745
54, 2132, 200, 244, 4357
54, 2133, 200, 11, 4808
54, 2134, 200, 0, 4864
54, 2135, 200, 0, 4812
54, 2136, 200, 1, 5076
54, 2137, 200, 18, 4418
54, 2138, 200, 40, 4660
54, 2139, 200, 13, 4568
54, 2140, 200, 8, 4239
54, 2141, 200, 28, 4160
54, 2142, 200, 5, 4532
54, 2143, 200, 17, 4774
54, 2144, 200, 71, 5230
54, 2145, 200, 4, 4986
54, 2146, 200, 76, 4728
54, 2147, 200, 145, 4482
54, 2148, 200, 199, 4243
54, 2149, 200, 77, 4622
54, 2150, 200, 85, 4406
54, 2151, 200, 136, 4191
54, 2152, 200, 199, 5494
54, 2153, 200, 94, 4402
54, 2154, 200, 93, 4623
54, 2155, 200, 197, 4298
54, 2156, 200, 193, 4562
54, 2157, 200, 39, 5026
54, 2158, 200, 237, 4294
54, 2159, 200, 86, 4972
55, 2160, 200, 132, 4891
55, 2161, 200, 145, 4636
55, 2162, 200, 10, 4856
55, 2163, 200, 4, 4446
55, 2164, 200, 0, 4803
55, 2165, 200, 59, 4597
55, 2166, 200, 45, 4897
55, 2167, 200, 62, 4912
55, 2168, 200, 50, 4122
55, 2169, 200, 19, 4581
55, 2170, 200, 0, 4707
55, 2171, 200, 28, 4408
55, 2172, 200, 21, 4946
55, 2173, 200, 0, 4043
55, 2174, 200, 24, 4721
55, 2175, 200, 50, 5100
55, 2176, 200, 64, 4420
55, 2177, 200, 74, 4443
55, 2178, 200, 155, 4528
55, 2179, 200, 71, 4423
55, 2180, 200, 34, 4857
55, 2181, 200, 133, 4744
55, 2182, 200, 7, 4932
55, 2183, 200, 36, 4907
55, 2184, 200, 116, 5014
55, 2185, 200, 67, 4760
55, 2186, 200, 104, 5012
55, 2187, 200, 132, 4489
55, 2188, 200, 253, 4918
55, 2189, 200, 154, 4615
55, 2190, 200, 0, 4042
55, 2191, 200, 0, 5399
55, 2192, 200, 27, 4645
55, 2193, 200, 37, 4264
55, 2194, 200, 24, 4198
55, 2195, 200, 40, 3830
55, 2196, 200, 41, 4574
55, 2197, 200, 50, 4824
55, 2198, 200, 31, 4532
55, 2199, 200, 22, 4317
56, 2200, 200, 16, 5108
56, 2201, 200, 16, 4922
56, 2202, 200, 65, 4503
56, 2203, 200, 108, 4691
56, 2204, 200, 35, 4967
56, 2205, 200, 45, 4906
56, 2206, 200, 87, 4843
56, 2207, 200, 164, 4743
56, 2208, 200, 95, 4926
56, 2209, 200, 78, 4571
56, 2210, 200, 229, 4912
56, 2211, 200, 172, 4801
56, 2212, 200, 185, 4447
56, 2213, 200, 24, 4852
56, 2214, 200, 54, 4720
56, 2215, 200, 19, 4525
56, 2216, 200, 16, 4582
56, 2217, 200, 2, 5051
56, 2218, 200, 3, 5302
56, 2219, 200, 7, 5140
56, 2220, 200, 0, 4423
56, 2221, 200, 3, 4978
56, 2222, 200, 30, 3933
56, 2223, 200, 23, 4363
56, 2224, 200, 112, 4429
56, 2225, 200, 0, 4494
56, 2226, 200, 7, 4628
56, 2227, 200, 12, 4663
56, 2228, 200, 71, 4577
56, 2229, 200, 20, 4615
56, 2230, 200, 227, 4174
56, 2231, 200, 156, 4496
56, 2232, 200, 58, 4445
56, 2233, 200, 29, 4482
56, 2234, 200, 0, 5013
56, 2235, 200, 131, 4220
56, 2236, 200, 140, 4702
56, 2237, 200, 165, 4472
56, 2238, 200, 237, 4870
56, 2239, 200, 118, 4403
57, 2240, 200, 55, 4813
57, 2241, 200, 128, 4707
57, 2242, 200, 178, 4622
57, 2243, 200, 30, 4728
57, 2244, 200, 11, 4900
57, 2245, 200, 8, 5370
57, 2246, 200, 147, 4863
57, 2247, 200, 42, 4772
57, 2248, 200, 9, 4811
57, 2249, 200, 9, 3938
57, 2250, 200, 0, 4489
57, 2251, 200, 42, 4743
57, 2252, 200, 0, 4645
57, 2253, 200, 33, 4926
57, 2254, 200, 62, 5170
57, 2255, 200, 106, 4865
57, 2256, 200, 23, 4911
57, 2257, 200, 25, 4727
57, 2258, 200, 35, 4587
57, 2259, 200, 154, 5213
57, 2260, 200, 40, 5238
57, 2261, 200, 76, 4525
57, 2262, 200, 121, 4746
57, 2263, 200, 142, 4380
57, 2264, 200, 190, 4782
57, 2265, 200, 256, 4742
57, 2266, 200, 49, 4632
57, 2267, 200, 45, 4259
57, 2268, 200, 91, 5150
57, 2269, 200, 121, 4755
57, 2270, 200, 17, 4461
57, 2271, 200, 0, 4998
57, 2272, 200, 0, 4670
57, 2273, 200, 62, 4354
57, 2274, 200, 39, 4232
57, 2275, 200, 44, 4599
57, 2276, 200, 7, 4463
57, 2277, 200, 16, 4640
57, 2278, 200, 52, 4642
57, 2279, 200, 59, 4549
58, 2280, 200, 59, 4701
58, 2281, 200, 111, 4531
58, 2282, 200, 129, 4988
58, 2283, 200, 53, 4961
58, 2284, 200, 129, 4630
58, 2285, 200, 39, 4945
58, 2286, 200, 22, 4358
58, 2287, 200, 0, 5320
58, 2288, 200, 60, 5006
58, 2289, 200, 126, 4849
58, 2290, 200, 42, 4046
58, 2291, 200, 30, 4244
58, 2292, 200, 1, 5288
58, 2293, 200, 0, 5289
58, 2294, 200, 0, 4518
58, 2295, 200, 0, 4253
58, 2296, 200, 22, 4711
58, 2297, 200, 29, 4978
58, 2298, 200, 19, 5343
58, 2299, 200, 9, 4692
58, 2300, 200, 45, 3962
58, 2301, 200, 31, 4509
58, 2302, 200, 1, 4527
58, 2303, 200, 20, 4972
58, 2304, 200, 6, 4172
58, 2305, 200, 2, 4426
58, 2306, 200, 0, 4932
58, 2307, 200, 0, 4395
58, 2308, 200, 0, 4722
58, 2309, 200, 141, 4679
58, 2310, 200, 122, 4617
58, 2311, 200, 171, 4434
58, 2312, 200, 29, 4656
58, 2313, 200, 82, 4840
58, 2314, 200, 227, 4361
58, 2315, 200, 77, 4646
58, 2316, 200, 254, 4433
58, 2317, 200, 131, 5180
58, 2318, 200, 74, 4528
58, 2319, 200, 57, 4839
59, 2320, 200, 111, 4878
59, 2321, 200, 104, 4354
59, 2322, 200, 126, 4832
59, 2323, 200, 24, 4793
59, 2324, 200, 10, 4341
59, 2325, 200, 6, 4924
59, 2326, 200, 68, 3912
59, 2327, 200, 51, 4961
59, 2328, 200, 57, 4756
59, 2329, 200, 0, 4098
59, 2330, 200, 11, 4431
59, 2331, 200, 141, 5259
59, 2332, 200, 10, 3899
59, 2333, 200, 69, 3971
59, 2334, 200, 10, 4988
59, 2335, 200, 13, 5329
59, 2336, 200, 118, 4896
59, 2337, 200, 75, 4202
59, 2338, 200, 89, 4924
59, 2339, 200, 12, 4507
59, 2340, 200, 30, 4497
59, 2341, 200, 107, 4319
59, 2342, 200, 57, 4312
59, 2343, 200, 23, 4287
59, 2344, 200, 76, 4327
59, 2345, 200, 66, 4274
59, 2346, 200, 103, 4120
59, 2347, 200, 253, 5234
59, 2348, 200, 133, 4747
59, 2349, 200, 28, 5077
59, 2350, 200, 252, 4150
59, 2351, 200, 150, 4604
59, 2352, 200, 62, 4872
59, 2353, 200, 1, 4686
59, 2354, 200, 0, 4885
59, 2355, 200, 3, 4160
59, 2356, 200, 58, 4858
59, 2357, 200, 12, 4937
59, 2358, 200, 1, 5084
59, 2359, 200, 12, 4861
60, 2360, 200, 43, 4452
60, 2361, 200, 54, 3937
60, 2362, 200, 76, 4741
60, 2363, 200, 235, 4762
60, 2364, 200, 197, 4210
60, 2365, 200, 243, 4400
60, 2366, 200, 89, 5021
60, 2367, 200, 205, 4520
60, 2368, 200, 78, 4319
60, 2369, 200, 91, 4898
60, 2370, 200, 130, 4921
60, 2371, 200, 83, 5331
60, 2372, 200, 204, 4826
60, 2373, 200, 23, 4632
60, 2374, 200, 116, 3843
60, 2375, 200, 35, 4546
60, 2376, 200, 30, 4476
60, 2377, 200, 69, 5071
60, 2378, 200, 272, 4571
60, 2379, 200, 186, 4517
60, 2380, 200, 78, 4919
60, 2381, 200, 286, 4526
60, 2382, 200, 92, 4108
60, 2383, 200, 101, 4426
60, 2384, 200, 92, 4680
60, 2385, 200, 15, 5579
60, 2386, 200, 5, 4238
60, 2387, 200, 45, 5482
60, 2388, 200, 86, 4292
60, 2389, 200, 77, 4799
60, 2390, 200, 74, 4904
60, 2391, 200, 57, 3950
60, 2392, 200, 369, 4843
60, 2393, 200, 197, 4368
60, 2394, 200, 55, 4304
60, 2395, 200, 14, 5252
60, 2396, 200, 41, 5006
60, 2397, 200, 107, 4538
60, 2398, 200, 125, 4580
60, 2399, 200, 71, 4799
61, 2400, 200, 72, 4448
61, 2401, 200, 63, 4220
61, 2402, 200, 143, 5047
61, 2403, 200, 86, 4943
61, 2404, 200, 114, 5144
61, 2405, 200, 337, 3771
61, 2406, 200, 74, 4142
61, 2407, 200, 23, 3920
61, 2408, 200, 39, 4965
61, 2409, 200, 48, 4495
61, 2410, 200, 44, 5082
61, 2411, 200, 59, 4976
61, 2412, 200, 253, 4788
61, 2413, 200, 151, 4347
61, 2414, 200, 145, 4467
61, 2415, 200, 165, 4838
61, 2416, 200, 91, 5085
61, 2417, 200, 101, 4872
61, 2418, 200, 122, 4524
61, 2419, 200, 214, 4953
61, 2420, 200, 165, 4764
61, 2421, 200, 182, 4637
61, 2422, 200, 190, 5196
61, 2423, 200, 161, 4710
61, 2424, 200, 166, 4768
61, 2425, 200, 164, 5015
61, 2426, 200, 54, 5191
61, 2427, 200, 8, 5178
61, 2428, 200, 20, 4929
61, 2429, 200, 3, 4976
61, 2430, 200, 8, 4604
61, 2431, 200, 14, 4351
61, 2432, 200, 7, 4276
61, 2433, 200, 4, 4714
61, 2434, 200, 1, 4246
61, 2435, 200, 2, 4195
61, 2436, 200, 93, 4403
61, 2437, 200, 131, 4215
61, 2438, 200, 81, 4967
61, 2439, 200, 224, 5357
62, 2440, 200, 67, 5177
62, 2441, 200, 130, 5179
62, 2442, 200, 209, 3888
62, 2443, 200, 193, 4628
62, 2444, 200, 126, 5254
62, 2445, 200, 62, 4608
62, 2446, 200, 166, 4230
62, 2447, 200, 309, 4434
62, 2448, 200, 63, 4279
62, 2449, 200, 259, 4883
62, 2450, 200, 34, 4840
62, 2451, 200, 62, 5118
62, 2452, 200, 12, 4546
62, 2453, 200, 119, 3885
62, 2454, 200, 37, 5145
62, 2455, 200, 22, 4156
62, 2456, 200, 146, 4275
62, 2457, 200, 154, 4874
62, 2458, 200, 97, 4869
62, 2459, 200, 0, 5071
62, 2460, 200, 0, 4753
62, 2461, 200, 3, 4645
62, 2462, 200, 23, 4767
62, 2463, 200, 0, 4093
62, 2464, 200, 56, 5044
62, 2465, 200, 103, 4894
62, 2466, 200, 52, 4641
62, 2467, 200, 60, 4759
62, 2468, 200, 176, 4499
62, 2469, 200, 67, 5040
62, 2470, 200, 34, 4388
62, 2471, 200, 436, 4468
62, 2472, 200, 351, 4062
62, 2473, 200, 91, 5249
62, 2474, 200, 358, 4721
62, 2475, 200, 175, 5401
62, 2476, 200, 261, 5151
62, 2477, 200, 229, 4675
62, 2478, 200, 137, 4894
62, 2479, 200, 43, 4001
63, 2480, 200, 20, 5614
63, 2481, 200, 2, 4591
63, 2482, 200, 84, 4912
63, 2483, 200, 48, 3764
63, 2484, 200, 60, 4907
63, 2485, 200, 228, 4593
63, 2486, 200, 152, 4673
63, 2487, 200, 44, 4830
63, 2488, 200, 49, 4160
63, 2489, 200, 93, 4674
63, 2490, 200, 11, 4687
63, 2491, 200, 34, 4630
63, 2492, 200, 19, 4550
63, 2493, 200, 7, 4003
63, 2494, 200, 34, 4815
63, 2495, 200, 392, 4231
63, 2496, 200, 132, 5191
63, 2497, 200, 43, 5411
63, 2498, 200, 190, 4618
63, 2499, 200, 69, 4915
63, 2500, 200, 196, 4566
63, 2501, 200, 63, 4680
63, 2502, 200, 49, 4363
63, 2503, 200, 59, 4534
63, 2504, 200, 17, 4579
63, 2505, 200, 39, 5162
63, 2506, 200, 54, 4774
63, 2507, 200, 229, 5079
63, 2508, 200, 56, 4059
63, 2509, 200, 78, 4634
63, 2510, 200, 14, 4355
63, 2511, 200, 0, 4562
63, 2512, 200, 58, 4573
63, 2513, 200, 25, 4811
63, 2514, 200, 108, 5105
63, 2515, 200, 125, 4471
63, 2516, 200, 74, 5205
63, 2517, 200, 20, 4969
63, 2518, 200, 8, 4510
63, 2519, 200, 40, 4616
64, 2520, 200, 3, 5050
64, 2521, 200, 3, 5244
64, 2522, 200, 0, 5583
64, 2523, 200, 0, 4437
64, 2524, 200, 0, 4241
64, 2525, 200, 6, 5004
64, 2526, 200, 0, 4981
64, 2527, 200, 8, 5064
64, 2528, 200, 0, 4859
64, 2529, 200, 0, 5038
64, 2530, 200, 0, 4363
64, 2531, 200, 0, 5009
64, 2532, 200, 6, 5812
64, 2533, 200, 5, 4612
64, 2534, 200, 3, 4879
64, 2535, 200, 0, 4367
64, 2536, 200, 0, 4625
64, 2537, 200, 2, 4816
64, 2538, 200, 4, 4904
64, 2539, 200, 0, 5014
64, 2540, 200, 0, 4422
64, 2541, 200, 0, 5073
64, 2542, 200, 2, 4623
64, 2543, 200, 0, 4765
64, 2544, 200, 2, 5145
64, 2545, 200, 0, 4222
64, 2546, 200, 0, 4945
64, 2547, 200, 1, 4811
64, 2548, 200, 12, 4470
64, 2549, 200, 3, 4346
64, 2550, 200, 5, 4839
64, 2551, 200, 50, 4713
64, 2552, 200, 100, 4869
64, 2553, 200, 174, 4654
64, 2554, 200, 2, 5206
64, 2555, 200, 37, 5129
64, 2556, 200, 74, 4812
64, 2557, 200, 151, 4881
64, 2558, 200, 182, 5123
64, 2559, 200, 178, 4831
65, 2560, 200, 115, 3853
65, 2561, 200, 252, 4729
65, 2562, 200, 125, 4874
65, 2563, 200, 9, 5039
65, 2564, 200, 154, 4209
65, 2565, 200, 61, 5161
65, 2566, 200, 83, 5040
65, 2567, 200, 185, 4863
65, 2568, 200, 162, 4687
65, 2569, 200, 60, 4999
65, 2570, 200, 157, 4746
65, 2571, 200, 195, 5347
65, 2572, 200, 48, 4829
65, 2573, 200, 90, 4720
65, 2574, 200, 14, 5343
65, 2575, 200, 18, 4903
65, 2576, 200, 12, 4770
65, 2577, 200, 14, 4579
65, 2578, 200, 0, 5049
65, 2579, 200, 0, 4366
65, 2580, 200, 1, 4772
65, 2581, 200, 0, 4695
65, 2582, 200, 10, 4694
65, 2583, 200, 4, 4500
65, 2584, 200, 0, 5019
65, 2585, 200, 0, 4773
65, 2586, 200, 0, 4362
65, 2587, 200, 17, 4194
65, 2588, 200, 2, 5155
65, 2589, 200, 60, 4066
65, 2590, 200, 25, 4848
65, 2591, 200, 39, 4898
65, 2592, 200, 1, 5255
65, 2593, 200, 271, 4103
65, 2594, 200, 147, 4176
65, 2595, 200, 192, 4703
65, 2596, 200, 41, 4452
65, 2597, 200, 2, 4054
65, 2598, 200, 104, 4607
65, 2599, 200, 35, 4521
66, 2600, 200, 92, 4306
66, 2601, 200, 18, 5107
66, 2602, 200, 101, 4547
66, 2603, 200, 0, 5135
66, 2604, 200, 185, 4090
66, 2605, 200, 90, 4607
66, 2606, 200, 163, 4471
66, 2607, 200, 80, 4417
66, 2608, 200, 167, 4972
66, 2609, 200, 51, 4342
66, 2610, 200, 147, 5118
66, 2611, 200, 29, 4489
66, 2612, 200, 171, 4627
66, 2613, 200, 155, 4300
66, 2614, 200, 135, 4913
66, 2615, 200, 124, 4649
66, 2616, 200, 198, 4978
66, 2617, 200, 64, 4570
66, 2618, 200, 362, 5420
66, 2619, 200, 98, 4431
66, 2620, 200, 35, 4755
66, 2621, 200, 20, 4793
66, 2622, 200, 14, 4636
66, 2623, 200, 57, 4913
66, 2624, 200, 14, 5185
66, 2625, 200, 43, 4557
66, 2626, 200, 100, 4874
66, 2627, 200, 44, 4662
66, 2628, 200, 41, 3833
66, 2629, 200, 19, 4702
66, 2630, 200, 94, 4379
66, 2631, 200, 120, 4962
66, 2632, 200, 184, 5147
66, 2633, 200, 138, 5206
66, 2634, 200, 18, 4799
66, 2635, 200, 103, 4418
66, 2636, 200, 86, 4770
66, 2637, 200, 86, 4327
66, 2638, 200, 128, 5001
66, 2639, 200, 45, 4711
67, 2640, 200, 65, 4591
67, 2641, 200, 17, 5055
67, 2642, 200, 0, 5214
67, 2643, 200, 36, 4485
67, 2644, 200, 2, 3438
67, 2645, 200, 0, 4470
67, 2646, 200, 14, 4785
67, 2647, 200, 5, 5222
67, 2648, 200, 20, 4932
67, 2649, 200, 23, 4915
67, 2650, 200, 12, 4244
67, 2651, 200, 101, 4881
67, 2652, 200, 95, 4764
67, 2653, 200, 34, 5152
67, 2654, 200, 19, 4606
67, 2655, 200, 2, 4311
67, 2656, 200, 3, 5201
67, 2657, 200, 102, 4624
67, 2658, 200, 70, 4659
67, 2659, 200, 0, 4709
67, 2660, 200, 11, 5212
67, 2661, 200, 34, 4291
67, 2662, 200, 2, 4722
67, 2663, 200, 8, 4485
67, 2664, 200, 1, 4632
67, 2665, 200, 2, 4630
67, 2666, 200, 9, 3931
67, 2667, 200, 3, 3783
67, 2668, 200, 0, 4294
67, 2669, 200, 5, 4638
67, 2670, 200, 0, 4367
67, 2671, 200, 0, 4559
67, 2672, 200, 239, 4579
67, 2673, 200, 178, 4659
67, 2674, 200, 21, 5186
67, 2675, 200, 312, 4890
67, 2676, 200, 280, 4680
67, 2677, 200, 124, 4943
67, 2678, 200, 85, 4193
67, 2679, 200, 0, 4651
68, 2680, 200, 2, 4573
68, 2681, 200, 78, 4784
68, 2682, 200, 26, 4837
68, 2683, 200, 0, 4168
68, 2684, 200, 21, 5159
68, 2685, 200, 0, 4421
68, 2686, 200, 7, 4482
68, 2687, 200, 33, 5087
68, 2688, 200, 0, 3802
68, 2689, 200, 27, 5292
68, 2690, 200, 46, 4610
68, 2691, 200, 10, 5054
68, 2692, 200, 73, 4599
68, 2693, 200, 145, 5297
68, 2694, 200, 198, 4878
68, 2695, 200, 16, 4220
68, 2696, 200, 45, 4197
68, 2697, 200, 172, 5464
68, 2698, 200, 77, 5049
68, 2699, 200, 1, 4358
68, 2700, 200, 107, 5263
68, 2701, 200, 65, 4957
68, 2702, 200, 0, 4757
68, 2703, 200, 36, 4620
68, 2704, 200, 1, 4843
68, 2705, 200, 60, 4593
68, 2706, 200, 104, 5447
68, 2707, 200, 110, 4660
68, 2708, 200, 24, 4698
68, 2709, 200, 199, 4339
68, 2710, 200, 164, 4871
68, 2711, 200, 13, 4228
68, 2712, 200, 112, 4842
68, 2713, 200, 159, 5169
68, 2714, 200, 164, 5420
68, 2715, 200, 174, 4764
68, 2716, 200, 185, 5453
68, 2717, 200, 151, 5036
68, 2718, 200, 317, 4337
68, 2719, 200, 72, 5168
69, 2720, 200, 0, 4309
69, 2721, 200, 0, 5104
69, 2722, 200, 0, 5082
69, 2723, 200, 0, 4992
69, 2724, 200, 0, 4333
69, 2725, 200, 0, 4777
69, 2726, 200, 0, 4244
69, 2727, 200, 0, 4715
69, 2728, 200, 0, 4559
69, 2729, 200, 0, 4569
69, 2730, 200, 31, 4200
69, 2731, 200, 0, 5119
69, 2732, 200, 13, 5008
69, 2733, 200, 4, 4747
69, 2734, 200, 0, 4756
69, 2735, 200, 6, 4579
69, 2736, 200, 6, 4982
69, 2737, 200, 5, 4910
69, 2738, 200, 27, 4654
69, 2739, 200, 3, 5367
69, 2740, 200, 0, 4925
69, 2741, 200, 0, 4434
69, 2742, 200, 63, 4814
69, 2743, 200, 0, 3822
69, 2744, 200, 54, 4341
69, 2745, 200, 24, 3953
69, 2746, 200, 0, 4817
69, 2747, 200, 0, 3847
69, 2748, 200, 1, 4735
69, 2749, 200, 0, 4561
69, 2750, 200, 0, 4791
69, 2751, 200, 0, 4523
69, 2752, 200, 0, 5074
69, 2753, 200, 2, 4871
69, 2754, 200, 2, 5234
69, 2755, 200, 0, 4165
69, 2756, 200, 0, 4364
69, 2757, 200, 0, 4895
69, 2758, 200, 0, 4276
69, 2759, 200, 0, 4475
70, 2760, 200, 42, 4712
70, 2761, 200, 17, 5137
70, 2762, 200, 0, 5113
70, 2763, 200, 29, 4132
70, 2764, 200, 1, 4334
70, 2765, 200, 0, 5287
70, 2766, 200, 11, 4986
70, 2767, 200, 21, 4703
70, 2768, 200, 110, 4654
70, 2769, 200, 140, 4982
70, 2770, 200, 56, 4614
70, 2771, 200, 13, 4637
70, 2772, 200, 38, 5056
70, 2773, 200, 85, 5154
70, 2774, 200, 77, 5163
70, 2775, 200, 193, 4924
70, 2776, 200, 161, 4889
70, 2777, 200, 233, 5000
70, 2778, 200, 34, 5364
70, 2779, 200, 66, 5147
70, 2780, 200, 151, 4950
70, 2781, 200, 180, 4769
70, 2782, 200, 110, 4473
70, 2783, 200, 89, 4484
70, 2784, 200, 72, 4550
70, 2785, 200, 195, 4344
70, 2786, 200, 316, 4915
70, 2787, 200, 298, 5108
70, 2788, 200, 59, 5008
70, 2789, 200, 33, 5093
70, 2790, 200, 18, 4150
70, 2791, 200, 26, 5063
70, 2792, 200, 81, 4600
70, 2793, 200, 204, 4479
70, 2794, 200, 75, 4432
70, 2795, 200, 157, 5062
70, 2796, 200, 205, 4907
70, 2797, 200, 102, 4944
70, 2798, 200, 54, 4451
70, 2799, 200, 184, 5294
71, 2800, 200, 54, 5521
71, 2801, 200, 66, 4768
71, 2802, 200, 146, 4429
71, 2803, 200, 13, 4816
71, 2804, 200, 79, 5432
71, 2805, 200, 62, 5006
71, 2806, 200, 98, 4830
71, 2807, 200, 211, 5596
71, 2808, 200, 68, 4845
71, 2809, 200, 166, 4623
71, 2810, 200, 13, 4563
71, 2811, 200, 110, 5260
71, 2812, 200, 173, 4645
71, 2813, 200, 108, 5133
71, 2814, 200, 267, 4934
71, 2815, 200, 109, 4945
71, 2816, 200, 209, 4493
71, 2817, 200, 79, 4636
71, 2818, 200, 82, 4407
71, 2819, 200, 109, 4630
71, 2820, 200, 95, 4886
71, 2821, 200, 30, 4401
71, 2822, 200, 44, 5128
71, 2823, 200, 131, 4681
71, 2824, 200, 30, 4742
71, 2825, 200, 191, 4748
71, 2826, 200, 119, 4722
71, 2827, 200, 110, 5167
71, 2828, 200, 246, 5187
71, 2829, 200, 204, 5142
71, 2830, 200, 220, 5221
71, 2831, 200, 43, 4620
71, 2832, 200, 74, 4534
71, 2833, 200, 87, 5069
71, 2834, 200, 184, 4981
71, 2835, 200, 217, 5534
71, 2836, 200, 527, 4707
71, 2837, 200, 298, 4455
71, 2838, 200, 423, 4734
71, 2839, 200, 206, 4560
72, 2840, 200, 262, 4761
72, 2841, 200, 242, 4648
72, 2842, 200, 153, 4751
72, 2843, 200, 124, 5356
72, 2844, 200, 189, 5038
72, 2845, 200, 116, 4147
72, 2846, 200, 145, 5226
72, 2847, 200, 224, 4678
72, 2848, 200, 164, 4248
72, 2849, 200, 130, 5139
72, 2850, 200, 76, 4656
72, 2851, 200, 432, 4872
72, 2852, 200, 143, 4537
72, 2853, 200, 93, 5021
72, 2854, 200, 265, 4541
72, 2855, 200, 299, 5039
72, 2856, 200, 89, 4296
72, 2857, 200, 45, 4928
72, 2858, 200, 9, 4245
72, 2859, 200, 72, 4867
72, 2860, 200, 86, 4608
72, 2861, 200, 11, 5502
72, 2862, 200, 11, 4540
72, 2863, 200, 28, 5040
72, 2864, 200, 20, 4287
72, 2865, 200, 14, 5258
72, 2866, 200, 3, 4896
72, 2867, 200, 230, 4774
72, 2868, 200, 146, 4385
72, 2869, 200, 85, 4480
72, 2870, 200, 40, 4607
72, 2871, 200, 172, 4765
72, 2872, 200, 199, 4641
72, 2873, 200, 85, 4774
72, 2874, 200, 65, 4536
72, 2875, 200, 44, 5388
72, 2876, 200, 11, 4824
72, 2877, 200, 62, 4805
72, 2878, 200, 89, 5136
72, 2879, 200, 73, 4709
73, 2880, 200, 221, 4742
73, 2881, 200, 259, 4784
73, 2882, 200, 166, 4317
73, 2883, 200, 223, 4412
73, 2884, 200, 46, 4936
73, 2885, 200, 74, 4572
73, 2886, 200, 52, 4780
73, 2887, 200, 14, 4874
73, 2888, 200, 61, 5059
73, 2889, 200, 219, 5021
73, 2890, 200, 209, 5085
73, 2891, 200, 57, 4349
73, 2892, 200, 159, 5131
73, 2893, 200, 130, 5271
73, 2894, 200, 17, 4233
73, 2895, 200, 50, 5021
73, 2896, 200, 29, 4700
73, 2897, 200, 23, 4480
73, 2898, 200, 3, 5690
73, 2899, 200, 0, 4587
73, 2900, 200, 21, 4304
73, 2901, 200, 2, 5152
73, 2902, 200, 27, 4944
73, 2903, 200, 16, 4687
73, 2904, 200, 16, 5295
73, 2905, 200, 15, 4724
73, 2906, 200, 33, 4746
73, 2907, 200, 33, 4202
73, 2908, 200, 27, 4549
73, 2909, 200, 11, 4560
73, 2910, 200, 90, 4922
73, 2911, 200, 148, 4465
73, 2912, 200, 139, 5433
73, 2913, 200, 100, 4763
73, 2914, 200, 143, 4039
73, 2915, 200, 75, 4395
73, 2916, 200, 276, 4464
73, 2917, 200, 241, 3915
73, 2918, 200, 206, 4122
73, 2919, 200, 94, 4693
74, 2920, 200, 436, 4206
74, 2921, 200, 182, 4180
74, 2922, 200, 111, 4770
74, 2923, 200, 0, 4296
74, 2924, 200, 20, 4903
74, 2925, 200, 1, 4469
74, 2926, 200, 27, 4567
74, 2927, 200, 48, 5138
74, 2928, 200, 79, 4813
74, 2929, 200, 72, 4860
74, 2930, 200, 32, 4970
74, 2931, 200, 43, 4409
74, 2932, 200, 20, 4685
74, 2933, 200, 7, 4942
74, 2934, 200, 12, 4857
74, 2935, 200, 21, 4176
74, 2936, 200, 30, 4844
74, 2937, 200, 11, 4740
74, 2938, 200, 10, 4929
74, 2939, 200, 94, 5201
74, 2940, 200, 246, 4968
74, 2941, 200, 193, 5112
74, 2942, 200, 140, 4671
74, 2943, 200, 315, 5118
74, 2944, 200, 250, 5229
74, 2945, 200, 23, 4983
74, 2946, 200, 228, 5234
74, 2947, 200, 205, 4331
74, 2948, 200, 273, 4306
74, 2949, 200, 15, 4520
74, 2950, 200, 16, 4969
74, 2951, 200, 20, 5023
74, 2952, 200, 1, 3826
74, 2953, 200, 298, 4732
74, 2954, 200, 45, 5471
74, 2955, 200, 14, 5570
74, 2956, 200, 68, 5209
74, 2957, 200, 41, 4729
74, 2958, 200, 2, 5143
74, 2959, 200, 39, 4557
75, 2960, 200, 33, 5384
75, 2961, 200, 43, 4440
75, 2962, 200, 78, 5068
75, 2963, 200, 79, 5000
75, 2964, 200, 8, 4599
75, 2965, 200, 219, 5076
75, 2966, 200, 233, 5137
75, 2967, 200, 214, 4513
75, 2968, 200, 23, 4350
75, 2969, 200, 125, 4944
75, 2970, 200, 219, 4661
75, 2971, 200, 76, 5358
75, 2972, 200, 159, 4516
75, 2973, 200, 172, 5656
75, 2974, 200, 0, 4628
75, 2975, 200, 20, 4503
75, 2976, 200, 45, 4654
75, 2977, 200, 69, 5025
75, 2978, 200, 175, 5313
75, 2979, 200, 147, 4670
75, 2980, 200, 220, 4790
75, 2981, 200, 98, 5772
75, 2982, 200, 97, 4939
75, 2983, 200, 161, 4902
75, 2984, 200, 70, 4778
75, 2985, 200, 154, 5169
75, 2986, 200, 225, 4670
75, 2987, 200, 290, 4926
75, 2988, 200, 40, 4579
75, 2989, 200, 37, 5058
75, 2990, 200, 53, 4721
75, 2991, 200, 11, 4185
75, 2992, 200, 0, 4682
75, 2993, 200, 62, 5159
75, 2994, 200, 3, 4951
75, 2995, 200, 94, 4933
75, 2996, 200, 162, 4393
75, 2997, 200, 26, 4674
75, 2998, 200, 87, 4522
75, 2999, 200, 130, 4944
76, 3000, 200, 120, 4276
76, 3001, 200, 189, 5213
76, 3002, 200, 145, 4591
76, 3003, 200, 152, 4763
76, 3004, 200, 216, 4536
76, 3005, 200, 87, 4532
76, 3006, 200, 107, 4624
76, 3007, 200, 187, 4442
76, 3008, 200, 149, 4792
76, 3009, 200, 80, 5259
76, 3010, 200, 34, 5024
76, 3011, 200, 115, 4492
76, 3012, 200, 45, 4126
76, 3013, 200, 70, 5063
76, 3014, 200, 40, 4570
76, 3015, 200, 151, 4999
76, 3016, 200, 79, 5338
76, 3017, 200, 85, 5356
76, 3018, 200, 265, 5072
76, 3019, 200, 340, 4346
76, 3020, 200, 267, 4589
76, 3021, 200, 182, 4586
76, 3022, 200, 182, 4941
76, 3023, 200, 139, 4065
76, 3024, 200, 66, 4510
76, 3025, 200, 136, 5411
76, 3026, 200, 18, 4755
76, 3027, 200, 66, 4693
76, 3028, 200, 39, 4283
76, 3029, 200, 97, 4851
76, 3030, 200, 215, 4956
76, 3031, 200, 461, 4564
76, 3032, 200, 83, 4673
76, 3033, 200, 130, 5094
76, 3034, 200, 82, 4589
76, 3035, 200, 85, 5658
76, 3036, 200, 209, 4815
76, 3037, 200, 133, 5171
76, 3038, 200, 124, 5477
76, 3039, 200, 95, 5321
77, 3040, 200, 10, 4753
77, 3041, 200, 47, 6335
77, 3042, 200, 114, 5053
77, 3043, 200, 21, 4882
77, 3044, 200, 28, 4622
77, 3045, 200, 120, 4562
77, 3046, 200, 35, 4623
77, 3047, 200, 21, 5008
77, 3048, 200, 27, 5083
77, 3049, 200, 105, 5455
77, 3050, 200, 170, 4504
77, 3051, 200, 58, 4850
77, 3052, 200, 18, 4899
77, 3053, 200, 98, 4809
77, 3054, 200, 184, 4111
77, 3055, 200, 40, 4245
77, 3056, 200, 47, 5270
77, 3057, 200, 29, 4938
77, 3058, 200, 233, 5402
77, 3059, 200, 123, 5448
77, 3060, 200, 131, 5159
77, 3061, 200, 66, 4469
77, 3062, 200, 132, 4368
77, 3063, 200, 24, 4538
77, 3064, 200, 0, 5274
77, 3065, 200, 0, 4645
77, 3066, 200, 1, 5045
77, 3067, 200, 0, 5106
77, 3068, 200, 19, 5074
77, 3069, 200, 0, 4747
77, 3070, 200, 1, 4607
77, 3071, 200, 11, 5150
77, 3072, 200, 19, 4571
77, 3073, 200, 139, 4451
77, 3074, 200, 36, 4963
77, 3075, 200, 13, 3960
77, 3076, 200, 20, 4602
77, 3077, 200, 5, 4385
77, 3078, 200, 137, 4266
77, 3079, 200, 85, 4182
78, 3080, 200, 105, 4950
78, 3081, 200, 42, 4290
78, 3082, 200, 164, 4629
78, 3083, 200, 88, 5019
78, 3084, 200, 49, 4897
78, 3085, 200, 8, 5024
78, 3086, 200, 0, 4851
78, 3087, 200, 21, 4682
78, 3088, 200, 26, 4533
78, 3089, 200, 26, 4934
78, 3090, 200, 145, 4755
78, 3091, 200, 138, 4408
78, 3092, 200, 59, 4744
78, 3093, 200, 107, 4442
78, 3094, 200, 201, 5067
78, 3095, 200, 60, 5162
78, 3096, 200, 0, 5092
78, 3097, 200, 0, 5164
78, 3098, 200, 0, 4517
78, 3099, 200, 7, 5202
78, 3100, 200, 0, 4800
78, 3101, 200, 3, 4977
78, 3102, 200, 9, 3941
78, 3103, 200, 19, 4665
78, 3104, 200, 93, 4256
78, 3105, 200, 34, 4793
78, 3106, 200, 14, 5638
78, 3107, 200, 0, 4946
78, 3108, 200, 4, 4773
78, 3109, 200, 78, 5212
78, 3110, 200, 12, 4485
78, 3111, 200, 150, 4767
78, 3112, 200, 48, 4238
78, 3113, 200, 74, 4850
78, 3114, 200, 7, 4280
78, 3115, 200, 107, 5013
78, 3116, 200, 47, 5004
78, 3117, 200, 19, 4679
78, 3118, 200, 17, 5370
78, 3119, 200, 94, 4406
79, 3120, 200, 44, 4450
79, 3121, 200, 8, 5641
79, 3122, 200, 21, 4550
79, 3123, 200, 5, 5484
79, 3124, 200, 36, 4999
79, 3125, 200, 24, 4594
79, 3126, 200, 111, 4845
79, 3127, 200, 10, 5294
79, 3128, 200, 152, 5458
79, 3129, 200, 157, 5286
79, 3130, 200, 155, 5014
79, 3131, 200, 116, 4920
79, 3132, 200, 45, 5005
79, 3133, 200, 11, 4902
79, 3134, 200, 47, 5427
79, 3135, 200, 94, 4759
79, 3136, 200, 5, 4792
79, 3137, 200, 47, 4975
79, 3138, 200, 82, 5183
79, 3139, 200, 79, 4703
79, 3140, 200, 47, 4825
79, 3141, 200, 56, 5304
79, 3142, 200, 102, 4543
79, 3143, 200, 474, 4498
79, 3144, 200, 298, 4733
79, 3145, 200, 57, 4367
79, 3146, 200, 0, 5056
79, 3147, 200, 0, 4307
79, 3148, 200, 0, 4328
79, 3149, 200, 0, 4852
79, 3150, 200, 0, 6031
79, 3151, 200, 0, 5195
79, 3152, 200, 0, 4769
79, 3153, 200, 3, 4938
79, 3154, 200, 0, 5342
79, 3155, 200, 0, 5316
79, 3156, 200, 0, 5648
79, 3157, 200, 0, 4923
79, 3158, 200, 45, 4233
79, 3159, 200, 16, 4826
80, 3160, 200, 0, 4717
80, 3161, 200, 0, 4903
80, 3162, 200, 0, 5379
80, 3163, 200, 0, 4687
80, 3164, 200, 38, 4916
80, 3165, 200, 0, 3928
80, 3166, 200, 2, 5395
80, 3167, 200, 0, 4662
80, 3168, 200, 2, 4756
80, 3169, 200, 0, 5071
80, 3170, 200, 0, 5077
80, 3171, 200, 16, 4977
80, 3172, 200, 7, 5013
80, 3173, 200, 10, 4559
80, 3174, 200, 19, 4787
80, 3175, 200, 29, 4460
80, 3176, 200, 31, 5531
80, 3177, 200, 46, 5150
80, 3178, 200, 230, 4822
80, 3179, 200, 84, 5024
80, 3180, 200, 9, 4179
80, 3181, 200, 89, 4535
80, 3182, 200, 116, 4299
80, 3183, 200, 157, 4544
80, 3184, 200, 131, 4993
80, 3185, 200, 6, 4829
80, 3186, 200, 1, 5252
80, 3187, 200, 0, 5124
80, 3188, 200, 0, 5283
80, 3189, 200, 2, 4920
80, 3190, 200, 53, 4908
80, 3191, 200, 40, 5015
80, 3192, 200, 27, 5140
80, 3193, 200, 51, 5142
80, 3194, 200, 6, 5171
80, 3195, 200, 109, 4962
80, 3196, 200, 86, 4791
80, 3197, 200, 0, 5192
80, 3198, 200, 72, 4606
80, 3199, 200, 158, 4713
81, 3200, 200, 89, 4852
81, 3201, 200, 111, 4842
81, 3202, 200, 85, 4353
81, 3203, 200, 152, 5257
81, 3204, 200, 238, 5174
81, 3205, 200, 110, 3946
81, 3206, 200, 91, 4679
81, 3207, 200, 2, 4867
81, 3208, 200, 34, 5368
81, 3209, 200, 41, 5011
81, 3210, 200, 1, 5097
81, 3211, 200, 62, 5362
81, 3212, 200, 0, 5051
81, 3213, 200, 19, 4455
81, 3214, 200, 40, 4783
81, 3215, 200, 0, 4986
81, 3216, 200, 1, 5145
81, 3217, 200, 11, 4412
81, 3218, 200, 0, 4763
81, 3219, 200, 8, 3815
81, 3220, 200, 8, 5129
81, 3221, 200, 70, 4920
81, 3222, 200, 77, 5368
81, 3223, 200, 57, 4956
81, 3224, 200, 59, 4703
81, 3225, 200, 0, 5376
81, 3226, 200, 17, 4597
81, 3227, 200, 111, 5151
81, 3228, 200, 7, 4649
81, 3229, 200, 0, 4953
81, 3230, 200, 0, 4638
81, 3231, 200, 78, 4543
81, 3232, 200, 8, 5106
81, 3233, 200, 108, 4892
81, 3234, 200, 68, 4964
81, 3235, 200, 7, 4722
81, 3236, 200, 38, 5425
81, 3237, 200, 82, 4549
81, 3238, 200, 65, 5128
81, 3239, 200, 23, 4486
82, 3240, 200, 4, 5035
82, 3241, 200, 96, 4958
82, 3242, 200, 10, 4520
82, 3243, 200, 19, 4430
82, 3244, 200, 20, 4243
82, 3245, 200, 22, 5320
82, 3246, 200, 61, 5696
82, 3247, 200, 61, 4954
82, 3248, 200, 17, 4804
82, 3249, 200, 91, 4251
82, 3250, 200, 137, 4898
82, 3251, 200, 119, 4967
82, 3252, 200, 89, 4581
82, 3253, 200, 171, 4475
82, 3254, 200, 6, 5127
82, 3255, 200, 39, 4841
82, 3256, 200, 0, 4430
82, 3257, 200, 0, 5033
82, 3258, 200, 28, 5112
82, 3259, 200, 73, 4391
82, 3260, 200, 78, 4485
82, 3261, 200, 10, 5831
82, 3262, 200, 244, 5706
82, 3263, 200, 27, 4786
82, 3264, 200, 90, 5826
82, 3265, 200, 147, 4523
82, 3266, 200, 92, 4874
82, 3267, 200, 159, 4639
82, 3268, 200, 102, 5021
82, 3269, 200, 120, 4762
82, 3270, 200, 0, 4500
82, 3271, 200, 0, 5202
82, 3272, 200, 0, 4564
82, 3273, 200, 0, 5301
82, 3274, 200, 3, 4837
82, 3275, 200, 0, 5505
82, 3276, 200, 0, 4478
82, 3277, 200, 0, 4837
82, 3278, 200, 0, 4488
82, 3279, 200, 0, 4555
83, 3280, 200, 0, 4354
83, 3281, 200, 0, 5300
83, 3282, 200, 0, 4905
83, 3283, 200, 0, 5088
83, 3284, 200, 0, 4900
83, 3285, 200, 0, 4501
83, 3286, 200, 3, 4971
83, 3287, 200, 0, 4400
83, 3288, 200, 0, 5213
83, 3289, 200, 4, 4910
83, 3290, 200, 0, 4795
83, 3291, 200, 3, 5019
83, 3292, 200, 0, 4571
83, 3293, 200, 0, 3838
83, 3294, 200, 0, 4533
83, 3295, 200, 0, 4610
83, 3296, 200, 1, 5001
83, 3297, 200, 5, 4390
83, 3298, 200, 56, 4340
83, 3299, 200, 19, 4560
83, 3300, 200, 0, 5264
83, 3301, 200, 0, 5326
83, 3302, 200, 0, 4705
83, 3303, 200, 0, 5245
83, 3304, 200, 2, 5010
83, 3305, 200, 0, 4870
83, 3306, 200, 0, 4443
83, 3307, 200, 0, 4970
83, 3308, 200, 0, 4741
83, 3309, 200, 0, 4541
83, 3310, 200, 0, 4617
83, 3311, 200, 10, 4605
83, 3312, 200, 7, 4982
83, 3313, 200, 0, 4842
83, 3314, 200, 1, 4954
83, 3315, 200, 8, 4481
83, 3316, 200, 0, 4500
83, 3317, 200, 1, 5001
83, 3318, 200, 5, 5500
83, 3319, 200, 0, 5371
84, 3320, 200, 0, 4367
84, 3321, 200, 5, 5078
84, 3322, 200, 0, 5530
84, 3323, 200, 0, 4473
84, 3324, 200, 1, 4686
84, 3325, 200, 9, 5077
84, 3326, 200, 3, 4977
84, 3327, 200, 86, 4540
84, 3328, 200, 21, 5217
84, 3329, 200, 1, 5196
84, 3330, 200, 5, 4660
84, 3331, 200, 0, 4742
84, 3332, 200, 0, 5513
84, 3333, 200, 0, 5039
84, 3334, 200, 2, 4820
84, 3335, 200, 0, 4811
84, 3336, 200, 0, 4453
84, 3337, 200, 0, 5134
84, 3338, 200, 0, 4953
84, 3339, 200, 0, 4925
84, 3340, 200, 0, 5013
84, 3341, 200, 0, 4470
84, 3342, 200, 0, 3994
84, 3343, 200, 0, 4689
84, 3344, 200, 0, 5533
84, 3345, 200, 15, 4833
84, 3346, 200, 3, 5080
84, 3347, 200, 6, 4884
84, 3348, 200, 0, 5157
84, 3349, 200, 0, 4586
84, 3350, 200, 0, 4428
84, 3351, 200, 0, 4462
84, 3352, 200, 2, 4919
84, 3353, 200, 1, 4801
84, 3354, 200, 0, 4982
84, 3355, 200, 1, 4352
84, 3356, 200, 0, 4669
84, 3357, 200, 0, 5179
84, 3358, 200, 0, 5084
84, 3359, 200, 0, 5033
85, 3360, 200, 0, 4653
85, 3361, 200, 0, 4577
85, 3362, 200, 0, 5270
85, 3363, 200, 1, 5138
85, 3364, 200, 6, 4744
85, 3365, 200, 2, 4857
85, 3366, 200, 4, 3950
85, 3367, 200, 95, 5340
85, 3368, 200, 16, 5215
85, 3369, 200, 6, 4613
85, 3370, 200, 5, 4817
85, 3371, 200, 3, 5432
85, 3372, 200, 27, 5697
85, 3373, 200, 9, 4447
85, 3374, 200, 99, 5256
85, 3375, 200, 22, 5232
85, 3376, 200, 55, 4947
85, 3377, 200, 54, 5016
85, 3378, 200, 67, 5124
85, 3379, 200, 47, 5378
85, 3380, 200, 119, 4920
85, 3381, 200, 139, 5060
85, 3382, 200, 153, 3969
85, 3383, 200, 154, 4947
85, 3384, 200, 28, 4566
85, 3385, 200, 33, 4609
85, 3386, 200, 95, 5215
85, 3387, 200, 87, 4093
85, 3388, 200, 60, 4767
85, 3389, 200, 36, 5236
85, 3390, 200, 0, 5383
85, 3391, 200, 0, 4642
85, 3392, 200, 24, 4605
85, 3393, 200, 52, 4774
85, 3394, 200, 87, 4652
85, 3395, 200, 104, 4852
85, 3396, 200, 193, 4241
85, 3397, 200, 113, 4836
85, 3398, 200, 149, 5194
85, 3399, 200, 122, 4875
86, 3400, 200, 148, 5331
86, 3401, 200, 97, 4936
86, 3402, 200, 32, 4533
86, 3403, 200, 21, 5034
86, 3404, 200, 6, 4794
86, 3405, 200, 185, 4861
86, 3406, 200, 230, 4952
86, 3407, 200, 52, 4275
86, 3408, 200, 5, 5153
86, 3409, 200, 0, 5067
86, 3410, 200, 0, 4258
86, 3411, 200, 0, 4933
86, 3412, 200, 0, 5290
86, 3413, 200, 0, 4698
86, 3414, 200, 0, 5059
86, 3415, 200, 0, 4287
86, 3416, 200, 0, 4763
86, 3417, 200, 9, 4863
86, 3418, 200, 13, 5119
86, 3419, 200, 33, 5368
86, 3420, 200, 2, 4782
86, 3421, 200, 2, 4662
86, 3422, 200, 44, 4845
86, 3423, 200, 0, 4823
86, 3424, 200, 5, 4693
86, 3425, 200, 16, 4986
86, 3426, 200, 1, 4835
86, 3427, 200, 0, 4818
86, 3428, 200, 31, 4223
86, 3429, 200, 15, 5482
86, 3430, 200, 42, 5110
86, 3431, 200, 65, 4604
86, 3432, 200, 74, 4675
86, 3433, 200, 28, 4704
86, 3434, 200, 38, 4578
86, 3435, 200, 193, 4845
86, 3436, 200, 120, 4701
86, 3437, 200, 24, 4903
86, 3438, 200, 19, 5196
86, 3439, 200, 140, 4657
87, 3440, 200, 42, 4402
87, 3441, 200, 83, 5362
87, 3442, 200, 178, 4933
87, 3443, 200, 184, 5020
87, 3444, 200, 18, 4496
87, 3445, 200, 115, 4774
87, 3446, 200, 54, 4643
87, 3447, 200, 196, 4950
87, 3448, 200, 188, 4529
87, 3449, 200, 31, 5350
87, 3450, 200, 217, 4999
87, 3451, 200, 82, 4829
87, 3452, 200, 36, 4633
87, 3453, 200, 64, 5018
87, 3454, 200, 143, 3926
87, 3455, 200, 223, 5212
87, 3456, 200, 76, 4602
87, 3457, 200, 291, 4974
87, 3458, 200, 207, 5042
87, 3459, 200, 121, 5346
87, 3460, 200, 94, 4901
87, 3461, 200, 38, 4805
87, 3462, 200, 48, 5079
87, 3463, 200, 38, 4946
87, 3464, 200, 0, 5090
87, 3465, 200, 100, 4996
87, 3466, 200, 104, 4731
87, 3467, 200, 84, 4876
87, 3468, 200, 140, 5150
87, 3469, 200, 0, 5043
87, 3470, 200, 45, 4684
87, 3471, 200, 74, 4485
87, 3472, 200, 241, 4305
87, 3473, 200, 45, 5179
87, 3474, 200, 97, 4156
87, 3475, 200, 85, 4425
87, 3476, 200, 155, 5111
87, 3477, 200, 171, 4497
87, 3478, 200, 59, 5379
87, 3479, 200, 112, 5266
88, 3480, 200, 65, 4922
88, 3481, 200, 224, 4239
88, 3482, 200, 98, 4778
88, 3483, 200, 102, 4592
88, 3484, 200, 46, 5226
88, 3485, 200, 24, 4363
88, 3486, 200, 254, 4493
88, 3487, 200, 164, 5270
88, 3488, 200, 120, 4318
88, 3489, 200, 198, 4705
88, 3490, 200, 242, 4558
88, 3491, 200, 83, 4885
88, 3492, 200, 105, 4790
88, 3493, 200, 43, 4644
88, 3494, 200, 105, 5197
88, 3495, 200, 75, 4777
88, 3496, 200, 109, 4770
88, 3497, 200, 14, 5641
88, 3498, 200, 0, 5004
88, 3499, 200, 0, 4903
88, 3500, 200, 27, 4073
88, 3501, 200, 106, 5167
88, 3502, 200, 59, 5244
88, 3503, 200, 1, 5029
88, 3504, 200, 147, 4206
88, 3505, 200, 108, 4805
88, 3506, 200, 139, 5110
88, 3507, 200, 90, 5449
88, 3508, 200, 215, 4841
88, 3509, 200, 0, 4837
88, 3510, 200, 102, 4818
88, 3511, 200, 75, 4749
88, 3512, 200, 62, 4985
88, 3513, 200, 86, 4842
88, 3514, 200, 209, 5280
88, 3515, 200, 175, 5161
88, 3516, 200, 77, 5250
88, 3517, 200, 50, 4945
88, 3518, 200, 95, 4778
88, 3519, 200, 0, 4601
89, 3520, 200, 24, 4504
89, 3521, 200, 208, 5046
89, 3522, 200, 124, 5324
89, 3523, 200, 159, 5105
89, 3524, 200, 146, 5074
89, 3525, 200, 84, 4904
89, 3526, 200, 181, 4573
89, 3527, 200, 10, 5535
89, 3528, 200, 19, 5526
89, 3529, 200, 79, 4706
89, 3530, 200, 179, 4769
89, 3531, 200, 177, 4876
89, 3532, 200, 52, 5021
89, 3533, 200, 37, 4850
89, 3534, 200, 14, 5144
89, 3535, 200, 44, 4973
89, 3536, 200, 177, 4426
89, 3537, 200, 148, 4871
89, 3538, 200, 11, 5433
89, 3539, 200, 9, 4701
89, 3540, 200, 35, 4146
89, 3541, 200, 33, 5256
89, 3542, 200, 3, 4875
89, 3543, 200, 16, 5260
89, 3544, 200, 3, 4568
89, 3545, 200, 5, 5386
89, 3546, 200, 89, 5032
89, 3547, 200, 251, 4969
89, 3548, 200, 119, 4657
89, 3549, 200, 10, 5241
89, 3550, 200, 37, 4786
89, 3551, 200, 244, 4824
89, 3552, 200, 26, 4978
89, 3553, 200, 24, 4790
89, 3554, 200, 21, 4187
89, 3555, 200, 74, 4980
89, 3556, 200, 93, 4730
89, 3557, 200, 59, 4686
89, 3558, 200, 39, 5108
89, 3559, 200, 233, 4779
90, 3560, 200, 148, 4637
90, 3561, 200, 16, 4394
90, 3562, 200, 12, 4404
90, 3563, 200, 8, 4250
90, 3564, 200, 11, 5178
90, 3565, 200, 12, 4497
90, 3566, 200, 10, 4816
90, 3567, 200, 34, 5515
90, 3568, 200, 46, 4481
90, 3569, 200, 93, 4519
90, 3570, 200, 118, 4727
90, 3571, 200, 140, 4913
90, 3572, 200, 111, 5438
90, 3573, 200, 0, 4516
90, 3574, 200, 0, 4124
90, 3575, 200, 0, 5000
90, 3576, 200, 0, 5141
90, 3577, 200, 0, 5527
90, 3578, 200, 0, 4591
90, 3579, 200, 46, 4306
90, 3580, 200, 0, 5575
90, 3581, 200, 39, 5074
90, 3582, 200, 3, 4847
90, 3583, 200, 4, 4627
90, 3584, 200, 16, 5035
90, 3585, 200, 3, 5092
90, 3586, 200, 156, 4431
90, 3587, 200, 273, 5317
90, 3588, 200, 36, 5211
90, 3589, 200, 59, 5736
90, 3590, 200, 0, 4892
90, 3591, 200, 27, 4135
90, 3592, 200, 60, 4697
90, 3593, 200, 147, 5007
90, 3594, 200, 92, 4674
90, 3595, 200, 202, 4426
90, 3596, 200, 57, 4771
90, 3597, 200, 82, 5276
90, 3598, 200, 133, 4942
90, 3599, 200, 18, 4808
91, 3600, 200, 49, 4601
91, 3601, 200, 46, 4818
91, 3602, 200, 232, 6161
91, 3603, 200, 24, 4559
91, 3604, 200, 165, 3974
91, 3605, 200, 73, 5514
91, 3606, 200, 271, 4553
91, 3607, 200, 121, 5040
91, 3608, 200, 105, 4817
91, 3609, 200, 28, 4224
91, 3610, 200, 10, 4906
91, 3611, 200, 0, 4661
91, 3612, 200, 45, 4513
91, 3613, 200, 0, 4917
91, 3614, 200, 191, 4684
91, 3615, 200, 140, 4353
91, 3616, 200, 173, 5638
91, 3617, 200, 33, 5263
91, 3618, 200, 36, 5732
91, 3619, 200, 43, 5070
91, 3620, 200, 39, 5067
91, 3621, 200, 1, 5308
91, 3622, 200, 1, 5169
91, 3623, 200, 30, 4597
91, 3624, 200, 30, 5080
91, 3625, 200, 7, 5136
91, 3626, 200, 103, 5019
91, 3627, 200, 78, 5435
91, 3628, 200, 77, 4051
91, 3629, 200, 87, 5141
91, 3630, 200, 147, 4603
91, 3631, 200, 266, 4841
91, 3632, 200, 113, 5095
91, 3633, 200, 20, 5312
91, 3634, 200, 115, 4978
91, 3635, 200, 248, 4523
91, 3636, 200, 120, 4638
91, 3637, 200, 32, 4859
91, 3638, 200, 43, 4514
91, 3639, 200, 13, 4313
92, 3640, 200, 4, 5480
92, 3641, 200, 16, 4878
92, 3642, 200, 31, 5266
92, 3643, 200, 66, 4851
92, 3644, 200, 139, 4610
92, 3645, 200, 170, 5182
92, 3646, 200, 160, 5082
92, 3647, 200, 201, 4705
92, 3648, 200, 170, 4799
92, 3649, 200, 169, 4360
92, 3650, 200, 174, 4521
92, 3651, 200, 163, 5071
92, 3652, 200, 101, 4573
92, 3653, 200, 136, 4730
92, 3654, 200, 160, 5079
92, 3655, 200, 135, 4464
92, 3656, 200, 67, 4674
92, 3657, 200, 38, 4746
92, 3658, 200, 312, 4561
92, 3659, 200, 194, 4966
92, 3660, 200, 140, 5126
92, 3661, 200, 253, 4528
92, 3662, 200, 96, 4795
92, 3663, 200, 28, 5077
92, 3664, 200, 18, 5094
92, 3665, 200, 47, 4713
92, 3666, 200, 65, 4528
92, 3667, 200, 77, 4798
92, 3668, 200, 173, 5144
92, 3669, 200, 113, 4607
92, 3670, 200, 84, 4825
92, 3671, 200, 37, 6048
92, 3672, 200, 36, 4756
92, 3673, 200, 8, 5201
92, 3674, 200, 60, 4836
92, 3675, 200, 39, 5141
92, 3676, 200, 153, 4924
92, 3677, 200, 269, 4583
92, 3678, 200, 146, 4852
92, 3679, 200, 280, 4622
93, 3680, 200, 150, 4797
93, 3681, 200, 11, 4427
93, 3682, 200, 24, 4591
93, 3683, 200, 14, 4909
93, 3684, 200, 40, 5612
93, 3685, 200, 26, 5215
93, 3686, 200, 123, 4972
93, 3687, 200, 152, 5217
93, 3688, 200, 218, 5541
93, 3689, 200, 132, 4493
93, 3690, 200, 205, 4415
93, 3691, 200, 77, 4555
93, 3692, 200, 19, 4254
93, 3693, 200, 25, 5179
93, 3694, 200, 138, 4842
93, 3695, 200, 136, 5058
93, 3696, 200, 45, 4649
93, 3697, 200, 53, 4668
93, 3698, 200, 67, 4970
93, 3699, 200, 36, 5403
93, 3700, 200, 19, 4715
93, 3701, 200, 120, 5129
93, 3702, 200, 76, 4891
93, 3703, 200, 239, 5281
93, 3704, 200, 226, 4235
93, 3705, 200, 128, 4260
93, 3706, 200, 13, 4617
93, 3707, 200, 101, 4811
93, 3708, 200, 92, 5191
93, 3709, 200, 207, 4996
93, 3710, 200, 176, 5210
93, 3711, 200, 177, 4945
93, 3712, 200, 165, 5422
93, 3713, 200, 7, 5262
93, 3714, 200, 139, 4587
93, 3715, 200, 66, 5414
93, 3716, 200, 91, 5015
93, 3717, 200, 140, 4676
93, 3718, 200, 9, 4617
93, 3719, 200, 21, 4681
94, 3720, 200, 23, 5502
94, 3721, 200, 0, 5281
94, 3722, 200, 0, 4769
94, 3723, 200, 10, 5124
94, 3724, 200, 33, 4328
94, 3725, 200, 38, 5186
94, 3726, 200, 71, 5043
94, 3727, 200, 126, 4284
94, 3728, 200, 80, 3908
94, 3729, 200, 68, 4807
94, 3730, 200, 80, 4916
94, 3731, 200, 72, 4966
94, 3732, 200, 92, 5196
94, 3733, 200, 91, 5108
94, 3734, 200, 83, 5090
94, 3735, 200, 96, 5035
94, 3736, 200, 32, 5497
94, 3737, 200, 189, 5600
94, 3738, 200, 133, 4522
94, 3739, 200, 101, 5778
94, 3740, 200, 3, 6022
94, 3741, 200, 304, 5290
94, 3742, 200, 128, 4334
94, 3743, 200, 244, 4207
94, 3744, 200, 196, 4842
94, 3745, 200, 233, 5158
94, 3746, 200, 130, 4822
94, 3747, 200, 269, 4612
94, 3748, 200, 216, 4850
94, 3749, 200, 303, 4506
94, 3750, 200, 174, 4734
94, 3751, 200, 283, 5449
94, 3752, 200, 289, 4563
94, 3753, 200, 228, 4051
94, 3754, 200, 92, 4053
94, 3755, 200, 26, 4812
94, 3756, 200, 18, 4705
94, 3757, 200, 110, 4539
94, 3758, 200, 103, 4414
94, 3759, 200, 58, 4897
95, 3760, 200, 116, 5063
95, 3761, 200, 38, 4650
95, 3762, 200, 15, 4892
95, 3763, 200, 126, 5446
95, 3764, 200, 16, 4746
95, 3765, 200, 121, 4707
95, 3766, 200, 63, 5088
95, 3767, 200, 35, 5182
95, 3768, 200, 120, 5213
95, 3769, 200, 105, 5040
95, 3770, 200, 132, 4342
95, 3771, 200, 109, 4367
95, 3772, 200, 210, 5025
95, 3773, 200, 198, 4832
95, 3774, 200, 55, 5770
95, 3775, 200, 236, 4698
95, 3776, 200, 180, 4955
95, 3777, 200, 125, 3957
95, 3778, 200, 97, 5165
95, 3779, 200, 92, 4928
95, 3780, 200, 15, 4704
95, 3781, 200, 22, 4647
95, 3782, 200, 202, 4833
95, 3783, 200, 52, 5105
95, 3784, 200, 279, 5329
95, 3785, 200, 201, 4907
95, 3786, 200, 169, 4273
95, 3787, 200, 119, 5757
95, 3788, 200, 0, 4585
95, 3789, 200, 27, 4284
95, 3790, 200, 0, 5162
95, 3791, 200, 0, 5138
95, 3792, 200, 0, 5654
95, 3793, 200, 0, 5574
95, 3794, 200, 9, 4774
95, 3795, 200, 0, 4744
95, 3796, 200, 0, 4880
95, 3797, 200, 0, 4864
95, 3798, 200, 0, 5168
95, 3799, 200, 23, 5076
96, 3800, 200, 0, 5531
96, 3801, 200, 4, 4232
96, 3802, 200, 0, 4860
96, 3803, 200, 22, 4938
96, 3804, 200, 46, 5520
96, 3805, 200, 30, 4768
96, 3806, 200, 20, 4922
96, 3807, 200, 29, 4156
96, 3808, 200, 51, 4816
96, 3809, 200, 18, 5049
96, 3810, 200, 10, 5601
96, 3811, 200, 14, 4832
96, 3812, 200, 103, 4596
96, 3813, 200, 43, 4584
96, 3814, 200, 52, 4619
96, 3815, 200, 101, 4336
96, 3816, 200, 123, 5492
96, 3817, 200, 37, 4779
96, 3818, 200, 36, 4587
96, 3819, 200, 43, 4824
96, 3820, 200, 213, 4788
96, 3821, 200, 135, 4770
96, 3822, 200, 192, 4666
96, 3823, 200, 119, 4368
96, 3824, 200, 19, 4883
96, 3825, 200, 50, 5114
96, 3826, 200, 34, 4721
96, 3827, 200, 33, 4884
96, 3828, 200, 0, 5147
96, 3829, 200, 13, 5270
96, 3830, 200, 11, 5249
96, 3831, 200, 18, 4636
96, 3832, 200, 0, 4088
96, 3833, 200, 234, 5702
96, 3834, 200, 29, 5438
96, 3835, 200, 93, 4815
96, 3836, 200, 20, 5141
96, 3837, 200, 69, 4880
96, 3838, 200, 192, 5130
96, 3839, 200, 105, 5388
97, 3840, 200, 32, 4925
97, 3841, 200, 204, 5080
97, 3842, 200, 80, 5164
97, 3843, 200, 109, 5187
97, 3844, 200, 0, 4734
97, 3845, 200, 41, 4402
97, 3846, 200, 0, 5251
97, 3847, 200, 45, 5421
97, 3848, 200, 76, 5394
97, 3849, 200, 0, 4645
97, 3850, 200, 18, 4986
97, 3851, 200, 0, 5297
97, 3852, 200, 0, 4869
97, 3853, 200, 0, 6189
97, 3854, 200, 0, 4856
97, 3855, 200, 1, 4791
97, 3856, 200, 0, 4329
97, 3857, 200, 0, 4928
97, 3858, 200, 0, 4739
97, 3859, 200, 0, 4536
97, 3860, 200, 4, 4848
97, 3861, 200, 0, 5254
97, 3862, 200, 3, 5380
97, 3863, 200, 1, 5144
97, 3864, 200, 33, 4466
97, 3865, 200, 0, 4972
97, 3866, 200, 0, 5018
97, 3867, 200, 0, 5564
97, 3868, 200, 0, 4992
97, 3869, 200, 0, 5007
97, 3870, 200, 3, 5634
97, 3871, 200, 69, 4879
97, 3872, 200, 0, 4659
97, 3873, 200, 16, 4847
97, 3874, 200, 11, 4943
97, 3875, 200, 19, 4750
97, 3876, 200, 0, 5106
97, 3877, 200, 0, 5099
97, 3878, 200, 0, 4599
97, 3879, 200, 0, 4730
98, 3880, 200, 0, 5367
98, 3881, 200, 0, 4791
98, 3882, 200, 6, 4237
98, 3883, 200, 11, 4686
98, 3884, 200, 0, 4531
98, 3885, 200, 0, 5139
98, 3886, 200, 0, 4631
98, 3887, 200, 0, 5687
98, 3888, 200, 6, 5243
98, 3889, 200, 4, 5063
98, 3890, 200, 28, 4813
98, 3891, 200, 0, 5718
98, 3892, 200, 9, 5169
98, 3893, 200, 4, 4979
98, 3894, 200, 6, 5236
98, 3895, 200, 14, 4988
98, 3896, 200, 5, 4955
98, 3897, 200, 0, 5015
98, 3898, 200, 0, 4831
98, 3899, 200, 0, 5302
98, 3900, 200, 0, 4809
98, 3901, 200, 0, 4855
98, 3902, 200, 0, 4534
98, 3903, 200, 2, 4092
98, 3904, 200, 0, 4959
98, 3905, 200, 0, 5013
98, 3906, 200, 0, 4730
98, 3907, 200, 2, 5296
98, 3908, 200, 0, 5354
98, 3909, 200, 0, 5150
98, 3910, 200, 0, 5203
98, 3911, 200, 0, 5037
98, 3912, 200, 9, 4548
98, 3913, 200, 2, 4450
98, 3914, 200, 23, 4751
98, 3915, 200, 0, 4601
98, 3916, 200, 11, 3935
98, 3917, 200, 20, 5373
98, 3918, 200, 1, 4368
98, 3919, 200, 18, 4775
99, 3920, 200, 2, 4414
99, 3921, 200, 0, 5016
99, 3922, 200, 0, 5269
99, 3923, 200, 0, 5343
99, 3924, 200, 0, 5759
99, 3925, 200, 4, 4402
99, 3926, 200, 1, 4804
99, 3927, 200, 91, 4883
99, 3928, 200, 17, 4949
99, 3929, 200, 153, 5460
99, 3930, 200, 93, 4491
99, 3931, 200, 141, 5126
99, 3932, 200, 208, 4689
99, 3933, 200, 26, 5246
99, 3934, 200, 1, 5438
99, 3935, 200, 44, 4987
99, 3936, 200, 77, 5069
99, 3937, 200, 31, 5027
99, 3938, 200, 0, 5185
99, 3939, 200, 0, 5529
99, 3940, 200, 6, 5089
99, 3941, 200, 13, 4653
99, 3942, 200, 3, 5315
99, 3943, 200, 0, 4831
99, 3944, 200, 0, 5379
99, 3945, 200, 1, 5220
99, 3946, 200, 0, 4882
99, 3947, 200, 1, 5090
99, 3948, 200, 0, 5509
99, 3949, 200, 0, 4650
99, 3950, 200, 0, 4533
99, 3951, 200, 7, 4571
99, 3952, 200, 8, 5413
99, 3953, 200, 5, 4874
99, 3954, 200, 7, 5199
99, 3955, 200, 7, 4672
99, 3956, 200, 0, 5416
99, 3957, 200, 2, 5386
99, 3958, 200, 3, 4829
99, 3959, 200, 0, 4610
100, 3960, 200, 3, 4988
100, 3961, 200, 1, 4748
100, 3962, 200, 3, 4941
100, 3963, 200, 0, 5011
100, 3964, 200, 1, 5411
100, 3965, 200, 35, 5002
100, 3966, 200, 0, 5462
100, 3967, 200, 1, 5408
100, 3968, 200, 0, 4631
100, 3969, 200, 65, 5216
100, 3970, 200, 165, 5239
100, 3971, 200, 156, 4535
100, 3972, 200, 88, 4911
100, 3973, 200, 102, 4954
100, 3974, 200, 56, 4510
100, 3975, 200, 16, 4994
100, 3976, 200, 2, 5655
100, 3977, 200, 7, 5485
100, 3978, 200, 50, 5460
100, 3979, 200, 16, 4852
100, 3980, 200, 19, 4845
100, 3981, 200, 7, 4916
100, 3982, 200, 69, 4824
100, 3983, 200, 199, 5089
100, 3984, 200, 76, 5454
100, 3985, 200, 157, 3926
100, 3986, 200, 100, 5271
100, 3987, 200, 69, 5008
100, 3988, 200, 61, 4939
100, 3989, 200, 32, 4856
100, 3990, 200, 168, 5874
100, 3991, 200, 188, 4895
100, 3992, 200, 91, 5147
100, 3993, 200, 71, 4814
100, 3994, 200, 15, 4785
100, 3995, 200, 32, 4060
100, 3996, 200, 48, 4561
100, 3997, 200, 129, 5318
100, 3998, 200, 79, 4891
100, 3999, 200, 89, 4539
