1, 0, 200, 5, 28
1, 1, 200, 24, 36
1, 2, 200, 148, 22
1, 3, 200, 369, 23
1, 4, 200, 675, 34
1, 5, 200, 795, 28
1, 6, 200, 1180, 25
1, 7, 200, 803, 7
1, 8, 200, 618, 6
1, 9, 200, 820, 16
1, 10, 200, 589, 8
1, 11, 200, 391, 6
1, 12, 200, 451, 9
1, 13, 200, 518, 15
1, 14, 200, 421, 8
1, 15, 200, 292, 10
1, 16, 200, 340, 8
1, 17, 200, 406, 4
1, 18, 200, 274, 9
1, 19, 200, 294, 6
1, 20, 200, 203, 1
1, 21, 200, 447, 12
1, 22, 200, 286, 4
1, 23, 200, 235, 5
1, 24, 200, 287, 6
1, 25, 200, 253, 9
1, 26, 200, 137, 5
1, 27, 200, 204, 8
1, 28, 200, 192, 2
1, 29, 200, 218, 8
1, 30, 200, 182, 4
1, 31, 200, 136, 2
1, 32, 200, 174, 3
1, 33, 200, 123, 3
1, 34, 200, 158, 2
1, 35, 200, 167, 11
1, 36, 200, 148, 2
1, 37, 200, 153, 5
1, 38, 200, 149, 2
1, 39, 200, 150, 5
2, 40, 200, 180, 6
2, 41, 200, 129, 3
2, 42, 200, 157, 2
2, 43, 200, 158, 2
2, 44, 200, 147, 2
2, 45, 200, 143, 7
2, 46, 200, 136, 8
2, 47, 200, 128, 2
2, 48, 200, 79, 2
2, 49, 200, 120, 1
2, 50, 200, 123, 3
2, 51, 200, 87, 2
2, 52, 200, 102, 4
2, 53, 200, 84, 1
2, 54, 200, 57, 1
2, 55, 200, 82, 0
2, 56, 200, 96, 2
2, 57, 200, 76, 1
2, 58, 200, 55, 2
2, 59, 200, 83, 0
2, 60, 200, 46, 1
2, 61, 200, 69, 2
2, 62, 200, 94, 0
2, 63, 200, 88, 1
2, 64, 200, 73, 2
2, 65, 200, 59, 1
2, 66, 200, 86, 3
2, 67, 200, 57, 10
2, 68, 200, 49, 0
2, 69, 200, 54, 1
2, 70, 200, 71, 0
2, 71, 200, 40, 1
2, 72, 200, 95, 0
2, 73, 200, 52, 3
2, 74, 200, 57, 2
2, 75, 200, 77, 1
2, 76, 200, 75, 2
2, 77, 200, 71, 1
2, 78, 200, 83, 0
2, 79, 200, 51, 1
3, 80, 200, 49, 3
3, 81, 200, 69, 3
3, 82, 200, 58, 0
3, 83, 200, 61, 1
3, 84, 200, 67, 0
3, 85, 200, 32, 0
3, 86, 200, 48, 1
3, 87, 200, 69, 1
3, 88, 200, 23, 1
3, 89, 200, 32, 0
3, 90, 200, 29, 3
3, 91, 200, 38, 1
3, 92, 200, 59, 1
3, 93, 200, 42, 0
3, 94, 200, 34, 1
3, 95, 200, 34, 2
3, 96, 200, 41, 1
3, 97, 200, 38, 1
3, 98, 200, 45, 1
3, 99, 200, 52, 0
3, 100, 200, 32, 1
3, 101, 200, 35, 3
3, 102, 200, 27, 1
3, 103, 200, 22, 0
3, 104, 200, 41, 2
3, 105, 200, 44, 1
3, 106, 200, 36, 1
3, 107, 200, 48, 2
3, 108, 200, 33, 1
3, 109, 200, 30, 1
3, 110, 200, 59, 1
3, 111, 200, 26, 0
3, 112, 200, 54, 0
3, 113, 200, 32, 1
3, 114, 200, 30, 1
3, 115, 200, 33, 0
3, 116, 200, 33, 2
3, 117, 200, 21, 0
3, 118, 200, 27, 1
3, 119, 200, 29, 0
4, 120, 200, 31, 2
4, 121, 200, 16, 0
4, 122, 200, 41, 0
4, 123, 200, 32, 0
4, 124, 200, 23, 2
4, 125, 200, 38, 1
4, 126, 200, 25, 2
4, 127, 200, 17, 0
4, 128, 200, 15, 0
4, 129, 200, 26, 0
4, 130, 200, 20, 0
4, 131, 200, 23, 2
4, 132, 200, 15, 1
4, 133, 200, 35, 0
4, 134, 200, 34, 1
4, 135, 200, 30, 1
4, 136, 200, 26, 3
4, 137, 200, 33, 2
4, 138, 200, 20, 0
4, 139, 200, 22, 0
4, 140, 200, 20, 0
4, 141, 200, 17, 5
4, 142, 200, 20, 1
4, 143, 200, 24, 3
4, 144, 200, 41, 3
4, 145, 200, 27, 1
4, 146, 200, 20, 3
4, 147, 200, 41, 1
4, 148, 200, 19, 0
4, 149, 200, 34, 1
4, 150, 200, 28, 3
4, 151, 200, 13, 0
4, 152, 200, 25, 0
4, 153, 200, 19, 1
4, 154, 200, 21, 2
4, 155, 200, 11, 0
4, 156, 200, 20, 0
4, 157, 200, 13, 1
4, 158, 200, 28, 1
4, 159, 200, 24, 0
5, 160, 200, 23, 2
5, 161, 200, 33, 3
5, 162, 200, 21, 0
5, 163, 200, 17, 0
5, 164, 200, 31, 0
5, 165, 200, 24, 1
5, 166, 200, 26, 3
5, 167, 200, 23, 0
5, 168, 200, 25, 0
5, 169, 200, 26, 0
5, 170, 200, 17, 0
5, 171, 200, 10, 0
5, 172, 200, 11, 1
5, 173, 200, 10, 2
5, 174, 200, 20, 0
5, 175, 200, 17, 1
5, 176, 200, 18, 2
5, 177, 200, 13, 1
5, 178, 200, 24, 0
5, 179, 200, 36, 0
5, 180, 200, 15, 1
5, 181, 200, 21, 0
5, 182, 200, 20, 0
5, 183, 200, 20, 2
5, 184, 200, 21, 0
5, 185, 200, 22, 0
5, 186, 200, 18, 0
5, 187, 200, 25, 1
5, 188, 200, 17, 0
5, 189, 200, 22, 2
5, 190, 200, 25, 0
5, 191, 200, 19, 0
5, 192, 200, 24, 4
5, 193, 200, 18, 1
5, 194, 200, 26, 0
5, 195, 200, 9, 6
5, 196, 200, 14, 2
5, 197, 200, 19, 6
5, 198, 200, 23, 6
5, 199, 200, 24, 2
6, 200, 200, 16, 0
6, 201, 200, 21, 0
6, 202, 200, 25, 1
6, 203, 200, 21, 0
6, 204, 200, 17, 1
6, 205, 200, 28, 2
6, 206, 200, 28, 1
6, 207, 200, 26, 2
6, 208, 200, 19, 0
6, 209, 200, 25, 1
6, 210, 200, 16, 0
6, 211, 200, 12, 0
6, 212, 200, 16, 1
6, 213, 200, 21, 0
6, 214, 200, 10, 2
6, 215, 200, 21, 3
6, 216, 200, 17, 4
6, 217, 200, 24, 4
6, 218, 200, 28, 1
6, 219, 200, 34, 2
6, 220, 200, 55, 2
6, 221, 200, 34, 0
6, 222, 200, 56, 0
6, 223, 200, 39, 6
6, 224, 200, 30, 0
6, 225, 200, 46, 0
6, 226, 200, 32, 1
6, 227, 200, 33, 3
6, 228, 200, 47, 0
6, 229, 200, 40, 0
6, 230, 200, 34, 0
6, 231, 200, 32, 2
6, 232, 200, 32, 3
6, 233, 200, 32, 1
6, 234, 200, 44, 3
6, 235, 200, 26, 3
6, 236, 200, 30, 1
6, 237, 200, 16, 0
6, 238, 200, 33, 2
6, 239, 200, 22, 6
7, 240, 200, 20, 2
7, 241, 200, 41, 6
7, 242, 200, 36, 1
7, 243, 200, 25, 0
7, 244, 200, 31, 1
7, 245, 200, 30, 19
7, 246, 200, 38, 2
7, 247, 200, 41, 0
7, 248, 200, 45, 5
7, 249, 200, 53, 3
7, 250, 200, 54, 5
7, 251, 200, 49, 1
7, 252, 200, 38, 5
7, 253, 200, 31, 2
7, 254, 200, 36, 1
7, 255, 200, 23, 1
7, 256, 200, 19, 1
7, 257, 200, 18, 3
7, 258, 200, 21, 1
7, 259, 200, 37, 0
7, 260, 200, 28, 1
7, 261, 200, 32, 1
7, 262, 200, 43, 4
7, 263, 200, 41, 1
7, 264, 200, 17, 1
7, 265, 200, 26, 1
7, 266, 200, 25, 1
7, 267, 200, 28, 0
7, 268, 200, 29, 0
7, 269, 200, 33, 1
7, 270, 200, 27, 2
7, 271, 200, 31, 1
7, 272, 200, 35, 0
7, 273, 200, 25, 0
7, 274, 200, 52, 1
7, 275, 200, 38, 0
7, 276, 200, 21, 2
7, 277, 200, 21, 1
7, 278, 200, 27, 1
7, 279, 200, 22, 2
8, 280, 200, 39, 5
8, 281, 200, 16, 1
8, 282, 200, 24, 0
8, 283, 200, 30, 1
8, 284, 200, 37, 2
8, 285, 200, 52, 3
8, 286, 200, 29, 1
8, 287, 200, 28, 2
8, 288, 200, 24, 4
8, 289, 200, 28, 1
8, 290, 200, 28, 3
8, 291, 200, 25, 1
8, 292, 200, 33, 0
8, 293, 200, 33, 0
8, 294, 200, 34, 1
8, 295, 200, 25, 2
8, 296, 200, 40, 0
8, 297, 200, 24, 0
8, 298, 200, 44, 0
8, 299, 200, 19, 0
8, 300, 200, 31, 2
8, 301, 200, 32, 0
8, 302, 200, 42, 0
8, 303, 200, 46, 2
8, 304, 200, 30, 2
8, 305, 200, 33, 2
8, 306, 200, 37, 2
8, 307, 200, 34, 5
8, 308, 200, 36, 4
8, 309, 200, 29, 3
8, 310, 200, 37, 2
8, 311, 200, 37, 2
8, 312, 200, 35, 2
8, 313, 200, 28, 0
8, 314, 200, 26, 0
8, 315, 200, 21, 1
8, 316, 200, 18, 0
8, 317, 200, 28, 1
8, 318, 200, 20, 1
8, 319, 200, 37, 1
9, 320, 200, 30, 0
9, 321, 200, 37, 0
9, 322, 200, 19, 0
9, 323, 200, 35, 2
9, 324, 200, 37, 0
9, 325, 200, 23, 2
9, 326, 200, 27, 2
9, 327, 200, 24, 5
9, 328, 200, 24, 8
9, 329, 200, 40, 4
9, 330, 200, 57, 1
9, 331, 200, 30, 3
9, 332, 200, 34, 2
9, 333, 200, 48, 0
9, 334, 200, 32, 1
9, 335, 200, 21, 0
9, 336, 200, 23, 0
9, 337, 200, 31, 3
9, 338, 200, 35, 1
9, 339, 200, 29, 0
9, 340, 200, 14, 4
9, 341, 200, 23, 1
9, 342, 200, 34, 0
9, 343, 200, 33, 0
9, 344, 200, 19, 2
9, 345, 200, 13, 0
9, 346, 200, 26, 1
9, 347, 200, 34, 0
9, 348, 200, 26, 1
9, 349, 200, 27, 1
9, 350, 200, 34, 2
9, 351, 200, 19, 0
9, 352, 200, 32, 1
9, 353, 200, 44, 0
9, 354, 200, 17, 1
9, 355, 200, 23, 1
9, 356, 200, 21, 0
9, 357, 200, 34, 0
9, 358, 200, 36, 0
9, 359, 200, 53, 1
10, 360, 200, 46, 2
10, 361, 200, 31, 1
10, 362, 200, 26, 0
10, 363, 200, 30, 2
10, 364, 200, 35, 0
10, 365, 200, 56, 3
10, 366, 200, 29, 2
10, 367, 200, 32, 3
10, 368, 200, 16, 1
10, 369, 200, 25, 1
10, 370, 200, 17, 0
10, 371, 200, 22, 0
10, 372, 200, 19, 0
10, 373, 200, 31, 0
10, 374, 200, 23, 5
10, 375, 200, 33, 1
10, 376, 200, 36, 2
10, 377, 200, 29, 3
10, 378, 200, 26, 1
10, 379, 200, 68, 1
10, 380, 200, 34, 0
10, 381, 200, 27, 2
10, 382, 200, 21, 3
10, 383, 200, 21, 3
10, 384, 200, 30, 1
10, 385, 200, 15, 1
10, 386, 200, 14, 1
10, 387, 200, 23, 1
10, 388, 200, 27, 2
10, 389, 200, 28, 1
10, 390, 200, 40, 0
10, 391, 200, 35, 1
10, 392, 200, 39, 0
10, 393, 200, 33, 1
10, 394, 200, 23, 3
10, 395, 200, 20, 3
10, 396, 200, 39, 2
10, 397, 200, 22, 0
10, 398, 200, 16, 0
10, 399, 200, 25, 1
11, 400, 200, 19, 3
11, 401, 200, 24, 1
11, 402, 200, 24, 0
11, 403, 200, 13, 0
11, 404, 200, 18, 0
11, 405, 200, 20, 0
11, 406, 200, 13, 0
11, 407, 200, 22, 0
11, 408, 200, 10, 0
11, 409, 200, 21, 1
11, 410, 200, 31, 3
11, 411, 200, 24, 0
11, 412, 200, 16, 0
11, 413, 200, 18, 0
11, 414, 200, 22, 0
11, 415, 200, 20, 2
11, 416, 200, 17, 0
11, 417, 200, 12, 0
11, 418, 200, 16, 1
11, 419, 200, 17, 0
11, 420, 200, 19, 2
11, 421, 200, 15, 0
11, 422, 200, 16, 1
11, 423, 200, 16, 2
11, 424, 200, 18, 1
11, 425, 200, 15, 2
11, 426, 200, 25, 4
11, 427, 200, 30, 0
11, 428, 200, 16, 1
11, 429, 200, 25, 1
11, 430, 200, 36, 1
11, 431, 200, 26, 3
11, 432, 200, 33, 1
11, 433, 200, 11, 1
11, 434, 200, 18, 0
11, 435, 200, 38, 0
11, 436, 200, 30, 0
11, 437, 200, 16, 1
11, 438, 200, 27, 0
11, 439, 200, 33, 2
12, 440, 200, 26, 1
12, 441, 200, 20, 0
12, 442, 200, 16, 2
12, 443, 200, 22, 1
12, 444, 200, 23, 0
12, 445, 200, 21, 0
12, 446, 200, 28, 3
12, 447, 200, 16, 3
12, 448, 200, 30, 0
12, 449, 200, 13, 8
12, 450, 200, 20, 3
12, 451, 200, 23, 0
12, 452, 200, 20, 1
12, 453, 200, 36, 2
12, 454, 200, 27, 0
12, 455, 200, 23, 0
12, 456, 200, 40, 3
12, 457, 200, 17, 2
12, 458, 200, 25, 1
12, 459, 200, 37, 0
12, 460, 200, 27, 3
12, 461, 200, 29, 0
12, 462, 200, 28, 0
12, 463, 200, 21, 2
12, 464, 200, 19, 1
12, 465, 200, 19, 0
12, 466, 200, 30, 0
12, 467, 200, 19, 1
12, 468, 200, 15, 2
12, 469, 200, 22, 3
12, 470, 200, 13, 4
12, 471, 200, 22, 1
12, 472, 200, 16, 0
12, 473, 200, 10, 0
12, 474, 200, 13, 0
12, 475, 200, 19, 2
12, 476, 200, 29, 1
12, 477, 200, 24, 0
12, 478, 200, 11, 0
12, 479, 200, 24, 0
13, 480, 200, 24, 2
13, 481, 200, 37, 0
13, 482, 200, 25, 2
13, 483, 200, 30, 0
13, 484, 200, 27, 3
13, 485, 200, 18, 1
13, 486, 200, 16, 3
13, 487, 200, 23, 1
13, 488, 200, 21, 1
13, 489, 200, 27, 0
13, 490, 200, 36, 0
13, 491, 200, 29, 0
13, 492, 200, 29, 1
13, 493, 200, 27, 0
13, 494, 200, 41, 0
13, 495, 200, 49, 0
13, 496, 200, 28, 0
13, 497, 200, 20, 0
13, 498, 200, 15, 0
13, 499, 200, 24, 0
13, 500, 200, 17, 0
13, 501, 200, 28, 0
13, 502, 200, 11, 0
13, 503, 200, 28, 0
13, 504, 200, 18, 1
13, 505, 200, 24, 1
13, 506, 200, 16, 2
13, 507, 200, 11, 0
13, 508, 200, 23, 1
13, 509, 200, 19, 2
13, 510, 200, 22, 3
13, 511, 200, 29, 0
13, 512, 200, 9, 1
13, 513, 200, 18, 0
13, 514, 200, 24, 0
13, 515, 200, 4, 0
13, 516, 200, 21, 5
13, 517, 200, 20, 2
13, 518, 200, 24, 0
13, 519, 200, 22, 1
14, 520, 200, 31, 2
14, 521, 200, 18, 3
14, 522, 200, 20, 0
14, 523, 200, 31, 0
14, 524, 200, 18, 0
14, 525, 200, 26, 0
14, 526, 200, 17, 0
14, 527, 200, 9, 0
14, 528, 200, 28, 0
14, 529, 200, 17, 0
14, 530, 200, 13, 0
14, 531, 200, 14, 0
14, 532, 200, 15, 0
14, 533, 200, 22, 0
14, 534, 200, 21, 0
14, 535, 200, 12, 1
14, 536, 200, 19, 3
14, 537, 200, 21, 0
14, 538, 200, 25, 0
14, 539, 200, 19, 0
14, 540, 200, 8, 0
14, 541, 200, 27, 0
14, 542, 200, 22, 0
14, 543, 200, 21, 0
14, 544, 200, 24, 0
14, 545, 200, 14, 0
14, 546, 200, 27, 0
14, 547, 200, 17, 1
14, 548, 200, 18, 1
14, 549, 200, 21, 1
14, 550, 200, 15, 0
14, 551, 200, 20, 1
14, 552, 200, 17, 0
14, 553, 200, 21, 0
14, 554, 200, 23, 0
14, 555, 200, 14, 0
14, 556, 200, 15, 0
14, 557, 200, 21, 0
14, 558, 200, 31, 0
14, 559, 200, 16, 0
15, 560, 200, 32, 1
15, 561, 200, 14, 0
15, 562, 200, 23, 1
15, 563, 200, 23, 4
15, 564, 200, 29, 1
15, 565, 200, 30, 1
15, 566, 200, 17, 1
15, 567, 200, 15, 0
15, 568, 200, 9, 3
15, 569, 200, 20, 2
15, 570, 200, 25, 0
15, 571, 200, 22, 0
15, 572, 200, 26, 0
15, 573, 200, 17, 0
15, 574, 200, 10, 0
15, 575, 200, 16, 3
15, 576, 200, 14, 0
15, 577, 200, 16, 0
15, 578, 200, 24, 1
15, 579, 200, 20, 0
15, 580, 200, 17, 1
15, 581, 200, 20, 1
15, 582, 200, 11, 1
15, 583, 200, 18, 0
15, 584, 200, 10, 0
15, 585, 200, 17, 0
15, 586, 200, 20, 0
15, 587, 200, 12, 0
15, 588, 200, 13, 2
15, 589, 200, 10, 0
15, 590, 200, 7, 1
15, 591, 200, 11, 0
15, 592, 200, 23, 0
15, 593, 200, 19, 0
15, 594, 200, 14, 0
15, 595, 200, 13, 0
15, 596, 200, 9, 0
15, 597, 200, 13, 1
15, 598, 200, 17, 0
15, 599, 200, 9, 0
16, 600, 200, 12, 1
16, 601, 200, 20, 1
16, 602, 200, 18, 0
16, 603, 200, 34, 2
16, 604, 200, 12, 1
16, 605, 200, 9, 0
16, 606, 200, 11, 1
16, 607, 200, 23, 1
16, 608, 200, 15, 0
16, 609, 200, 17, 1
16, 610, 200, 10, 1
16, 611, 200, 7, 0
16, 612, 200, 9, 0
16, 613, 200, 8, 0
16, 614, 200, 17, 0
16, 615, 200, 16, 0
16, 616, 200, 20, 2
16, 617, 200, 7, 0
16, 618, 200, 10, 2
16, 619, 200, 9, 0
16, 620, 200, 11, 2
16, 621, 200, 9, 0
16, 622, 200, 10, 2
16, 623, 200, 9, 0
16, 624, 200, 16, 0
16, 625, 200, 37, 2
16, 626, 200, 29, 0
16, 627, 200, 24, 3
16, 628, 200, 20, 0
16, 629, 200, 21, 5
16, 630, 200, 22, 2
16, 631, 200, 16, 2
16, 632, 200, 28, 2
16, 633, 200, 24, 0
16, 634, 200, 16, 0
16, 635, 200, 18, 0
16, 636, 200, 22, 0
16, 637, 200, 22, 0
16, 638, 200, 10, 1
16, 639, 200, 8, 1
17, 640, 200, 29, 0
17, 641, 200, 28, 0
17, 642, 200, 8, 1
17, 643, 200, 16, 0
17, 644, 200, 19, 0
17, 645, 200, 16, 0
17, 646, 200, 13, 0
17, 647, 200, 19, 0
17, 648, 200, 20, 2
17, 649, 200, 15, 1
17, 650, 200, 23, 2
17, 651, 200, 20, 2
17, 652, 200, 21, 2
17, 653, 200, 19, 0
17, 654, 200, 27, 1
17, 655, 200, 10, 6
17, 656, 200, 12, 2
17, 657, 200, 11, 3
17, 658, 200, 18, 3
17, 659, 200, 19, 1
17, 660, 200, 27, 1
17, 661, 200, 26, 0
17, 662, 200, 12, 0
17, 663, 200, 19, 0
17, 664, 200, 19, 0
17, 665, 200, 26, 0
17, 666, 200, 19, 1
17, 667, 200, 15, 1
17, 668, 200, 39, 5
17, 669, 200, 19, 0
17, 670, 200, 27, 0
17, 671, 200, 13, 0
17, 672, 200, 36, 0
17, 673, 200, 14, 0
17, 674, 200, 28, 2
17, 675, 200, 36, 0
17, 676, 200, 23, 1
17, 677, 200, 24, 1
17, 678, 200, 17, 0
17, 679, 200, 22, 1
18, 680, 200, 17, 1
18, 681, 200, 13, 0
18, 682, 200, 7, 5
18, 683, 200, 12, 0
18, 684, 200, 18, 0
18, 685, 200, 17, 0
18, 686, 200, 15, 0
18, 687, 200, 13, 0
18, 688, 200, 18, 0
18, 689, 200, 19, 0
18, 690, 200, 15, 1
18, 691, 200, 13, 0
18, 692, 200, 12, 4
18, 693, 200, 18, 1
18, 694, 200, 18, 0
18, 695, 200, 22, 0
18, 696, 200, 17, 0
18, 697, 200, 16, 0
18, 698, 200, 10, 1
18, 699, 200, 16, 0
18, 700, 200, 21, 0
18, 701, 200, 27, 1
18, 702, 200, 18, 0
18, 703, 200, 10, 2
18, 704, 200, 22, 2
18, 705, 200, 19, 0
18, 706, 200, 20, 1
18, 707, 200, 10, 0
18, 708, 200, 10, 0
18, 709, 200, 13, 0
18, 710, 200, 11, 0
18, 711, 200, 8, 3
18, 712, 200, 10, 1
18, 713, 200, 17, 0
18, 714, 200, 13, 1
18, 715, 200, 12, 0
18, 716, 200, 27, 2
18, 717, 200, 17, 0
18, 718, 200, 21, 0
18, 719, 200, 10, 0
19, 720, 200, 11, 0
19, 721, 200, 13, 0
19, 722, 200, 8, 0
19, 723, 200, 9, 0
19, 724, 200, 18, 0
19, 725, 200, 7, 1
19, 726, 200, 14, 0
19, 727, 200, 17, 0
19, 728, 200, 17, 0
19, 729, 200, 22, 2
19, 730, 200, 19, 1
19, 731, 200, 11, 1
19, 732, 200, 21, 0
19, 733, 200, 11, 0
19, 734, 200, 19, 0
19, 735, 200, 10, 0
19, 736, 200, 16, 0
19, 737, 200, 14, 0
19, 738, 200, 18, 0
19, 739, 200, 13, 0
19, 740, 200, 13, 0
19, 741, 200, 22, 1
19, 742, 200, 3, 1
19, 743, 200, 9, 0
19, 744, 200, 19, 2
19, 745, 200, 12, 0
19, 746, 200, 16, 0
19, 747, 200, 15, 0
19, 748, 200, 23, 0
19, 749, 200, 16, 0
19, 750, 200, 7, 0
19, 751, 200, 14, 0
19, 752, 200, 6, 0
19, 753, 200, 10, 0
19, 754, 200, 9, 0
19, 755, 200, 11, 0
19, 756, 200, 14, 0
19, 757, 200, 13, 0
19, 758, 200, 15, 0
19, 759, 200, 19, 0
20, 760, 200, 20, 0
20, 761, 200, 7, 0
20, 762, 200, 9, 1
20, 763, 200, 9, 0
20, 764, 200, 10, 0
20, 765, 200, 11, 0
20, 766, 200, 6, 0
20, 767, 200, 24, 0
20, 768, 200, 5, 0
20, 769, 200, 15, 0
20, 770, 200, 13, 1
20, 771, 200, 11, 1
20, 772, 200, 7, 0
20, 773, 200, 10, 0
20, 774, 200, 16, 1
20, 775, 200, 19, 3
20, 776, 200, 15, 2
20, 777, 200, 13, 0
20, 778, 200, 24, 3
20, 779, 200, 33, 1
20, 780, 200, 22, 1
20, 781, 200, 19, 0
20, 782, 200, 15, 1
20, 783, 200, 19, 0
20, 784, 200, 15, 1
20, 785, 200, 14, 0
20, 786, 200, 12, 0
20, 787, 200, 9, 0
20, 788, 200, 16, 0
20, 789, 200, 12, 0
20, 790, 200, 16, 0
20, 791, 200, 11, 1
20, 792, 200, 11, 0
20, 793, 200, 8, 2
20, 794, 200, 11, 0
20, 795, 200, 15, 1
20, 796, 200, 16, 0
20, 797, 200, 9, 4
20, 798, 200, 15, 0
20, 799, 200, 14, 0
21, 800, 200, 13, 2
21, 801, 200, 16, 2
21, 802, 200, 14, 0
21, 803, 200, 12, 3
21, 804, 200, 11, 1
21, 805, 200, 14, 2
21, 806, 200, 7, 2
21, 807, 200, 11, 0
21, 808, 200, 13, 0
21, 809, 200, 12, 2
21, 810, 200, 15, 0
21, 811, 200, 10, 0
21, 812, 200, 12, 1
21, 813, 200, 2, 0
21, 814, 200, 11, 1
21, 815, 200, 8, 0
21, 816, 200, 15, 0
21, 817, 200, 18, 0
21, 818, 200, 12, 0
21, 819, 200, 13, 0
21, 820, 200, 17, 0
21, 821, 200, 14, 0
21, 822, 200, 15, 0
21, 823, 200, 16, 0
21, 824, 200, 11, 0
21, 825, 200, 18, 0
21, 826, 200, 16, 0
21, 827, 200, 16, 0
21, 828, 200, 12, 0
21, 829, 200, 7, 1
21, 830, 200, 9, 1
21, 831, 200, 15, 2
21, 832, 200, 9, 0
21, 833, 200, 10, 0
21, 834, 200, 12, 3
21, 835, 200, 8, 0
21, 836, 200, 15, 0
21, 837, 200, 11, 0
21, 838, 200, 6, 0
21, 839, 200, 11, 0
22, 840, 200, 9, 0
22, 841, 200, 7, 1
22, 842, 200, 8, 0
22, 843, 200, 9, 2
22, 844, 200, 9, 2
22, 845, 200, 14, 0
22, 846, 200, 7, 2
22, 847, 200, 11, 1
22, 848, 200, 11, 1
22, 849, 200, 15, 0
22, 850, 200, 15, 3
22, 851, 200, 17, 0
22, 852, 200, 11, 2
22, 853, 200, 25, 0
22, 854, 200, 13, 0
22, 855, 200, 13, 0
22, 856, 200, 11, 0
22, 857, 200, 10, 0
22, 858, 200, 8, 0
22, 859, 200, 13, 0
22, 860, 200, 11, 0
22, 861, 200, 15, 0
22, 862, 200, 8, 0
22, 863, 200, 8, 3
22, 864, 200, 8, 0
22, 865, 200, 10, 1
22, 866, 200, 13, 1
22, 867, 200, 20, 1
22, 868, 200, 13, 1
22, 869, 200, 11, 0
22, 870, 200, 7, 2
22, 871, 200, 11, 4
22, 872, 200, 10, 1
22, 873, 200, 21, 0
22, 874, 200, 21, 0
22, 875, 200, 9, 1
22, 876, 200, 9, 1
22, 877, 200, 8, 1
22, 878, 200, 10, 0
22, 879, 200, 16, 2
23, 880, 200, 20, 0
23, 881, 200, 13, 0
23, 882, 200, 24, 0
23, 883, 200, 6, 2
23, 884, 200, 7, 0
23, 885, 200, 10, 0
23, 886, 200, 14, 0
23, 887, 200, 5, 0
23, 888, 200, 13, 0
23, 889, 200, 9, 0
23, 890, 200, 14, 0
23, 891, 200, 11, 0
23, 892, 200, 4, 2
23, 893, 200, 10, 0
23, 894, 200, 7, 1
23, 895, 200, 16, 0
23, 896, 200, 7, 0
23, 897, 200, 5, 0
23, 898, 200, 9, 0
23, 899, 200, 8, 0
23, 900, 200, 13, 0
23, 901, 200, 11, 0
23, 902, 200, 6, 2
23, 903, 200, 6, 0
23, 904, 200, 9, 0
23, 905, 200, 10, 1
23, 906, 200, 8, 2
23, 907, 200, 12, 0
23, 908, 200, 8, 0
23, 909, 200, 6, 2
23, 910, 200, 21, 0
23, 911, 200, 11, 0
23, 912, 200, 13, 0
23, 913, 200, 18, 2
23, 914, 200, 13, 0
23, 915, 200, 11, 3
23, 916, 200, 10, 1
23, 917, 200, 13, 0
23, 918, 200, 9, 0
23, 919, 200, 15, 0
24, 920, 200, 16, 0
24, 921, 200, 12, 1
24, 922, 200, 11, 0
24, 923, 200, 9, 0
24, 924, 200, 18, 0
24, 925, 200, 12, 0
24, 926, 200, 14, 0
24, 927, 200, 25, 2
24, 928, 200, 23, 0
24, 929, 200, 11, 1
24, 930, 200, 12, 0
24, 931, 200, 13, 0
24, 932, 200, 10, 2
24, 933, 200, 12, 0
24, 934, 200, 10, 0
24, 935, 200, 13, 0
24, 936, 200, 11, 1
24, 937, 200, 9, 1
24, 938, 200, 11, 0
24, 939, 200, 3, 0
24, 940, 200, 15, 4
24, 941, 200, 6, 0
24, 942, 200, 8, 0
24, 943, 200, 12, 0
24, 944, 200, 10, 0
24, 945, 200, 4, 2
24, 946, 200, 9, 5
24, 947, 200, 6, 0
24, 948, 200, 8, 0
24, 949, 200, 8, 0
24, 950, 200, 10, 0
24, 951, 200, 12, 0
24, 952, 200, 4, 1
24, 953, 200, 12, 0
24, 954, 200, 9, 0
24, 955, 200, 8, 1
24, 956, 200, 6, 0
24, 957, 200, 5, 0
24, 958, 200, 9, 0
24, 959, 200, 10, 1
25, 960, 200, 4, 1
25, 961, 200, 7, 1
25, 962, 200, 8, 0
25, 963, 200, 8, 1
25, 964, 200, 11, 1
25, 965, 200, 22, 0
25, 966, 200, 7, 0
25, 967, 200, 15, 1
25, 968, 200, 10, 0
25, 969, 200, 14, 0
25, 970, 200, 10, 1
25, 971, 200, 8, 0
25, 972, 200, 10, 0
25, 973, 200, 6, 0
25, 974, 200, 5, 0
25, 975, 200, 5, 2
25, 976, 200, 11, 1
25, 977, 200, 18, 2
25, 978, 200, 18, 5
25, 979, 200, 16, 1
25, 980, 200, 19, 1
25, 981, 200, 9, 0
25, 982, 200, 16, 1
25, 983, 200, 20, 2
25, 984, 200, 16, 0
25, 985, 200, 13, 1
25, 986, 200, 8, 0
25, 987, 200, 14, 1
25, 988, 200, 7, 1
25, 989, 200, 15, 3
25, 990, 200, 7, 1
25, 991, 200, 10, 0
25, 992, 200, 6, 0
25, 993, 200, 19, 0
25, 994, 200, 18, 0
25, 995, 200, 14, 1
25, 996, 200, 26, 4
25, 997, 200, 22, 0
25, 998, 200, 12, 0
25, 999, 200, 14, 0
26, 1000, 200, 8, 1
26, 1001, 200, 5, 0
26, 1002, 200, 8, 2
26, 1003, 200, 13, 0
26, 1004, 200, 7, 0
26, 1005, 200, 16, 0
26, 1006, 200, 10, 0
26, 1007, 200, 15, 5
26, 1008, 200, 12, 2
26, 1009, 200, 8, 0
26, 1010, 200, 4, 0
26, 1011, 200, 9, 0
26, 1012, 200, 11, 0
26, 1013, 200, 5, 1
26, 1014, 200, 7, 0
26, 1015, 200, 12, 0
26, 1016, 200, 16, 2
26, 1017, 200, 23, 0
26, 1018, 200, 11, 1
26, 1019, 200, 14, 1
26, 1020, 200, 9, 0
26, 1021, 200, 8, 1
26, 1022, 200, 13, 0
26, 1023, 200, 9, 0
26, 1024, 200, 15, 2
26, 1025, 200, 6, 0
26, 1026, 200, 6, 0
26, 1027, 200, 11, 0
26, 1028, 200, 15, 0
26, 1029, 200, 7, 2
26, 1030, 200, 6, 0
26, 1031, 200, 10, 0
26, 1032, 200, 14, 0
26, 1033, 200, 13, 1
26, 1034, 200, 6, 1
26, 1035, 200, 6, 0
26, 1036, 200, 15, 2
26, 1037, 200, 19, 0
26, 1038, 200, 15, 0
26, 1039, 200, 6, 0
27, 1040, 200, 6, 0
27, 1041, 200, 6, 0
27, 1042, 200, 6, 0
27, 1043, 200, 8, 0
27, 1044, 200, 8, 2
27, 1045, 200, 15, 0
27, 1046, 200, 12, 0
27, 1047, 200, 10, 0
27, 1048, 200, 9, 0
27, 1049, 200, 13, 0
27, 1050, 200, 12, 0
27, 1051, 200, 11, 0
27, 1052, 200, 10, 0
27, 1053, 200, 12, 0
27, 1054, 200, 9, 0
27, 1055, 200, 14, 0
27, 1056, 200, 12, 0
27, 1057, 200, 15, 0
27, 1058, 200, 15, 1
27, 1059, 200, 11, 1
27, 1060, 200, 7, 2
27, 1061, 200, 11, 0
27, 1062, 200, 16, 0
27, 1063, 200, 7, 0
27, 1064, 200, 20, 0
27, 1065, 200, 21, 0
27, 1066, 200, 10, 2
27, 1067, 200, 12, 2
27, 1068, 200, 7, 0
27, 1069, 200, 7, 0
27, 1070, 200, 11, 0
27, 1071, 200, 6, 2
27, 1072, 200, 18, 0
27, 1073, 200, 28, 0
27, 1074, 200, 20, 2
27, 1075, 200, 10, 0
27, 1076, 200, 14, 0
27, 1077, 200, 6, 0
27, 1078, 200, 8, 2
27, 1079, 200, 17, 0
28, 1080, 200, 8, 0
28, 1081, 200, 5, 0
28, 1082, 200, 7, 0
28, 1083, 200, 5, 0
28, 1084, 200, 8, 0
28, 1085, 200, 10, 0
28, 1086, 200, 14, 0
28, 1087, 200, 7, 0
28, 1088, 200, 11, 0
28, 1089, 200, 11, 0
28, 1090, 200, 5, 0
28, 1091, 200, 11, 2
28, 1092, 200, 14, 0
28, 1093, 200, 21, 0
28, 1094, 200, 8, 0
28, 1095, 200, 10, 0
28, 1096, 200, 8, 0
28, 1097, 200, 16, 0
28, 1098, 200, 10, 0
28, 1099, 200, 12, 0
28, 1100, 200, 22, 1
28, 1101, 200, 14, 1
28, 1102, 200, 8, 0
28, 1103, 200, 17, 0
28, 1104, 200, 18, 0
28, 1105, 200, 9, 0
28, 1106, 200, 11, 0
28, 1107, 200, 16, 0
28, 1108, 200, 15, 0
28, 1109, 200, 6, 0
28, 1110, 200, 17, 0
28, 1111, 200, 7, 0
28, 1112, 200, 9, 0
28, 1113, 200, 6, 0
28, 1114, 200, 9, 1
28, 1115, 200, 8, 0
28, 1116, 200, 8, 0
28, 1117, 200, 6, 0
28, 1118, 200, 9, 0
28, 1119, 200, 14, 0
29, 1120, 200, 15, 1
29, 1121, 200, 10, 2
29, 1122, 200, 9, 0
29, 1123, 200, 11, 1
29, 1124, 200, 11, 1
29, 1125, 200, 6, 1
29, 1126, 200, 9, 0
29, 1127, 200, 12, 2
29, 1128, 200, 9, 0
29, 1129, 200, 17, 0
29, 1130, 200, 6, 0
29, 1131, 200, 14, 0
29, 1132, 200, 20, 0
29, 1133, 200, 8, 1
29, 1134, 200, 8, 6
29, 1135, 200, 7, 0
29, 1136, 200, 11, 0
29, 1137, 200, 11, 3
29, 1138, 200, 6, 1
29, 1139, 200, 11, 2
29, 1140, 200, 15, 0
29, 1141, 200, 3, 0
29, 1142, 200, 8, 4
29, 1143, 200, 17, 0
29, 1144, 200, 20, 0
29, 1145, 200, 6, 1
29, 1146, 200, 9, 0
29, 1147, 200, 10, 0
29, 1148, 200, 11, 0
29, 1149, 200, 6, 0
29, 1150, 200, 5, 0
29, 1151, 200, 16, 0
29, 1152, 200, 8, 0
29, 1153, 200, 8, 0
29, 1154, 200, 18, 0
29, 1155, 200, 10, 0
29, 1156, 200, 15, 2
29, 1157, 200, 10, 0
29, 1158, 200, 9, 0
29, 1159, 200, 15, 0
30, 1160, 200, 11, 1
30, 1161, 200, 2, 0
30, 1162, 200, 10, 0
30, 1163, 200, 7, 3
30, 1164, 200, 4, 1
30, 1165, 200, 15, 0
30, 1166, 200, 11, 0
30, 1167, 200, 21, 0
30, 1168, 200, 14, 0
30, 1169, 200, 4, 0
30, 1170, 200, 8, 0
30, 1171, 200, 14, 0
30, 1172, 200, 16, 0
30, 1173, 200, 14, 0
30, 1174, 200, 25, 0
30, 1175, 200, 13, 0
30, 1176, 200, 4, 0
30, 1177, 200, 14, 0
30, 1178, 200, 20, 0
30, 1179, 200, 17, 0
30, 1180, 200, 15, 0
30, 1181, 200, 12, 3
30, 1182, 200, 21, 0
30, 1183, 200, 15, 2
30, 1184, 200, 19, 0
30, 1185, 200, 13, 0
30, 1186, 200, 6, 2
30, 1187, 200, 9, 4
30, 1188, 200, 14, 0
30, 1189, 200, 15, 1
30, 1190, 200, 12, 0
30, 1191, 200, 10, 0
30, 1192, 200, 12, 1
30, 1193, 200, 13, 2
30, 1194, 200, 10, 0
30, 1195, 200, 11, 2
30, 1196, 200, 8, 0
30, 1197, 200, 11, 0
30, 1198, 200, 12, 0
30, 1199, 200, 13, 0
31, 1200, 200, 10, 0
31, 1201, 200, 4, 1
31, 1202, 200, 10, 2
31, 1203, 200, 9, 0
31, 1204, 200, 7, 0
31, 1205, 200, 15, 0
31, 1206, 200, 10, 1
31, 1207, 200, 10, 0
31, 1208, 200, 15, 0
31, 1209, 200, 5, 2
31, 1210, 200, 14, 2
31, 1211, 200, 16, 0
31, 1212, 200, 19, 1
31, 1213, 200, 9, 0
31, 1214, 200, 6, 1
31, 1215, 200, 18, 2
31, 1216, 200, 7, 2
31, 1217, 200, 11, 0
31, 1218, 200, 8, 0
31, 1219, 200, 10, 2
31, 1220, 200, 9, 0
31, 1221, 200, 9, 0
31, 1222, 200, 11, 0
31, 1223, 200, 12, 0
31, 1224, 200, 9, 0
31, 1225, 200, 10, 0
31, 1226, 200, 15, 1
31, 1227, 200, 21, 1
31, 1228, 200, 21, 0
31, 1229, 200, 9, 0
31, 1230, 200, 7, 1
31, 1231, 200, 8, 0
31, 1232, 200, 14, 1
31, 1233, 200, 9, 1
31, 1234, 200, 11, 0
31, 1235, 200, 8, 0
31, 1236, 200, 3, 0
31, 1237, 200, 7, 0
31, 1238, 200, 10, 0
31, 1239, 200, 15, 0
32, 1240, 200, 22, 0
32, 1241, 200, 10, 1
32, 1242, 200, 5, 0
32, 1243, 200, 9, 1
32, 1244, 200, 8, 0
32, 1245, 200, 24, 0
32, 1246, 200, 14, 0
32, 1247, 200, 9, 0
32, 1248, 200, 10, 0
32, 1249, 200, 7, 1
32, 1250, 200, 6, 0
32, 1251, 200, 12, 0
32, 1252, 200, 7, 0
32, 1253, 200, 14, 0
32, 1254, 200, 11, 0
32, 1255, 200, 10, 3
32, 1256, 200, 13, 1
32, 1257, 200, 13, 1
32, 1258, 200, 9, 0
32, 1259, 200, 8, 0
32, 1260, 200, 14, 0
32, 1261, 200, 9, 0
32, 1262, 200, 9, 0
32, 1263, 200, 4, 1
32, 1264, 200, 7, 0
32, 1265, 200, 11, 1
32, 1266, 200, 4, 3
32, 1267, 200, 3, 0
32, 1268, 200, 2, 0
32, 1269, 200, 9, 1
32, 1270, 200, 5, 0
32, 1271, 200, 3, 0
32, 1272, 200, 5, 0
32, 1273, 200, 3, 0
32, 1274, 200, 6, 0
32, 1275, 200, 12, 0
32, 1276, 200, 6, 0
32, 1277, 200, 14, 0
32, 1278, 200, 6, 0
32, 1279, 200, 13, 0
33, 1280, 200, 13, 2
33, 1281, 200, 9, 0
33, 1282, 200, 10, 0
33, 1283, 200, 9, 0
33, 1284, 200, 9, 2
33, 1285, 200, 7, 3
33, 1286, 200, 11, 0
33, 1287, 200, 7, 2
33, 1288, 200, 4, 0
33, 1289, 200, 15, 2
33, 1290, 200, 17, 0
33, 1291, 200, 7, 0
33, 1292, 200, 17, 0
33, 1293, 200, 10, 0
33, 1294, 200, 9, 0
33, 1295, 200, 6, 0
33, 1296, 200, 9, 0
33, 1297, 200, 8, 0
33, 1298, 200, 5, 0
33, 1299, 200, 12, 0
33, 1300, 200, 9, 1
33, 1301, 200, 16, 0
33, 1302, 200, 11, 0
33, 1303, 200, 9, 0
33, 1304, 200, 8, 0
33, 1305, 200, 12, 0
33, 1306, 200, 11, 0
33, 1307, 200, 11, 0
33, 1308, 200, 8, 0
33, 1309, 200, 4, 0
33, 1310, 200, 11, 0
33, 1311, 200, 6, 0
33, 1312, 200, 10, 0
33, 1313, 200, 4, 0
33, 1314, 200, 11, 0
33, 1315, 200, 3, 0
33, 1316, 200, 6, 1
33, 1317, 200, 8, 2
33, 1318, 200, 9, 0
33, 1319, 200, 13, 0
34, 1320, 200, 12, 0
34, 1321, 200, 4, 0
34, 1322, 200, 4, 0
34, 1323, 200, 10, 1
34, 1324, 200, 12, 0
34, 1325, 200, 8, 0
34, 1326, 200, 4, 0
34, 1327, 200, 7, 2
34, 1328, 200, 4, 0
34, 1329, 200, 5, 0
34, 1330, 200, 13, 0
34, 1331, 200, 14, 0
34, 1332, 200, 3, 0
34, 1333, 200, 7, 0
34, 1334, 200, 12, 1
34, 1335, 200, 9, 0
34, 1336, 200, 11, 0
34, 1337, 200, 11, 0
34, 1338, 200, 6, 1
34, 1339, 200, 9, 0
34, 1340, 200, 16, 0
34, 1341, 200, 8, 0
34, 1342, 200, 13, 0
34, 1343, 200, 11, 0
34, 1344, 200, 8, 0
34, 1345, 200, 13, 0
34, 1346, 200, 17, 0
34, 1347, 200, 13, 0
34, 1348, 200, 19, 2
34, 1349, 200, 10, 2
34, 1350, 200, 5, 1
34, 1351, 200, 12, 0
34, 1352, 200, 7, 0
34, 1353, 200, 17, 0
34, 1354, 200, 10, 0
34, 1355, 200, 6, 0
34, 1356, 200, 6, 0
34, 1357, 200, 6, 0
34, 1358, 200, 9, 0
34, 1359, 200, 9, 2
35, 1360, 200, 9, 0
35, 1361, 200, 5, 0
35, 1362, 200, 7, 1
35, 1363, 200, 5, 0
35, 1364, 200, 10, 2
35, 1365, 200, 11, 0
35, 1366, 200, 13, 0
35, 1367, 200, 11, 2
35, 1368, 200, 9, 0
35, 1369, 200, 11, 0
35, 1370, 200, 10, 3
35, 1371, 200, 13, 0
35, 1372, 200, 3, 0
35, 1373, 200, 3, 0
35, 1374, 200, 1, 0
35, 1375, 200, 7, 0
35, 1376, 200, 8, 0
35, 1377, 200, 12, 2
35, 1378, 200, 13, 0
35, 1379, 200, 11, 2
35, 1380, 200, 14, 0
35, 1381, 200, 4, 0
35, 1382, 200, 10, 1
35, 1383, 200, 11, 0
35, 1384, 200, 2, 1
35, 1385, 200, 8, 2
35, 1386, 200, 9, 0
35, 1387, 200, 7, 0
35, 1388, 200, 6, 2
35, 1389, 200, 3, 0
35, 1390, 200, 9, 0
35, 1391, 200, 7, 1
35, 1392, 200, 13, 1
35, 1393, 200, 1, 0
35, 1394, 200, 5, 0
35, 1395, 200, 9, 0
35, 1396, 200, 15, 0
35, 1397, 200, 21, 0
35, 1398, 200, 7, 0
35, 1399, 200, 19, 2
36, 1400, 200, 17, 0
36, 1401, 200, 17, 0
36, 1402, 200, 16, 0
36, 1403, 200, 14, 0
36, 1404, 200, 14, 0
36, 1405, 200, 20, 0
36, 1406, 200, 19, 0
36, 1407, 200, 12, 0
36, 1408, 200, 8, 0
36, 1409, 200, 12, 0
36, 1410, 200, 11, 0
36, 1411, 200, 14, 0
36, 1412, 200, 6, 0
36, 1413, 200, 10, 2
36, 1414, 200, 6, 0
36, 1415, 200, 15, 1
36, 1416, 200, 7, 0
36, 1417, 200, 5, 0
36, 1418, 200, 10, 0
36, 1419, 200, 6, 1
36, 1420, 200, 16, 1
36, 1421, 200, 11, 1
36, 1422, 200, 8, 0
36, 1423, 200, 11, 1
36, 1424, 200, 4, 0
36, 1425, 200, 7, 0
36, 1426, 200, 9, 0
36, 1427, 200, 17, 0
36, 1428, 200, 4, 0
36, 1429, 200, 5, 0
36, 1430, 200, 6, 0
36, 1431, 200, 4, 1
36, 1432, 200, 3, 2
36, 1433, 200, 4, 0
36, 1434, 200, 5, 0
36, 1435, 200, 6, 2
36, 1436, 200, 16, 2
36, 1437, 200, 5, 0
36, 1438, 200, 9, 0
36, 1439, 200, 5, 0
37, 1440, 200, 9, 0
37, 1441, 200, 13, 0
37, 1442, 200, 10, 0
37, 1443, 200, 19, 1
37, 1444, 200, 7, 0
37, 1445, 200, 8, 0
37, 1446, 200, 8, 0
37, 1447, 200, 7, 0
37, 1448, 200, 6, 0
37, 1449, 200, 6, 0
37, 1450, 200, 6, 0
37, 1451, 200, 10, 0
37, 1452, 200, 6, 0
37, 1453, 200, 9, 1
37, 1454, 200, 8, 1
37, 1455, 200, 1, 0
37, 1456, 200, 11, 1
37, 1457, 200, 5, 1
37, 1458, 200, 4, 1
37, 1459, 200, 9, 0
37, 1460, 200, 10, 3
37, 1461, 200, 11, 4
37, 1462, 200, 4, 0
37, 1463, 200, 8, 1
37, 1464, 200, 21, 2
37, 1465, 200, 9, 0
37, 1466, 200, 11, 1
37, 1467, 200, 14, 1
37, 1468, 200, 10, 2
37, 1469, 200, 3, 0
37, 1470, 200, 5, 0
37, 1471, 200, 13, 0
37, 1472, 200, 11, 1
37, 1473, 200, 8, 0
37, 1474, 200, 10, 0
37, 1475, 200, 11, 0
37, 1476, 200, 11, 0
37, 1477, 200, 12, 1
37, 1478, 200, 9, 0
37, 1479, 200, 15, 0
38, 1480, 200, 13, 0
38, 1481, 200, 8, 1
38, 1482, 200, 5, 0
38, 1483, 200, 15, 0
38, 1484, 200, 12, 0
38, 1485, 200, 7, 0
38, 1486, 200, 9, 0
38, 1487, 200, 9, 0
38, 1488, 200, 6, 0
38, 1489, 200, 12, 2
38, 1490, 200, 8, 0
38, 1491, 200, 13, 0
38, 1492, 200, 8, 0
38, 1493, 200, 11, 0
38, 1494, 200, 6, 1
38, 1495, 200, 10, 0
38, 1496, 200, 6, 1
38, 1497, 200, 9, 0
38, 1498, 200, 10, 0
38, 1499, 200, 9, 0
38, 1500, 200, 11, 0
38, 1501, 200, 9, 0
38, 1502, 200, 5, 0
38, 1503, 200, 5, 0
38, 1504, 200, 9, 0
38, 1505, 200, 11, 3
38, 1506, 200, 9, 1
38, 1507, 200, 18, 1
38, 1508, 200, 15, 0
38, 1509, 200, 8, 0
38, 1510, 200, 14, 0
38, 1511, 200, 6, 0
38, 1512, 200, 8, 0
38, 1513, 200, 8, 0
38, 1514, 200, 9, 2
38, 1515, 200, 14, 0
38, 1516, 200, 6, 0
38, 1517, 200, 6, 0
38, 1518, 200, 9, 0
38, 1519, 200, 5, 0
39, 1520, 200, 9, 0
39, 1521, 200, 11, 0
39, 1522, 200, 4, 2
39, 1523, 200, 3, 0
39, 1524, 200, 11, 0
39, 1525, 200, 4, 2
39, 1526, 200, 8, 1
39, 1527, 200, 6, 0
39, 1528, 200, 7, 1
39, 1529, 200, 6, 2
39, 1530, 200, 5, 1
39, 1531, 200, 13, 0
39, 1532, 200, 6, 0
39, 1533, 200, 11, 0
39, 1534, 200, 3, 0
39, 1535, 200, 5, 0
39, 1536, 200, 10, 0
39, 1537, 200, 13, 0
39, 1538, 200, 7, 0
39, 1539, 200, 2, 0
39, 1540, 200, 8, 1
39, 1541, 200, 13, 1
39, 1542, 200, 4, 0
39, 1543, 200, 8, 0
39, 1544, 200, 5, 0
39, 1545, 200, 9, 0
39, 1546, 200, 10, 0
39, 1547, 200, 6, 0
39, 1548, 200, 9, 0
39, 1549, 200, 9, 0
39, 1550, 200, 2, 0
39, 1551, 200, 15, 0
39, 1552, 200, 10, 0
39, 1553, 200, 2, 0
39, 1554, 200, 7, 0
39, 1555, 200, 9, 0
39, 1556, 200, 5, 0
39, 1557, 200, 4, 0
39, 1558, 200, 7, 0
39, 1559, 200, 10, 0
40, 1560, 200, 5, 0
40, 1561, 200, 6, 0
40, 1562, 200, 9, 0
40, 1563, 200, 12, 0
40, 1564, 200, 3, 1
40, 1565, 200, 8, 0
40, 1566, 200, 11, 0
40, 1567, 200, 2, 0
40, 1568, 200, 1, 0
40, 1569, 200, 1, 2
40, 1570, 200, 7, 0
40, 1571, 200, 4, 0
40, 1572, 200, 3, 1
40, 1573, 200, 6, 2
40, 1574, 200, 3, 0
40, 1575, 200, 5, 0
40, 1576, 200, 5, 0
40, 1577, 200, 8, 2
40, 1578, 200, 10, 0
40, 1579, 200, 8, 0
40, 1580, 200, 11, 0
40, 1581, 200, 5, 1
40, 1582, 200, 6, 0
40, 1583, 200, 6, 0
40, 1584, 200, 10, 0
40, 1585, 200, 2, 0
40, 1586, 200, 4, 0
40, 1587, 200, 15, 0
40, 1588, 200, 8, 0
40, 1589, 200, 10, 1
40, 1590, 200, 13, 0
40, 1591, 200, 7, 0
40, 1592, 200, 6, 0
40, 1593, 200, 4, 0
40, 1594, 200, 2, 0
40, 1595, 200, 4, 0
40, 1596, 200, 7, 2
40, 1597, 200, 4, 0
40, 1598, 200, 10, 0
40, 1599, 200, 4, 0
41, 1600, 200, 9, 1
41, 1601, 200, 6, 0
41, 1602, 200, 11, 0
41, 1603, 200, 6, 0
41, 1604, 200, 10, 0
41, 1605, 200, 8, 0
41, 1606, 200, 9, 2
41, 1607, 200, 10, 0
41, 1608, 200, 4, 0
41, 1609, 200, 5, 0
41, 1610, 200, 2, 0
41, 1611, 200, 6, 1
41, 1612, 200, 4, 2
41, 1613, 200, 8, 1
41, 1614, 200, 6, 0
41, 1615, 200, 6, 0
41, 1616, 200, 8, 0
41, 1617, 200, 12, 0
41, 1618, 200, 9, 0
41, 1619, 200, 4, 1
41, 1620, 200, 5, 1
41, 1621, 200, 13, 0
41, 1622, 200, 7, 0
41, 1623, 200, 15, 1
41, 1624, 200, 15, 2
41, 1625, 200, 6, 2
41, 1626, 200, 6, 2
41, 1627, 200, 10, 0
41, 1628, 200, 4, 0
41, 1629, 200, 8, 0
41, 1630, 200, 9, 0
41, 1631, 200, 6, 1
41, 1632, 200, 7, 0
41, 1633, 200, 7, 1
41, 1634, 200, 4, 1
41, 1635, 200, 9, 0
41, 1636, 200, 8, 0
41, 1637, 200, 24, 0
41, 1638, 200, 9, 2
41, 1639, 200, 6, 0
42, 1640, 200, 5, 0
42, 1641, 200, 12, 0
42, 1642, 200, 7, 0
42, 1643, 200, 13, 0
42, 1644, 200, 9, 0
42, 1645, 200, 14, 0
42, 1646, 200, 10, 0
42, 1647, 200, 13, 0
42, 1648, 200, 19, 0
42, 1649, 200, 10, 0
42, 1650, 200, 5, 0
42, 1651, 200, 5, 0
42, 1652, 200, 4, 0
42, 1653, 200, 4, 0
42, 1654, 200, 4, 1
42, 1655, 200, 8, 0
42, 1656, 200, 10, 2
42, 1657, 200, 7, 0
42, 1658, 200, 3, 0
42, 1659, 200, 5, 0
42, 1660, 200, 7, 1
42, 1661, 200, 8, 0
42, 1662, 200, 3, 0
42, 1663, 200, 3, 0
42, 1664, 200, 6, 0
42, 1665, 200, 9, 0
42, 1666, 200, 4, 0
42, 1667, 200, 6, 0
42, 1668, 200, 10, 0
42, 1669, 200, 4, 1
42, 1670, 200, 6, 1
42, 1671, 200, 5, 0
42, 1672, 200, 12, 0
42, 1673, 200, 4, 0
42, 1674, 200, 3, 4
42, 1675, 200, 4, 0
42, 1676, 200, 7, 2
42, 1677, 200, 5, 0
42, 1678, 200, 4, 0
42, 1679, 200, 8, 0
43, 1680, 200, 3, 0
43, 1681, 200, 2, 0
43, 1682, 200, 7, 0
43, 1683, 200, 17, 0
43, 1684, 200, 6, 2
43, 1685, 200, 2, 0
43, 1686, 200, 3, 1
43, 1687, 200, 8, 2
43, 1688, 200, 9, 0
43, 1689, 200, 12, 0
43, 1690, 200, 19, 0
43, 1691, 200, 15, 0
43, 1692, 200, 11, 0
43, 1693, 200, 6, 0
43, 1694, 200, 6, 1
43, 1695, 200, 3, 1
43, 1696, 200, 6, 0
43, 1697, 200, 7, 3
43, 1698, 200, 5, 1
43, 1699, 200, 11, 0
43, 1700, 200, 7, 0
43, 1701, 200, 12, 0
43, 1702, 200, 9, 0
43, 1703, 200, 12, 0
43, 1704, 200, 14, 0
43, 1705, 200, 14, 0
43, 1706, 200, 9, 0
43, 1707, 200, 13, 1
43, 1708, 200, 2, 1
43, 1709, 200, 5, 1
43, 1710, 200, 6, 0
43, 1711, 200, 16, 0
43, 1712, 200, 4, 0
43, 1713, 200, 7, 0
43, 1714, 200, 4, 2
43, 1715, 200, 4, 0
43, 1716, 200, 9, 2
43, 1717, 200, 8, 0
43, 1718, 200, 5, 0
43, 1719, 200, 8, 0
44, 1720, 200, 13, 0
44, 1721, 200, 5, 0
44, 1722, 200, 4, 0
44, 1723, 200, 3, 0
44, 1724, 200, 3, 0
44, 1725, 200, 10, 0
44, 1726, 200, 8, 0
44, 1727, 200, 6, 0
44, 1728, 200, 5, 0
44, 1729, 200, 6, 0
44, 1730, 200, 11, 2
44, 1731, 200, 11, 0
44, 1732, 200, 8, 0
44, 1733, 200, 4, 0
44, 1734, 200, 4, 0
44, 1735, 200, 8, 0
44, 1736, 200, 4, 0
44, 1737, 200, 5, 0
44, 1738, 200, 3, 1
44, 1739, 200, 6, 1
44, 1740, 200, 3, 0
44, 1741, 200, 7, 0
44, 1742, 200, 4, 0
44, 1743, 200, 3, 0
44, 1744, 200, 8, 0
44, 1745, 200, 5, 0
44, 1746, 200, 3, 0
44, 1747, 200, 6, 0
44, 1748, 200, 3, 0
44, 1749, 200, 3, 0
44, 1750, 200, 3, 0
44, 1751, 200, 5, 0
44, 1752, 200, 8, 0
44, 1753, 200, 2, 0
44, 1754, 200, 9, 0
44, 1755, 200, 8, 1
44, 1756, 200, 9, 1
44, 1757, 200, 8, 0
44, 1758, 200, 3, 0
44, 1759, 200, 3, 0
45, 1760, 200, 5, 0
45, 1761, 200, 10, 1
45, 1762, 200, 4, 1
45, 1763, 200, 4, 0
45, 1764, 200, 6, 0
45, 1765, 200, 1, 0
45, 1766, 200, 2, 0
45, 1767, 200, 3, 0
45, 1768, 200, 3, 0
45, 1769, 200, 6, 0
45, 1770, 200, 6, 0
45, 1771, 200, 6, 1
45, 1772, 200, 4, 0
45, 1773, 200, 3, 0
45, 1774, 200, 5, 0
45, 1775, 200, 4, 0
45, 1776, 200, 7, 1
45, 1777, 200, 6, 0
45, 1778, 200, 5, 1
45, 1779, 200, 17, 1
45, 1780, 200, 6, 1
45, 1781, 200, 8, 0
45, 1782, 200, 9, 0
45, 1783, 200, 6, 0
45, 1784, 200, 11, 0
45, 1785, 200, 5, 0
45, 1786, 200, 7, 0
45, 1787, 200, 11, 0
45, 1788, 200, 2, 0
45, 1789, 200, 13, 0
45, 1790, 200, 3, 0
45, 1791, 200, 7, 0
45, 1792, 200, 6, 1
45, 1793, 200, 2, 0
45, 1794, 200, 4, 0
45, 1795, 200, 7, 0
45, 1796, 200, 7, 0
45, 1797, 200, 3, 0
45, 1798, 200, 13, 0
45, 1799, 200, 9, 0
46, 1800, 200, 5, 0
46, 1801, 200, 1, 0
46, 1802, 200, 8, 0
46, 1803, 200, 10, 0
46, 1804, 200, 5, 0
46, 1805, 200, 10, 0
46, 1806, 200, 8, 2
46, 1807, 200, 4, 0
46, 1808, 200, 6, 0
46, 1809, 200, 8, 0
46, 1810, 200, 5, 0
46, 1811, 200, 8, 2
46, 1812, 200, 3, 0
46, 1813, 200, 2, 0
46, 1814, 200, 5, 0
46, 1815, 200, 5, 0
46, 1816, 200, 3, 0
46, 1817, 200, 4, 0
46, 1818, 200, 4, 0
46, 1819, 200, 6, 0
46, 1820, 200, 13, 0
46, 1821, 200, 6, 0
46, 1822, 200, 5, 2
46, 1823, 200, 3, 0
46, 1824, 200, 4, 0
46, 1825, 200, 4, 0
46, 1826, 200, 11, 2
46, 1827, 200, 6, 0
46, 1828, 200, 4, 0
46, 1829, 200, 3, 2
46, 1830, 200, 0, 0
46, 1831, 200, 4, 0
46, 1832, 200, 2, 0
46, 1833, 200, 6, 0
46, 1834, 200, 2, 0
46, 1835, 200, 9, 0
46, 1836, 200, 12, 0
46, 1837, 200, 14, 0
46, 1838, 200, 6, 0
46, 1839, 200, 12, 1
47, 1840, 200, 6, 1
47, 1841, 200, 3, 0
47, 1842, 200, 4, 0
47, 1843, 200, 4, 0
47, 1844, 200, 3, 0
47, 1845, 200, 5, 0
47, 1846, 200, 6, 0
47, 1847, 200, 8, 2
47, 1848, 200, 7, 2
47, 1849, 200, 3, 0
47, 1850, 200, 7, 0
47, 1851, 200, 4, 0
47, 1852, 200, 6, 0
47, 1853, 200, 4, 0
47, 1854, 200, 3, 2
47, 1855, 200, 9, 2
47, 1856, 200, 6, 0
47, 1857, 200, 7, 0
47, 1858, 200, 5, 0
47, 1859, 200, 9, 0
47, 1860, 200, 12, 2
47, 1861, 200, 5, 0
47, 1862, 200, 7, 0
47, 1863, 200, 4, 3
47, 1864, 200, 5, 0
47, 1865, 200, 9, 1
47, 1866, 200, 4, 3
47, 1867, 200, 6, 0
47, 1868, 200, 11, 0
47, 1869, 200, 7, 0
47, 1870, 200, 10, 0
47, 1871, 200, 6, 1
47, 1872, 200, 4, 0
47, 1873, 200, 5, 0
47, 1874, 200, 6, 0
47, 1875, 200, 8, 0
47, 1876, 200, 7, 0
47, 1877, 200, 8, 0
47, 1878, 200, 14, 0
47, 1879, 200, 15, 0
48, 1880, 200, 12, 0
48, 1881, 200, 7, 0
48, 1882, 200, 9, 0
48, 1883, 200, 11, 0
48, 1884, 200, 10, 0
48, 1885, 200, 9, 0
48, 1886, 200, 14, 0
48, 1887, 200, 10, 0
48, 1888, 200, 11, 4
48, 1889, 200, 8, 0
48, 1890, 200, 11, 0
48, 1891, 200, 6, 0
48, 1892, 200, 3, 0
48, 1893, 200, 8, 0
48, 1894, 200, 8, 0
48, 1895, 200, 5, 2
48, 1896, 200, 8, 0
48, 1897, 200, 10, 0
48, 1898, 200, 3, 0
48, 1899, 200, 9, 0
48, 1900, 200, 10, 0
48, 1901, 200, 16, 0
48, 1902, 200, 7, 0
48, 1903, 200, 4, 0
48, 1904, 200, 17, 0
48, 1905, 200, 9, 0
48, 1906, 200, 11, 0
48, 1907, 200, 8, 0
48, 1908, 200, 7, 0
48, 1909, 200, 5, 0
48, 1910, 200, 16, 0
48, 1911, 200, 17, 0
48, 1912, 200, 8, 0
48, 1913, 200, 8, 0
48, 1914, 200, 8, 0
48, 1915, 200, 5, 0
48, 1916, 200, 12, 0
48, 1917, 200, 6, 0
48, 1918, 200, 5, 0
48, 1919, 200, 10, 0
49, 1920, 200, 15, 0
49, 1921, 200, 13, 1
49, 1922, 200, 7, 1
49, 1923, 200, 5, 0
49, 1924, 200, 4, 1
49, 1925, 200, 6, 0
49, 1926, 200, 11, 1
49, 1927, 200, 5, 0
49, 1928, 200, 6, 0
49, 1929, 200, 9, 0
49, 1930, 200, 8, 0
49, 1931, 200, 9, 0
49, 1932, 200, 9, 0
49, 1933, 200, 6, 0
49, 1934, 200, 14, 0
49, 1935, 200, 10, 0
49, 1936, 200, 4, 0
49, 1937, 200, 12, 0
49, 1938, 200, 10, 0
49, 1939, 200, 5, 1
49, 1940, 200, 7, 0
49, 1941, 200, 5, 0
49, 1942, 200, 6, 1
49, 1943, 200, 9, 0
49, 1944, 200, 6, 0
49, 1945, 200, 6, 0
49, 1946, 200, 5, 0
49, 1947, 200, 3, 0
49, 1948, 200, 3, 0
49, 1949, 200, 3, 0
49, 1950, 200, 8, 0
49, 1951, 200, 2, 0
49, 1952, 200, 11, 0
49, 1953, 200, 4, 0
49, 1954, 200, 8, 0
49, 1955, 200, 4, 0
49, 1956, 200, 6, 0
49, 1957, 200, 6, 0
49, 1958, 200, 7, 0
49, 1959, 200, 5, 0
50, 1960, 200, 8, 0
50, 1961, 200, 3, 0
50, 1962, 200, 7, 0
50, 1963, 200, 6, 0
50, 1964, 200, 5, 0
50, 1965, 200, 1, 0
50, 1966, 200, 5, 0
50, 1967, 200, 4, 1
50, 1968, 200, 5, 0
50, 1969, 200, 5, 0
50, 1970, 200, 2, 1
50, 1971, 200, 6, 1
50, 1972, 200, 4, 0
50, 1973, 200, 5, 0
50, 1974, 200, 7, 3
50, 1975, 200, 9, 0
50, 1976, 200, 6, 0
50, 1977, 200, 10, 0
50, 1978, 200, 4, 0
50, 1979, 200, 5, 3
50, 1980, 200, 8, 1
50, 1981, 200, 8, 0
50, 1982, 200, 12, 0
50, 1983, 200, 16, 0
50, 1984, 200, 7, 0
50, 1985, 200, 2, 0
50, 1986, 200, 7, 0
50, 1987, 200, 3, 0
50, 1988, 200, 5, 0
50, 1989, 200, 9, 0
50, 1990, 200, 14, 0
50, 1991, 200, 7, 2
50, 1992, 200, 9, 0
50, 1993, 200, 3, 0
50, 1994, 200, 4, 0
50, 1995, 200, 12, 0
50, 1996, 200, 11, 0
50, 1997, 200, 8, 0
50, 1998, 200, 14, 0
50, 1999, 200, 12, 0
51, 2000, 200, 8, 0
51, 2001, 200, 3, 1
51, 2002, 200, 9, 0
51, 2003, 200, 4, 1
51, 2004, 200, 8, 0
51, 2005, 200, 2, 0
51, 2006, 200, 6, 0
51, 2007, 200, 6, 0
51, 2008, 200, 2, 0
51, 2009, 200, 6, 0
51, 2010, 200, 10, 0
51, 2011, 200, 7, 0
51, 2012, 200, 7, 0
51, 2013, 200, 6, 0
51, 2014, 200, 5, 0
51, 2015, 200, 5, 0
51, 2016, 200, 7, 0
51, 2017, 200, 4, 0
51, 2018, 200, 8, 0
51, 2019, 200, 8, 0
51, 2020, 200, 11, 0
51, 2021, 200, 7, 0
51, 2022, 200, 5, 0
51, 2023, 200, 3, 0
51, 2024, 200, 2, 0
51, 2025, 200, 5, 0
51, 2026, 200, 3, 0
51, 2027, 200, 5, 0
51, 2028, 200, 6, 0
51, 2029, 200, 5, 0
51, 2030, 200, 5, 0
51, 2031, 200, 3, 0
51, 2032, 200, 1, 0
51, 2033, 200, 1, 0
51, 2034, 200, 6, 0
51, 2035, 200, 7, 0
51, 2036, 200, 9, 0
51, 2037, 200, 7, 0
51, 2038, 200, 3, 0
51, 2039, 200, 4, 0
52, 2040, 200, 6, 0
52, 2041, 200, 2, 0
52, 2042, 200, 5, 0
52, 2043, 200, 6, 0
52, 2044, 200, 8, 0
52, 2045, 200, 6, 0
52, 2046, 200, 8, 0
52, 2047, 200, 5, 0
52, 2048, 200, 10, 2
52, 2049, 200, 8, 2
52, 2050, 200, 8, 0
52, 2051, 200, 6, 2
52, 2052, 200, 4, 0
52, 2053, 200, 5, 0
52, 2054, 200, 15, 1
52, 2055, 200, 18, 2
52, 2056, 200, 9, 0
52, 2057, 200, 6, 0
52, 2058, 200, 6, 0
52, 2059, 200, 7, 0
52, 2060, 200, 10, 0
52, 2061, 200, 11, 0
52, 2062, 200, 7, 0
52, 2063, 200, 8, 0
52, 2064, 200, 13, 0
52, 2065, 200, 9, 0
52, 2066, 200, 7, 0
52, 2067, 200, 11, 0
52, 2068, 200, 7, 0
52, 2069, 200, 10, 0
52, 2070, 200, 8, 0
52, 2071, 200, 5, 1
52, 2072, 200, 16, 0
52, 2073, 200, 2, 0
52, 2074, 200, 15, 0
52, 2075, 200, 4, 0
52, 2076, 200, 9, 0
52, 2077, 200, 16, 0
52, 2078, 200, 7, 0
52, 2079, 200, 4, 0
53, 2080, 200, 9, 0
53, 2081, 200, 12, 0
53, 2082, 200, 5, 0
53, 2083, 200, 9, 0
53, 2084, 200, 3, 0
53, 2085, 200, 7, 0
53, 2086, 200, 6, 0
53, 2087, 200, 6, 0
53, 2088, 200, 6, 1
53, 2089, 200, 3, 0
53, 2090, 200, 10, 0
53, 2091, 200, 2, 0
53, 2092, 200, 7, 0
53, 2093, 200, 9, 0
53, 2094, 200, 10, 0
53, 2095, 200, 11, 0
53, 2096, 200, 7, 0
53, 2097, 200, 11, 0
53, 2098, 200, 7, 0
53, 2099, 200, 6, 0
53, 2100, 200, 6, 0
53, 2101, 200, 6, 0
53, 2102, 200, 15, 0
53, 2103, 200, 14, 0
53, 2104, 200, 6, 0
53, 2105, 200, 0, 0
53, 2106, 200, 2, 0
53, 2107, 200, 4, 0
53, 2108, 200, 4, 0
53, 2109, 200, 6, 0
53, 2110, 200, 11, 0
53, 2111, 200, 13, 2
53, 2112, 200, 9, 0
53, 2113, 200, 10, 1
53, 2114, 200, 9, 1
53, 2115, 200, 10, 1
53, 2116, 200, 12, 1
53, 2117, 200, 9, 2
53, 2118, 200, 5, 1
53, 2119, 200, 9, 1
54, 2120, 200, 10, 1
54, 2121, 200, 7, 1
54, 2122, 200, 14, 0
54, 2123, 200, 7, 0
54, 2124, 200, 10, 2
54, 2125, 200, 3, 0
54, 2126, 200, 6, 0
54, 2127, 200, 11, 2
54, 2128, 200, 8, 3
54, 2129, 200, 23, 4
54, 2130, 200, 13, 0
54, 2131, 200, 5, 0
54, 2132, 200, 6, 0
54, 2133, 200, 5, 0
54, 2134, 200, 10, 0
54, 2135, 200, 4, 0
54, 2136, 200, 7, 0
54, 2137, 200, 9, 0
54, 2138, 200, 12, 2
54, 2139, 200, 8, 0
54, 2140, 200, 9, 0
54, 2141, 200, 11, 0
54, 2142, 200, 15, 0
54, 2143, 200, 7, 0
54, 2144, 200, 11, 0
54, 2145, 200, 9, 0
54, 2146, 200, 13, 0
54, 2147, 200, 5, 1
54, 2148, 200, 6, 1
54, 2149, 200, 8, 0
54, 2150, 200, 9, 0
54, 2151, 200, 8, 0
54, 2152, 200, 2, 0
54, 2153, 200, 4, 0
54, 2154, 200, 6, 2
54, 2155, 200, 11, 0
54, 2156, 200, 8, 1
54, 2157, 200, 8, 0
54, 2158, 200, 6, 1
54, 2159, 200, 4, 0
55, 2160, 200, 2, 0
55, 2161, 200, 7, 0
55, 2162, 200, 7, 0
55, 2163, 200, 8, 0
55, 2164, 200, 7, 0
55, 2165, 200, 3, 0
55, 2166, 200, 12, 0
55, 2167, 200, 11, 0
55, 2168, 200, 5, 0
55, 2169, 200, 8, 4
55, 2170, 200, 10, 0
55, 2171, 200, 3, 0
55, 2172, 200, 4, 0
55, 2173, 200, 15, 0
55, 2174, 200, 6, 0
55, 2175, 200, 11, 0
55, 2176, 200, 2, 0
55, 2177, 200, 11, 2
55, 2178, 200, 5, 0
55, 2179, 200, 6, 1
55, 2180, 200, 6, 1
55, 2181, 200, 6, 2
55, 2182, 200, 8, 4
55, 2183, 200, 11, 0
55, 2184, 200, 11, 0
55, 2185, 200, 6, 0
55, 2186, 200, 9, 0
55, 2187, 200, 3, 0
55, 2188, 200, 2, 0
55, 2189, 200, 7, 0
55, 2190, 200, 12, 0
55, 2191, 200, 9, 1
55, 2192, 200, 2, 0
55, 2193, 200, 8, 0
55, 2194, 200, 14, 4
55, 2195, 200, 6, 0
55, 2196, 200, 10, 1
55, 2197, 200, 7, 1
55, 2198, 200, 8, 0
55, 2199, 200, 6, 0
56, 2200, 200, 8, 0
56, 2201, 200, 6, 0
56, 2202, 200, 4, 0
56, 2203, 200, 5, 0
56, 2204, 200, 3, 0
56, 2205, 200, 3, 0
56, 2206, 200, 3, 0
56, 2207, 200, 4, 1
56, 2208, 200, 4, 0
56, 2209, 200, 10, 0
56, 2210, 200, 6, 0
56, 2211, 200, 2, 0
56, 2212, 200, 5, 0
56, 2213, 200, 2, 0
56, 2214, 200, 6, 1
56, 2215, 200, 3, 2
56, 2216, 200, 9, 0
56, 2217, 200, 7, 2
56, 2218, 200, 8, 0
56, 2219, 200, 7, 0
56, 2220, 200, 5, 0
56, 2221, 200, 5, 0
56, 2222, 200, 4, 0
56, 2223, 200, 6, 0
56, 2224, 200, 11, 0
56, 2225, 200, 6, 4
56, 2226, 200, 12, 1
56, 2227, 200, 13, 2
56, 2228, 200, 4, 1
56, 2229, 200, 7, 0
56, 2230, 200, 7, 0
56, 2231, 200, 10, 0
56, 2232, 200, 18, 0
56, 2233, 200, 7, 0
56, 2234, 200, 6, 0
56, 2235, 200, 14, 0
56, 2236, 200, 1, 0
56, 2237, 200, 5, 1
56, 2238, 200, 13, 0
56, 2239, 200, 9, 0
57, 2240, 200, 9, 0
57, 2241, 200, 5, 1
57, 2242, 200, 5, 0
57, 2243, 200, 6, 0
57, 2244, 200, 4, 0
57, 2245, 200, 6, 2
57, 2246, 200, 4, 0
57, 2247, 200, 8, 2
57, 2248, 200, 6, 0
57, 2249, 200, 2, 0
57, 2250, 200, 13, 0
57, 2251, 200, 12, 0
57, 2252, 200, 13, 1
57, 2253, 200, 12, 0
57, 2254, 200, 11, 0
57, 2255, 200, 5, 0
57, 2256, 200, 7, 0
57, 2257, 200, 7, 0
57, 2258, 200, 6, 1
57, 2259, 200, 8, 1
57, 2260, 200, 2, 0
57, 2261, 200, 7, 0
57, 2262, 200, 5, 0
57, 2263, 200, 4, 0
57, 2264, 200, 8, 0
57, 2265, 200, 10, 0
57, 2266, 200, 2, 0
57, 2267, 200, 7, 0
57, 2268, 200, 6, 0
57, 2269, 200, 10, 0
57, 2270, 200, 10, 2
57, 2271, 200, 11, 0
57, 2272, 200, 8, 0
57, 2273, 200, 10, 0
57, 2274, 200, 7, 0
57, 2275, 200, 10, 0
57, 2276, 200, 6, 0
57, 2277, 200, 12, 1
57, 2278, 200, 1, 0
57, 2279, 200, 5, 0
58, 2280, 200, 9, 1
58, 2281, 200, 3, 0
58, 2282, 200, 6, 1
58, 2283, 200, 9, 0
58, 2284, 200, 4, 1
58, 2285, 200, 8, 0
58, 2286, 200, 7, 0
58, 2287, 200, 7, 0
58, 2288, 200, 9, 0
58, 2289, 200, 4, 0
58, 2290, 200, 3, 0
58, 2291, 200, 0, 0
58, 2292, 200, 4, 2
58, 2293, 200, 0, 0
58, 2294, 200, 3, 0
58, 2295, 200, 11, 0
58, 2296, 200, 7, 0
58, 2297, 200, 3, 0
58, 2298, 200, 6, 0
58, 2299, 200, 15, 0
58, 2300, 200, 10, 0
58, 2301, 200, 10, 0
58, 2302, 200, 10, 0
58, 2303, 200, 5, 0
58, 2304, 200, 11, 0
58, 2305, 200, 7, 0
58, 2306, 200, 9, 1
58, 2307, 200, 7, 3
58, 2308, 200, 3, 0
58, 2309, 200, 11, 0
58, 2310, 200, 12, 0
58, 2311, 200, 11, 0
58, 2312, 200, 7, 0
58, 2313, 200, 7, 0
58, 2314, 200, 3, 0
58, 2315, 200, 4, 0
58, 2316, 200, 2, 0
58, 2317, 200, 1, 0
58, 2318, 200, 3, 0
58, 2319, 200, 7, 0
59, 2320, 200, 9, 0
59, 2321, 200, 5, 0
59, 2322, 200, 3, 0
59, 2323, 200, 3, 0
59, 2324, 200, 2, 0
59, 2325, 200, 7, 0
59, 2326, 200, 8, 0
59, 2327, 200, 4, 0
59, 2328, 200, 5, 1
59, 2329, 200, 0, 6
59, 2330, 200, 7, 0
59, 2331, 200, 1, 1
59, 2332, 200, 4, 2
59, 2333, 200, 2, 0
59, 2334, 200, 7, 0
59, 2335, 200, 6, 2
59, 2336, 200, 4, 0
59, 2337, 200, 9, 0
59, 2338, 200, 5, 0
59, 2339, 200, 7, 0
59, 2340, 200, 9, 0
59, 2341, 200, 7, 0
59, 2342, 200, 5, 0
59, 2343, 200, 6, 0
59, 2344, 200, 3, 0
59, 2345, 200, 6, 0
59, 2346, 200, 10, 0
59, 2347, 200, 8, 0
59, 2348, 200, 4, 0
59, 2349, 200, 4, 0
59, 2350, 200, 3, 0
59, 2351, 200, 1, 0
59, 2352, 200, 7, 0
59, 2353, 200, 0, 0
59, 2354, 200, 3, 0
59, 2355, 200, 5, 0
59, 2356, 200, 7, 0
59, 2357, 200, 7, 0
59, 2358, 200, 0, 0
59, 2359, 200, 3, 2
60, 2360, 200, 3, 0
60, 2361, 200, 6, 4
60, 2362, 200, 2, 0
60, 2363, 200, 5, 0
60, 2364, 200, 3, 0
60, 2365, 200, 5, 0
60, 2366, 200, 5, 0
60, 2367, 200, 3, 0
60, 2368, 200, 4, 0
60, 2369, 200, 4, 0
60, 2370, 200, 3, 0
60, 2371, 200, 5, 0
60, 2372, 200, 2, 0
60, 2373, 200, 6, 1
60, 2374, 200, 6, 0
60, 2375, 200, 5, 0
60, 2376, 200, 6, 0
60, 2377, 200, 7, 0
60, 2378, 200, 3, 0
60, 2379, 200, 2, 1
60, 2380, 200, 7, 0
60, 2381, 200, 2, 0
60, 2382, 200, 0, 1
60, 2383, 200, 3, 2
60, 2384, 200, 4, 0
60, 2385, 200, 4, 0
60, 2386, 200, 4, 0
60, 2387, 200, 6, 0
60, 2388, 200, 12, 0
60, 2389, 200, 5, 2
60, 2390, 200, 11, 0
60, 2391, 200, 3, 1
60, 2392, 200, 5, 0
60, 2393, 200, 8, 0
60, 2394, 200, 8, 0
60, 2395, 200, 6, 0
60, 2396, 200, 6, 0
60, 2397, 200, 3, 0
60, 2398, 200, 11, 0
60, 2399, 200, 1, 0
61, 2400, 200, 10, 0
61, 2401, 200, 4, 0
61, 2402, 200, 10, 0
61, 2403, 200, 6, 0
61, 2404, 200, 5, 0
61, 2405, 200, 5, 0
61, 2406, 200, 4, 0
61, 2407, 200, 4, 0
61, 2408, 200, 6, 0
61, 2409, 200, 7, 0
61, 2410, 200, 9, 2
61, 2411, 200, 5, 0
61, 2412, 200, 7, 0
61, 2413, 200, 4, 1
61, 2414, 200, 7, 1
61, 2415, 200, 5, 1
61, 2416, 200, 3, 0
61, 2417, 200, 3, 0
61, 2418, 200, 7, 1
61, 2419, 200, 8, 0
61, 2420, 200, 5, 0
61, 2421, 200, 9, 3
61, 2422, 200, 3, 1
61, 2423, 200, 7, 2
61, 2424, 200, 2, 0
61, 2425, 200, 6, 0
61, 2426, 200, 8, 0
61, 2427, 200, 7, 0
61, 2428, 200, 3, 0
61, 2429, 200, 11, 0
61, 2430, 200, 2, 0
61, 2431, 200, 10, 0
61, 2432, 200, 6, 0
61, 2433, 200, 8, 0
61, 2434, 200, 11, 0
61, 2435, 200, 8, 0
61, 2436, 200, 14, 0
61, 2437, 200, 7, 0
61, 2438, 200, 7, 0
61, 2439, 200, 7, 0
62, 2440, 200, 4, 2
62, 2441, 200, 5, 2
62, 2442, 200, 12, 3
62, 2443, 200, 4, 0
62, 2444, 200, 7, 0
62, 2445, 200, 6, 0
62, 2446, 200, 8, 0
62, 2447, 200, 2, 0
62, 2448, 200, 9, 2
62, 2449, 200, 7, 0
62, 2450, 200, 4, 0
62, 2451, 200, 5, 1
62, 2452, 200, 6, 2
62, 2453, 200, 5, 0
62, 2454, 200, 7, 0
62, 2455, 200, 4, 0
62, 2456, 200, 5, 0
62, 2457, 200, 5, 0
62, 2458, 200, 8, 0
62, 2459, 200, 2, 0
62, 2460, 200, 5, 0
62, 2461, 200, 7, 0
62, 2462, 200, 6, 0
62, 2463, 200, 3, 0
62, 2464, 200, 6, 0
62, 2465, 200, 5, 0
62, 2466, 200, 3, 0
62, 2467, 200, 9, 0
62, 2468, 200, 4, 2
62, 2469, 200, 12, 0
62, 2470, 200, 5, 0
62, 2471, 200, 6, 2
62, 2472, 200, 8, 0
62, 2473, 200, 9, 0
62, 2474, 200, 7, 0
62, 2475, 200, 9, 0
62, 2476, 200, 4, 0
62, 2477, 200, 7, 0
62, 2478, 200, 5, 0
62, 2479, 200, 10, 0
63, 2480, 200, 6, 0
63, 2481, 200, 2, 0
63, 2482, 200, 4, 0
63, 2483, 200, 5, 0
63, 2484, 200, 5, 0
63, 2485, 200, 3, 0
63, 2486, 200, 5, 2
63, 2487, 200, 6, 0
63, 2488, 200, 5, 0
63, 2489, 200, 5, 0
63, 2490, 200, 6, 0
63, 2491, 200, 8, 0
63, 2492, 200, 6, 0
63, 2493, 200, 11, 0
63, 2494, 200, 9, 0
63, 2495, 200, 8, 0
63, 2496, 200, 8, 0
63, 2497, 200, 10, 0
63, 2498, 200, 10, 0
63, 2499, 200, 15, 0
63, 2500, 200, 9, 0
63, 2501, 200, 7, 0
63, 2502, 200, 5, 0
63, 2503, 200, 6, 0
63, 2504, 200, 4, 0
63, 2505, 200, 5, 1
63, 2506, 200, 9, 0
63, 2507, 200, 8, 0
63, 2508, 200, 7, 0
63, 2509, 200, 9, 3
63, 2510, 200, 9, 0
63, 2511, 200, 6, 0
63, 2512, 200, 2, 0
63, 2513, 200, 5, 0
63, 2514, 200, 4, 0
63, 2515, 200, 4, 0
63, 2516, 200, 6, 0
63, 2517, 200, 6, 0
63, 2518, 200, 5, 0
63, 2519, 200, 3, 1
64, 2520, 200, 7, 1
64, 2521, 200, 4, 0
64, 2522, 200, 1, 0
64, 2523, 200, 9, 0
64, 2524, 200, 4, 0
64, 2525, 200, 19, 0
64, 2526, 200, 8, 0
64, 2527, 200, 5, 0
64, 2528, 200, 8, 0
64, 2529, 200, 5, 0
64, 2530, 200, 6, 0
64, 2531, 200, 6, 0
64, 2532, 200, 7, 0
64, 2533, 200, 4, 0
64, 2534, 200, 8, 0
64, 2535, 200, 9, 0
64, 2536, 200, 9, 0
64, 2537, 200, 3, 1
64, 2538, 200, 4, 0
64, 2539, 200, 6, 0
64, 2540, 200, 6, 0
64, 2541, 200, 2, 0
64, 2542, 200, 5, 0
64, 2543, 200, 3, 0
64, 2544, 200, 2, 0
64, 2545, 200, 7, 0
64, 2546, 200, 7, 0
64, 2547, 200, 6, 0
64, 2548, 200, 5, 0
64, 2549, 200, 7, 0
64, 2550, 200, 2, 0
64, 2551, 200, 4, 1
64, 2552, 200, 5, 1
64, 2553, 200, 3, 2
64, 2554, 200, 13, 0
64, 2555, 200, 1, 0
64, 2556, 200, 5, 0
64, 2557, 200, 7, 0
64, 2558, 200, 6, 0
64, 2559, 200, 8, 0
65, 2560, 200, 3, 2
65, 2561, 200, 6, 0
65, 2562, 200, 8, 0
65, 2563, 200, 6, 2
65, 2564, 200, 5, 0
65, 2565, 200, 7, 0
65, 2566, 200, 8, 0
65, 2567, 200, 5, 0
65, 2568, 200, 6, 1
65, 2569, 200, 9, 0
65, 2570, 200, 10, 0
65, 2571, 200, 15, 0
65, 2572, 200, 7, 0
65, 2573, 200, 9, 0
65, 2574, 200, 12, 4
65, 2575, 200, 8, 0
65, 2576, 200, 18, 2
65, 2577, 200, 15, 0
65, 2578, 200, 20, 0
65, 2579, 200, 10, 0
65, 2580, 200, 6, 0
65, 2581, 200, 8, 0
65, 2582, 200, 10, 0
65, 2583, 200, 5, 0
65, 2584, 200, 8, 0
65, 2585, 200, 6, 0
65, 2586, 200, 0, 0
65, 2587, 200, 5, 0
65, 2588, 200, 6, 0
65, 2589, 200, 5, 0
65, 2590, 200, 8, 0
65, 2591, 200, 9, 0
65, 2592, 200, 6, 0
65, 2593, 200, 6, 0
65, 2594, 200, 7, 0
65, 2595, 200, 14, 0
65, 2596, 200, 1, 0
65, 2597, 200, 2, 2
65, 2598, 200, 13, 0
65, 2599, 200, 5, 0
66, 2600, 200, 8, 0
66, 2601, 200, 2, 0
66, 2602, 200, 6, 0
66, 2603, 200, 10, 0
66, 2604, 200, 9, 0
66, 2605, 200, 8, 2
66, 2606, 200, 7, 0
66, 2607, 200, 7, 0
66, 2608, 200, 10, 0
66, 2609, 200, 5, 0
66, 2610, 200, 16, 0
66, 2611, 200, 5, 0
66, 2612, 200, 5, 0
66, 2613, 200, 8, 0
66, 2614, 200, 5, 0
66, 2615, 200, 7, 0
66, 2616, 200, 6, 3
66, 2617, 200, 11, 1
66, 2618, 200, 7, 0
66, 2619, 200, 4, 0
66, 2620, 200, 6, 0
66, 2621, 200, 4, 2
66, 2622, 200, 7, 0
66, 2623, 200, 7, 0
66, 2624, 200, 11, 0
66, 2625, 200, 5, 0
66, 2626, 200, 12, 0
66, 2627, 200, 9, 0
66, 2628, 200, 7, 0
66, 2629, 200, 8, 0
66, 2630, 200, 6, 0
66, 2631, 200, 6, 0
66, 2632, 200, 4, 0
66, 2633, 200, 5, 0
66, 2634, 200, 2, 0
66, 2635, 200, 3, 0
66, 2636, 200, 1, 0
66, 2637, 200, 4, 0
66, 2638, 200, 4, 0
66, 2639, 200, 4, 0
67, 2640, 200, 6, 0
67, 2641, 200, 3, 0
67, 2642, 200, 2, 0
67, 2643, 200, 3, 0
67, 2644, 200, 5, 0
67, 2645, 200, 1, 0
67, 2646, 200, 4, 0
67, 2647, 200, 6, 0
67, 2648, 200, 4, 0
67, 2649, 200, 6, 0
67, 2650, 200, 6, 0
67, 2651, 200, 3, 0
67, 2652, 200, 6, 0
67, 2653, 200, 10, 0
67, 2654, 200, 4, 1
67, 2655, 200, 8, 1
67, 2656, 200, 15, 0
67, 2657, 200, 8, 1
67, 2658, 200, 5, 0
67, 2659, 200, 13, 1
67, 2660, 200, 4, 0
67, 2661, 200, 6, 0
67, 2662, 200, 6, 0
67, 2663, 200, 9, 0
67, 2664, 200, 6, 0
67, 2665, 200, 10, 0
67, 2666, 200, 2, 0
67, 2667, 200, 6, 0
67, 2668, 200, 2, 0
67, 2669, 200, 5, 0
67, 2670, 200, 7, 0
67, 2671, 200, 3, 0
67, 2672, 200, 3, 0
67, 2673, 200, 2, 0
67, 2674, 200, 6, 0
67, 2675, 200, 1, 0
67, 2676, 200, 4, 0
67, 2677, 200, 3, 0
67, 2678, 200, 4, 0
67, 2679, 200, 8, 2
68, 2680, 200, 1, 0
68, 2681, 200, 1, 0
68, 2682, 200, 6, 0
68, 2683, 200, 7, 0
68, 2684, 200, 6, 0
68, 2685, 200, 5, 1
68, 2686, 200, 1, 0
68, 2687, 200, 7, 0
68, 2688, 200, 3, 2
68, 2689, 200, 3, 0
68, 2690, 200, 2, 0
68, 2691, 200, 6, 1
68, 2692, 200, 7, 0
68, 2693, 200, 8, 0
68, 2694, 200, 1, 0
68, 2695, 200, 3, 0
68, 2696, 200, 4, 0
68, 2697, 200, 3, 0
68, 2698, 200, 3, 0
68, 2699, 200, 3, 0
68, 2700, 200, 6, 0
68, 2701, 200, 2, 0
68, 2702, 200, 4, 0
68, 2703, 200, 9, 0
68, 2704, 200, 13, 0
68, 2705, 200, 6, 0
68, 2706, 200, 4, 2
68, 2707, 200, 7, 0
68, 2708, 200, 3, 0
68, 2709, 200, 5, 0
68, 2710, 200, 11, 1
68, 2711, 200, 15, 0
68, 2712, 200, 15, 0
68, 2713, 200, 13, 1
68, 2714, 200, 2, 0
68, 2715, 200, 15, 0
68, 2716, 200, 9, 1
68, 2717, 200, 6, 0
68, 2718, 200, 2, 1
68, 2719, 200, 17, 0
69, 2720, 200, 4, 0
69, 2721, 200, 4, 0
69, 2722, 200, 5, 1
69, 2723, 200, 5, 2
69, 2724, 200, 8, 1
69, 2725, 200, 8, 1
69, 2726, 200, 7, 2
69, 2727, 200, 13, 1
69, 2728, 200, 1, 0
69, 2729, 200, 0, 0
69, 2730, 200, 5, 0
69, 2731, 200, 4, 0
69, 2732, 200, 4, 0
69, 2733, 200, 3, 0
69, 2734, 200, 12, 0
69, 2735, 200, 5, 0
69, 2736, 200, 3, 2
69, 2737, 200, 8, 0
69, 2738, 200, 5, 2
69, 2739, 200, 11, 0
69, 2740, 200, 10, 0
69, 2741, 200, 9, 0
69, 2742, 200, 17, 2
69, 2743, 200, 7, 0
69, 2744, 200, 10, 0
69, 2745, 200, 4, 0
69, 2746, 200, 7, 0
69, 2747, 200, 10, 0
69, 2748, 200, 6, 0
69, 2749, 200, 3, 0
69, 2750, 200, 6, 0
69, 2751, 200, 6, 0
69, 2752, 200, 7, 0
69, 2753, 200, 5, 0
69, 2754, 200, 4, 0
69, 2755, 200, 5, 0
69, 2756, 200, 7, 0
69, 2757, 200, 6, 0
69, 2758, 200, 5, 0
69, 2759, 200, 6, 0
70, 2760, 200, 9, 0
70, 2761, 200, 6, 0
70, 2762, 200, 2, 0
70, 2763, 200, 4, 0
70, 2764, 200, 3, 0
70, 2765, 200, 6, 1
70, 2766, 200, 3, 0
70, 2767, 200, 10, 0
70, 2768, 200, 9, 0
70, 2769, 200, 7, 0
70, 2770, 200, 8, 1
70, 2771, 200, 5, 1
70, 2772, 200, 3, 0
70, 2773, 200, 10, 0
70, 2774, 200, 13, 1
70, 2775, 200, 9, 0
70, 2776, 200, 4, 0
70, 2777, 200, 8, 0
70, 2778, 200, 8, 0
70, 2779, 200, 7, 0
70, 2780, 200, 11, 0
70, 2781, 200, 8, 0
70, 2782, 200, 5, 0
70, 2783, 200, 7, 0
70, 2784, 200, 6, 0
70, 2785, 200, 6, 0
70, 2786, 200, 3, 0
70, 2787, 200, 6, 0
70, 2788, 200, 10, 1
70, 2789, 200, 7, 0
70, 2790, 200, 2, 0
70, 2791, 200, 7, 0
70, 2792, 200, 8, 0
70, 2793, 200, 3, 0
70, 2794, 200, 3, 0
70, 2795, 200, 2, 0
70, 2796, 200, 4, 0
70, 2797, 200, 13, 0
70, 2798, 200, 10, 1
70, 2799, 200, 1, 0
71, 2800, 200, 5, 1
71, 2801, 200, 3, 0
71, 2802, 200, 3, 0
71, 2803, 200, 9, 0
71, 2804, 200, 2, 0
71, 2805, 200, 3, 0
71, 2806, 200, 5, 0
71, 2807, 200, 4, 0
71, 2808, 200, 4, 0
71, 2809, 200, 5, 0
71, 2810, 200, 5, 0
71, 2811, 200, 3, 0
71, 2812, 200, 3, 0
71, 2813, 200, 2, 0
71, 2814, 200, 4, 0
71, 2815, 200, 3, 0
71, 2816, 200, 5, 1
71, 2817, 200, 9, 0
71, 2818, 200, 6, 1
71, 2819, 200, 3, 0
71, 2820, 200, 3, 0
71, 2821, 200, 4, 0
71, 2822, 200, 10, 0
71, 2823, 200, 3, 0
71, 2824, 200, 3, 0
71, 2825, 200, 15, 0
71, 2826, 200, 2, 1
71, 2827, 200, 7, 1
71, 2828, 200, 4, 2
71, 2829, 200, 5, 0
71, 2830, 200, 7, 1
71, 2831, 200, 6, 0
71, 2832, 200, 4, 0
71, 2833, 200, 8, 0
71, 2834, 200, 9, 0
71, 2835, 200, 7, 1
71, 2836, 200, 5, 0
71, 2837, 200, 5, 2
71, 2838, 200, 3, 0
71, 2839, 200, 7, 0
72, 2840, 200, 3, 0
72, 2841, 200, 3, 1
72, 2842, 200, 2, 0
72, 2843, 200, 8, 0
72, 2844, 200, 10, 0
72, 2845, 200, 10, 0
72, 2846, 200, 9, 0
72, 2847, 200, 11, 0
72, 2848, 200, 6, 0
72, 2849, 200, 5, 2
72, 2850, 200, 6, 0
72, 2851, 200, 5, 0
72, 2852, 200, 5, 0
72, 2853, 200, 3, 0
72, 2854, 200, 4, 0
72, 2855, 200, 5, 0
72, 2856, 200, 3, 0
72, 2857, 200, 2, 0
72, 2858, 200, 4, 0
72, 2859, 200, 4, 0
72, 2860, 200, 1, 0
72, 2861, 200, 2, 0
72, 2862, 200, 4, 0
72, 2863, 200, 4, 0
72, 2864, 200, 2, 0
72, 2865, 200, 7, 0
72, 2866, 200, 7, 0
72, 2867, 200, 5, 0
72, 2868, 200, 3, 0
72, 2869, 200, 8, 0
72, 2870, 200, 4, 0
72, 2871, 200, 3, 0
72, 2872, 200, 5, 0
72, 2873, 200, 5, 0
72, 2874, 200, 7, 0
72, 2875, 200, 10, 0
72, 2876, 200, 6, 0
72, 2877, 200, 3, 0
72, 2878, 200, 6, 0
72, 2879, 200, 2, 0
73, 2880, 200, 9, 1
73, 2881, 200, 8, 0
73, 2882, 200, 4, 0
73, 2883, 200, 4, 0
73, 2884, 200, 4, 0
73, 2885, 200, 5, 1
73, 2886, 200, 12, 1
73, 2887, 200, 5, 0
73, 2888, 200, 8, 0
73, 2889, 200, 3, 2
73, 2890, 200, 1, 0
73, 2891, 200, 5, 1
73, 2892, 200, 1, 0
73, 2893, 200, 2, 0
73, 2894, 200, 2, 0
73, 2895, 200, 2, 0
73, 2896, 200, 2, 0
73, 2897, 200, 6, 0
73, 2898, 200, 2, 0
73, 2899, 200, 1, 0
73, 2900, 200, 4, 0
73, 2901, 200, 7, 0
73, 2902, 200, 3, 0
73, 2903, 200, 5, 0
73, 2904, 200, 2, 2
73, 2905, 200, 5, 0
73, 2906, 200, 9, 0
73, 2907, 200, 6, 0
73, 2908, 200, 4, 0
73, 2909, 200, 5, 0
73, 2910, 200, 12, 0
73, 2911, 200, 7, 0
73, 2912, 200, 6, 0
73, 2913, 200, 1, 0
73, 2914, 200, 3, 0
73, 2915, 200, 8, 0
73, 2916, 200, 5, 0
73, 2917, 200, 9, 0
73, 2918, 200, 7, 0
73, 2919, 200, 1, 0
74, 2920, 200, 4, 0
74, 2921, 200, 4, 0
74, 2922, 200, 6, 0
74, 2923, 200, 6, 0
74, 2924, 200, 5, 0
74, 2925, 200, 1, 0
74, 2926, 200, 3, 0
74, 2927, 200, 7, 0
74, 2928, 200, 4, 0
74, 2929, 200, 5, 0
74, 2930, 200, 15, 0
74, 2931, 200, 9, 0
74, 2932, 200, 10, 0
74, 2933, 200, 6, 0
74, 2934, 200, 5, 0
74, 2935, 200, 8, 0
74, 2936, 200, 10, 0
74, 2937, 200, 2, 0
74, 2938, 200, 7, 0
74, 2939, 200, 9, 0
74, 2940, 200, 6, 0
74, 2941, 200, 2, 0
74, 2942, 200, 6, 2
74, 2943, 200, 5, 0
74, 2944, 200, 6, 0
74, 2945, 200, 7, 0
74, 2946, 200, 7, 0
74, 2947, 200, 3, 0
74, 2948, 200, 5, 0
74, 2949, 200, 5, 0
74, 2950, 200, 2, 0
74, 2951, 200, 7, 1
74, 2952, 200, 9, 0
74, 2953, 200, 5, 0
74, 2954, 200, 10, 0
74, 2955, 200, 3, 0
74, 2956, 200, 5, 1
74, 2957, 200, 7, 0
74, 2958, 200, 10, 0
74, 2959, 200, 13, 0
75, 2960, 200, 7, 0
75, 2961, 200, 10, 0
75, 2962, 200, 10, 0
75, 2963, 200, 6, 0
75, 2964, 200, 6, 0
75, 2965, 200, 11, 0
75, 2966, 200, 7, 0
75, 2967, 200, 2, 0
75, 2968, 200, 12, 2
75, 2969, 200, 8, 2
75, 2970, 200, 7, 0
75, 2971, 200, 5, 2
75, 2972, 200, 7, 0
75, 2973, 200, 8, 1
75, 2974, 200, 8, 3
75, 2975, 200, 5, 0
75, 2976, 200, 6, 0
75, 2977, 200, 3, 0
75, 2978, 200, 11, 0
75, 2979, 200, 12, 0
75, 2980, 200, 9, 0
75, 2981, 200, 3, 0
75, 2982, 200, 7, 0
75, 2983, 200, 4, 0
75, 2984, 200, 5, 2
75, 2985, 200, 4, 2
75, 2986, 200, 8, 0
75, 2987, 200, 3, 0
75, 2988, 200, 8, 0
75, 2989, 200, 5, 0
75, 2990, 200, 0, 0
75, 2991, 200, 3, 0
75, 2992, 200, 3, 0
75, 2993, 200, 7, 0
75, 2994, 200, 8, 0
75, 2995, 200, 14, 0
75, 2996, 200, 3, 0
75, 2997, 200, 9, 0
75, 2998, 200, 8, 0
75, 2999, 200, 13, 0
76, 3000, 200, 6, 0
76, 3001, 200, 8, 0
76, 3002, 200, 7, 0
76, 3003, 200, 3, 0
76, 3004, 200, 4, 0
76, 3005, 200, 4, 0
76, 3006, 200, 10, 0
76, 3007, 200, 3, 5
76, 3008, 200, 3, 1
76, 3009, 200, 5, 0
76, 3010, 200, 7, 0
76, 3011, 200, 7, 0
76, 3012, 200, 7, 0
76, 3013, 200, 4, 0
76, 3014, 200, 5, 0
76, 3015, 200, 6, 0
76, 3016, 200, 5, 0
76, 3017, 200, 4, 0
76, 3018, 200, 7, 1
76, 3019, 200, 2, 1
76, 3020, 200, 4, 2
76, 3021, 200, 5, 0
76, 3022, 200, 1, 0
76, 3023, 200, 5, 0
76, 3024, 200, 3, 0
76, 3025, 200, 7, 0
76, 3026, 200, 8, 0
76, 3027, 200, 6, 0
76, 3028, 200, 4, 0
76, 3029, 200, 3, 0
76, 3030, 200, 3, 0
76, 3031, 200, 4, 0
76, 3032, 200, 4, 0
76, 3033, 200, 11, 0
76, 3034, 200, 5, 1
76, 3035, 200, 3, 0
76, 3036, 200, 2, 2
76, 3037, 200, 2, 0
76, 3038, 200, 2, 0
76, 3039, 200, 3, 0
77, 3040, 200, 2, 0
77, 3041, 200, 10, 0
77, 3042, 200, 9, 0
77, 3043, 200, 2, 1
77, 3044, 200, 9, 3
77, 3045, 200, 3, 0
77, 3046, 200, 6, 2
77, 3047, 200, 6, 1
77, 3048, 200, 3, 0
77, 3049, 200, 4, 0
77, 3050, 200, 25, 5
77, 3051, 200, 2, 0
77, 3052, 200, 6, 1
77, 3053, 200, 3, 0
77, 3054, 200, 4, 0
77, 3055, 200, 4, 0
77, 3056, 200, 3, 0
77, 3057, 200, 5, 0
77, 3058, 200, 4, 0
77, 3059, 200, 7, 0
77, 3060, 200, 8, 0
77, 3061, 200, 7, 0
77, 3062, 200, 8, 0
77, 3063, 200, 2, 0
77, 3064, 200, 5, 0
77, 3065, 200, 4, 0
77, 3066, 200, 0, 0
77, 3067, 200, 1, 0
77, 3068, 200, 2, 2
77, 3069, 200, 5, 0
77, 3070, 200, 0, 0
77, 3071, 200, 3, 0
77, 3072, 200, 2, 0
77, 3073, 200, 5, 2
77, 3074, 200, 4, 0
77, 3075, 200, 6, 0
77, 3076, 200, 3, 0
77, 3077, 200, 5, 0
77, 3078, 200, 12, 0
77, 3079, 200, 2, 0
78, 3080, 200, 4, 0
78, 3081, 200, 9, 0
78, 3082, 200, 2, 0
78, 3083, 200, 10, 0
78, 3084, 200, 7, 0
78, 3085, 200, 9, 0
78, 3086, 200, 5, 0
78, 3087, 200, 2, 0
78, 3088, 200, 12, 0
78, 3089, 200, 7, 0
78, 3090, 200, 5, 1
78, 3091, 200, 2, 0
78, 3092, 200, 1, 0
78, 3093, 200, 7, 0
78, 3094, 200, 6, 0
78, 3095, 200, 9, 0
78, 3096, 200, 6, 0
78, 3097, 200, 6, 0
78, 3098, 200, 10, 0
78, 3099, 200, 10, 0
78, 3100, 200, 5, 0
78, 3101, 200, 9, 0
78, 3102, 200, 7, 0
78, 3103, 200, 13, 0
78, 3104, 200, 4, 0
78, 3105, 200, 4, 0
78, 3106, 200, 3, 0
78, 3107, 200, 10, 0
78, 3108, 200, 6, 1
78, 3109, 200, 7, 0
78, 3110, 200, 12, 0
78, 3111, 200, 4, 0
78, 3112, 200, 13, 4
78, 3113, 200, 8, 0
78, 3114, 200, 13, 0
78, 3115, 200, 6, 2
78, 3116, 200, 7, 0
78, 3117, 200, 11, 0
78, 3118, 200, 7, 0
78, 3119, 200, 3, 0
79, 3120, 200, 2, 4
79, 3121, 200, 3, 1
79, 3122, 200, 6, 0
79, 3123, 200, 5, 1
79, 3124, 200, 4, 0
79, 3125, 200, 9, 0
79, 3126, 200, 3, 0
79, 3127, 200, 9, 0
79, 3128, 200, 4, 0
79, 3129, 200, 4, 0
79, 3130, 200, 4, 0
79, 3131, 200, 7, 0
79, 3132, 200, 6, 1
79, 3133, 200, 4, 0
79, 3134, 200, 14, 0
79, 3135, 200, 4, 0
79, 3136, 200, 10, 0
79, 3137, 200, 3, 0
79, 3138, 200, 9, 0
79, 3139, 200, 11, 1
79, 3140, 200, 10, 0
79, 3141, 200, 5, 1
79, 3142, 200, 3, 0
79, 3143, 200, 1, 0
79, 3144, 200, 4, 0
79, 3145, 200, 5, 0
79, 3146, 200, 5, 0
79, 3147, 200, 4, 0
79, 3148, 200, 5, 0
79, 3149, 200, 7, 0
79, 3150, 200, 8, 2
79, 3151, 200, 7, 1
79, 3152, 200, 8, 0
79, 3153, 200, 4, 1
79, 3154, 200, 2, 1
79, 3155, 200, 12, 1
79, 3156, 200, 11, 2
79, 3157, 200, 4, 1
79, 3158, 200, 17, 0
79, 3159, 200, 6, 2
80, 3160, 200, 5, 0
80, 3161, 200, 9, 2
80, 3162, 200, 5, 0
80, 3163, 200, 10, 0
80, 3164, 200, 4, 0
80, 3165, 200, 12, 0
80, 3166, 200, 6, 0
80, 3167, 200, 8, 0
80, 3168, 200, 3, 0
80, 3169, 200, 6, 0
80, 3170, 200, 5, 0
80, 3171, 200, 5, 0
80, 3172, 200, 3, 0
80, 3173, 200, 6, 0
80, 3174, 200, 5, 0
80, 3175, 200, 3, 0
80, 3176, 200, 5, 0
80, 3177, 200, 9, 0
80, 3178, 200, 7, 0
80, 3179, 200, 8, 0
80, 3180, 200, 14, 0
80, 3181, 200, 4, 0
80, 3182, 200, 7, 2
80, 3183, 200, 6, 0
80, 3184, 200, 9, 0
80, 3185, 200, 5, 0
80, 3186, 200, 2, 0
80, 3187, 200, 5, 0
80, 3188, 200, 12, 0
80, 3189, 200, 4, 0
80, 3190, 200, 4, 0
80, 3191, 200, 5, 2
80, 3192, 200, 4, 0
80, 3193, 200, 5, 0
80, 3194, 200, 5, 0
80, 3195, 200, 0, 0
80, 3196, 200, 4, 0
80, 3197, 200, 2, 0
80, 3198, 200, 6, 0
80, 3199, 200, 9, 0
81, 3200, 200, 5, 0
81, 3201, 200, 1, 0
81, 3202, 200, 11, 0
81, 3203, 200, 8, 0
81, 3204, 200, 0, 0
81, 3205, 200, 4, 0
81, 3206, 200, 1, 0
81, 3207, 200, 3, 0
81, 3208, 200, 8, 0
81, 3209, 200, 4, 0
81, 3210, 200, 0, 0
81, 3211, 200, 5, 2
81, 3212, 200, 3, 0
81, 3213, 200, 6, 0
81, 3214, 200, 2, 0
81, 3215, 200, 5, 0
81, 3216, 200, 1, 0
81, 3217, 200, 3, 2
81, 3218, 200, 6, 0
81, 3219, 200, 4, 1
81, 3220, 200, 7, 0
81, 3221, 200, 4, 2
81, 3222, 200, 8, 0
81, 3223, 200, 2, 0
81, 3224, 200, 7, 0
81, 3225, 200, 5, 0
81, 3226, 200, 7, 0
81, 3227, 200, 3, 0
81, 3228, 200, 4, 0
81, 3229, 200, 10, 0
81, 3230, 200, 9, 0
81, 3231, 200, 5, 0
81, 3232, 200, 2, 0
81, 3233, 200, 4, 0
81, 3234, 200, 2, 0
81, 3235, 200, 3, 0
81, 3236, 200, 3, 0
81, 3237, 200, 5, 0
81, 3238, 200, 8, 0
81, 3239, 200, 4, 0
82, 3240, 200, 3, 0
82, 3241, 200, 9, 0
82, 3242, 200, 6, 0
82, 3243, 200, 7, 0
82, 3244, 200, 1, 0
82, 3245, 200, 2, 0
82, 3246, 200, 3, 0
82, 3247, 200, 6, 0
82, 3248, 200, 2, 0
82, 3249, 200, 6, 1
82, 3250, 200, 6, 1
82, 3251, 200, 3, 0
82, 3252, 200, 3, 0
82, 3253, 200, 1, 1
82, 3254, 200, 6, 0
82, 3255, 200, 3, 0
82, 3256, 200, 2, 0
82, 3257, 200, 4, 0
82, 3258, 200, 2, 0
82, 3259, 200, 6, 0
82, 3260, 200, 5, 0
82, 3261, 200, 5, 0
82, 3262, 200, 11, 0
82, 3263, 200, 6, 0
82, 3264, 200, 5, 0
82, 3265, 200, 7, 1
82, 3266, 200, 8, 0
82, 3267, 200, 2, 1
82, 3268, 200, 14, 0
82, 3269, 200, 3, 0
82, 3270, 200, 9, 0
82, 3271, 200, 12, 0
82, 3272, 200, 6, 0
82, 3273, 200, 13, 0
82, 3274, 200, 8, 1
82, 3275, 200, 6, 1
82, 3276, 200, 5, 0
82, 3277, 200, 8, 0
82, 3278, 200, 4, 0
82, 3279, 200, 7, 0
83, 3280, 200, 8, 2
83, 3281, 200, 5, 0
83, 3282, 200, 3, 0
83, 3283, 200, 3, 0
83, 3284, 200, 4, 0
83, 3285, 200, 3, 0
83, 3286, 200, 5, 0
83, 3287, 200, 9, 0
83, 3288, 200, 3, 0
83, 3289, 200, 9, 0
83, 3290, 200, 10, 0
83, 3291, 200, 2, 0
83, 3292, 200, 5, 0
83, 3293, 200, 7, 0
83, 3294, 200, 18, 0
83, 3295, 200, 15, 0
83, 3296, 200, 5, 0
83, 3297, 200, 3, 0
83, 3298, 200, 6, 0
83, 3299, 200, 5, 0
83, 3300, 200, 3, 0
83, 3301, 200, 3, 0
83, 3302, 200, 2, 0
83, 3303, 200, 2, 0
83, 3304, 200, 6, 0
83, 3305, 200, 6, 0
83, 3306, 200, 7, 0
83, 3307, 200, 3, 2
83, 3308, 200, 5, 0
83, 3309, 200, 6, 0
83, 3310, 200, 3, 0
83, 3311, 200, 1, 0
83, 3312, 200, 2, 0
83, 3313, 200, 5, 0
83, 3314, 200, 5, 0
83, 3315, 200, 7, 0
83, 3316, 200, 4, 0
83, 3317, 200, 10, 0
83, 3318, 200, 5, 0
83, 3319, 200, 4, 0
84, 3320, 200, 6, 0
84, 3321, 200, 5, 0
84, 3322, 200, 6, 0
84, 3323, 200, 2, 0
84, 3324, 200, 2, 0
84, 3325, 200, 1, 0
84, 3326, 200, 4, 0
84, 3327, 200, 3, 0
84, 3328, 200, 0, 0
84, 3329, 200, 1, 0
84, 3330, 200, 5, 0
84, 3331, 200, 5, 0
84, 3332, 200, 11, 0
84, 3333, 200, 4, 0
84, 3334, 200, 13, 0
84, 3335, 200, 4, 0
84, 3336, 200, 6, 0
84, 3337, 200, 1, 0
84, 3338, 200, 4, 0
84, 3339, 200, 4, 0
84, 3340, 200, 2, 0
84, 3341, 200, 5, 0
84, 3342, 200, 4, 0
84, 3343, 200, 4, 2
84, 3344, 200, 5, 0
84, 3345, 200, 2, 0
84, 3346, 200, 4, 0
84, 3347, 200, 4, 0
84, 3348, 200, 4, 0
84, 3349, 200, 4, 0
84, 3350, 200, 3, 1
84, 3351, 200, 5, 1
84, 3352, 200, 6, 0
84, 3353, 200, 4, 1
84, 3354, 200, 4, 4
84, 3355, 200, 4, 0
84, 3356, 200, 1, 2
84, 3357, 200, 0, 0
84, 3358, 200, 4, 1
84, 3359, 200, 5, 2
85, 3360, 200, 3, 2
85, 3361, 200, 2, 0
85, 3362, 200, 6, 2
85, 3363, 200, 6, 0
85, 3364, 200, 10, 0
85, 3365, 200, 4, 0
85, 3366, 200, 9, 0
85, 3367, 200, 9, 1
85, 3368, 200, 3, 0
85, 3369, 200, 26, 0
85, 3370, 200, 13, 0
85, 3371, 200, 6, 0
85, 3372, 200, 2, 0
85, 3373, 200, 10, 0
85, 3374, 200, 4, 0
85, 3375, 200, 9, 0
85, 3376, 200, 4, 0
85, 3377, 200, 8, 0
85, 3378, 200, 7, 0
85, 3379, 200, 8, 0
85, 3380, 200, 6, 0
85, 3381, 200, 7, 2
85, 3382, 200, 11, 1
85, 3383, 200, 7, 0
85, 3384, 200, 4, 0
85, 3385, 200, 10, 0
85, 3386, 200, 2, 0
85, 3387, 200, 5, 0
85, 3388, 200, 3, 0
85, 3389, 200, 5, 0
85, 3390, 200, 2, 0
85, 3391, 200, 1, 0
85, 3392, 200, 2, 0
85, 3393, 200, 1, 0
85, 3394, 200, 5, 0
85, 3395, 200, 7, 0
85, 3396, 200, 4, 0
85, 3397, 200, 7, 0
85, 3398, 200, 10, 0
85, 3399, 200, 3, 0
86, 3400, 200, 4, 1
86, 3401, 200, 5, 0
86, 3402, 200, 6, 0
86, 3403, 200, 5, 0
86, 3404, 200, 2, 0
86, 3405, 200, 4, 1
86, 3406, 200, 5, 0
86, 3407, 200, 5, 1
86, 3408, 200, 2, 0
86, 3409, 200, 5, 0
86, 3410, 200, 7, 0
86, 3411, 200, 6, 0
86, 3412, 200, 5, 0
86, 3413, 200, 5, 0
86, 3414, 200, 3, 2
86, 3415, 200, 5, 0
86, 3416, 200, 2, 0
86, 3417, 200, 4, 0
86, 3418, 200, 2, 0
86, 3419, 200, 4, 0
86, 3420, 200, 9, 0
86, 3421, 200, 3, 0
86, 3422, 200, 7, 0
86, 3423, 200, 3, 0
86, 3424, 200, 1, 0
86, 3425, 200, 4, 0
86, 3426, 200, 6, 0
86, 3427, 200, 3, 0
86, 3428, 200, 5, 0
86, 3429, 200, 5, 0
86, 3430, 200, 3, 0
86, 3431, 200, 4, 0
86, 3432, 200, 5, 0
86, 3433, 200, 2, 1
86, 3434, 200, 9, 0
86, 3435, 200, 10, 1
86, 3436, 200, 7, 0
86, 3437, 200, 2, 0
86, 3438, 200, 10, 0
86, 3439, 200, 5, 0
87, 3440, 200, 1, 0
87, 3441, 200, 10, 0
87, 3442, 200, 8, 0
87, 3443, 200, 2, 0
87, 3444, 200, 6, 0
87, 3445, 200, 9, 0
87, 3446, 200, 8, 0
87, 3447, 200, 10, 0
87, 3448, 200, 4, 0
87, 3449, 200, 17, 0
87, 3450, 200, 4, 0
87, 3451, 200, 14, 0
87, 3452, 200, 15, 0
87, 3453, 200, 12, 2
87, 3454, 200, 9, 0
87, 3455, 200, 16, 0
87, 3456, 200, 5, 0
87, 3457, 200, 16, 0
87, 3458, 200, 11, 0
87, 3459, 200, 8, 0
87, 3460, 200, 6, 0
87, 3461, 200, 8, 0
87, 3462, 200, 10, 0
87, 3463, 200, 14, 0
87, 3464, 200, 6, 0
87, 3465, 200, 7, 0
87, 3466, 200, 8, 0
87, 3467, 200, 0, 0
87, 3468, 200, 4, 0
87, 3469, 200, 8, 0
87, 3470, 200, 6, 0
87, 3471, 200, 4, 0
87, 3472, 200, 9, 0
87, 3473, 200, 9, 0
87, 3474, 200, 8, 0
87, 3475, 200, 11, 0
87, 3476, 200, 4, 0
87, 3477, 200, 2, 0
87, 3478, 200, 9, 0
87, 3479, 200, 7, 0
88, 3480, 200, 5, 0
88, 3481, 200, 6, 0
88, 3482, 200, 8, 0
88, 3483, 200, 5, 0
88, 3484, 200, 1, 0
88, 3485, 200, 3, 0
88, 3486, 200, 6, 0
88, 3487, 200, 4, 1
88, 3488, 200, 4, 0
88, 3489, 200, 8, 0
88, 3490, 200, 3, 1
88, 3491, 200, 8, 0
88, 3492, 200, 5, 0
88, 3493, 200, 3, 0
88, 3494, 200, 8, 0
88, 3495, 200, 4, 0
88, 3496, 200, 6, 0
88, 3497, 200, 1, 0
88, 3498, 200, 3, 0
88, 3499, 200, 2, 0
88, 3500, 200, 2, 0
88, 3501, 200, 5, 0
88, 3502, 200, 6, 0
88, 3503, 200, 6, 0
88, 3504, 200, 8, 0
88, 3505, 200, 1, 0
88, 3506, 200, 3, 2
88, 3507, 200, 1, 1
88, 3508, 200, 5, 1
88, 3509, 200, 6, 0
88, 3510, 200, 7, 0
88, 3511, 200, 8, 0
88, 3512, 200, 9, 1
88, 3513, 200, 11, 2
88, 3514, 200, 11, 1
88, 3515, 200, 5, 0
88, 3516, 200, 8, 1
88, 3517, 200, 7, 1
88, 3518, 200, 6, 0
88, 3519, 200, 5, 0
89, 3520, 200, 12, 1
89, 3521, 200, 7, 0
89, 3522, 200, 11, 0
89, 3523, 200, 8, 2
89, 3524, 200, 4, 3
89, 3525, 200, 9, 0
89, 3526, 200, 4, 1
89, 3527, 200, 3, 1
89, 3528, 200, 8, 0
89, 3529, 200, 4, 0
89, 3530, 200, 4, 0
89, 3531, 200, 5, 0
89, 3532, 200, 6, 0
89, 3533, 200, 4, 0
89, 3534, 200, 8, 1
89, 3535, 200, 7, 2
89, 3536, 200, 4, 1
89, 3537, 200, 3, 0
89, 3538, 200, 9, 0
89, 3539, 200, 7, 0
89, 3540, 200, 10, 0
89, 3541, 200, 6, 0
89, 3542, 200, 7, 0
89, 3543, 200, 2, 0
89, 3544, 200, 5, 0
89, 3545, 200, 10, 1
89, 3546, 200, 15, 0
89, 3547, 200, 3, 0
89, 3548, 200, 8, 0
89, 3549, 200, 10, 0
89, 3550, 200, 14, 1
89, 3551, 200, 13, 1
89, 3552, 200, 5, 0
89, 3553, 200, 5, 0
89, 3554, 200, 9, 0
89, 3555, 200, 8, 0
89, 3556, 200, 7, 0
89, 3557, 200, 13, 0
89, 3558, 200, 3, 0
89, 3559, 200, 7, 0
90, 3560, 200, 4, 0
90, 3561, 200, 4, 0
90, 3562, 200, 9, 0
90, 3563, 200, 7, 0
90, 3564, 200, 3, 0
90, 3565, 200, 4, 0
90, 3566, 200, 7, 0
90, 3567, 200, 4, 0
90, 3568, 200, 8, 0
90, 3569, 200, 3, 0
90, 3570, 200, 5, 0
90, 3571, 200, 12, 0
90, 3572, 200, 2, 0
90, 3573, 200, 1, 1
90, 3574, 200, 5, 0
90, 3575, 200, 4, 0
90, 3576, 200, 6, 2
90, 3577, 200, 4, 0
90, 3578, 200, 0, 0
90, 3579, 200, 1, 0
90, 3580, 200, 2, 0
90, 3581, 200, 3, 0
90, 3582, 200, 2, 2
90, 3583, 200, 7, 0
90, 3584, 200, 3, 0
90, 3585, 200, 4, 0
90, 3586, 200, 5, 0
90, 3587, 200, 7, 0
90, 3588, 200, 2, 0
90, 3589, 200, 3, 1
90, 3590, 200, 3, 0
90, 3591, 200, 3, 0
90, 3592, 200, 5, 0
90, 3593, 200, 6, 1
90, 3594, 200, 3, 0
90, 3595, 200, 3, 0
90, 3596, 200, 6, 2
90, 3597, 200, 13, 0
90, 3598, 200, 9, 0
90, 3599, 200, 1, 0
91, 3600, 200, 4, 0
91, 3601, 200, 2, 0
91, 3602, 200, 8, 1
91, 3603, 200, 2, 0
91, 3604, 200, 1, 0
91, 3605, 200, 9, 0
91, 3606, 200, 7, 0
91, 3607, 200, 7, 0
91, 3608, 200, 8, 0
91, 3609, 200, 1, 1
91, 3610, 200, 5, 0
91, 3611, 200, 7, 2
91, 3612, 200, 8, 1
91, 3613, 200, 6, 3
91, 3614, 200, 15, 0
91, 3615, 200, 10, 0
91, 3616, 200, 15, 1
91, 3617, 200, 6, 0
91, 3618, 200, 9, 1
91, 3619, 200, 11, 0
91, 3620, 200, 12, 0
91, 3621, 200, 9, 0
91, 3622, 200, 9, 0
91, 3623, 200, 9, 0
91, 3624, 200, 10, 0
91, 3625, 200, 12, 0
91, 3626, 200, 14, 0
91, 3627, 200, 3, 0
91, 3628, 200, 7, 0
91, 3629, 200, 6, 0
91, 3630, 200, 3, 0
91, 3631, 200, 2, 0
91, 3632, 200, 3, 0
91, 3633, 200, 6, 0
91, 3634, 200, 4, 0
91, 3635, 200, 2, 0
91, 3636, 200, 6, 0
91, 3637, 200, 7, 0
91, 3638, 200, 10, 0
91, 3639, 200, 7, 0
92, 3640, 200, 2, 0
92, 3641, 200, 2, 0
92, 3642, 200, 4, 0
92, 3643, 200, 7, 1
92, 3644, 200, 11, 1
92, 3645, 200, 14, 0
92, 3646, 200, 12, 1
92, 3647, 200, 16, 0
92, 3648, 200, 19, 1
92, 3649, 200, 16, 0
92, 3650, 200, 2, 0
92, 3651, 200, 7, 2
92, 3652, 200, 2, 0
92, 3653, 200, 11, 0
92, 3654, 200, 5, 0
92, 3655, 200, 8, 0
92, 3656, 200, 5, 0
92, 3657, 200, 2, 0
92, 3658, 200, 8, 1
92, 3659, 200, 3, 0
92, 3660, 200, 5, 0
92, 3661, 200, 5, 0
92, 3662, 200, 7, 0
92, 3663, 200, 3, 0
92, 3664, 200, 7, 1
92, 3665, 200, 6, 0
92, 3666, 200, 2, 0
92, 3667, 200, 8, 0
92, 3668, 200, 4, 0
92, 3669, 200, 1, 0
92, 3670, 200, 5, 0
92, 3671, 200, 4, 0
92, 3672, 200, 8, 0
92, 3673, 200, 5, 0
92, 3674, 200, 7, 0
92, 3675, 200, 5, 0
92, 3676, 200, 1, 0
92, 3677, 200, 2, 0
92, 3678, 200, 6, 1
92, 3679, 200, 2, 1
93, 3680, 200, 6, 0
93, 3681, 200, 4, 0
93, 3682, 200, 4, 0
93, 3683, 200, 6, 0
93, 3684, 200, 3, 1
93, 3685, 200, 2, 0
93, 3686, 200, 1, 0
93, 3687, 200, 1, 1
93, 3688, 200, 6, 0
93, 3689, 200, 6, 0
93, 3690, 200, 2, 0
93, 3691, 200, 2, 0
93, 3692, 200, 7, 0
93, 3693, 200, 3, 0
93, 3694, 200, 1, 0
93, 3695, 200, 4, 0
93, 3696, 200, 13, 0
93, 3697, 200, 8, 1
93, 3698, 200, 6, 0
93, 3699, 200, 8, 0
93, 3700, 200, 3, 0
93, 3701, 200, 6, 0
93, 3702, 200, 9, 2
93, 3703, 200, 7, 1
93, 3704, 200, 6, 0
93, 3705, 200, 8, 0
93, 3706, 200, 3, 0
93, 3707, 200, 4, 2
93, 3708, 200, 5, 0
93, 3709, 200, 6, 0
93, 3710, 200, 8, 0
93, 3711, 200, 2, 0
93, 3712, 200, 2, 0
93, 3713, 200, 5, 0
93, 3714, 200, 4, 0
93, 3715, 200, 8, 2
93, 3716, 200, 27, 0
93, 3717, 200, 5, 0
93, 3718, 200, 1, 0
93, 3719, 200, 4, 2
94, 3720, 200, 8, 0
94, 3721, 200, 10, 0
94, 3722, 200, 4, 0
94, 3723, 200, 8, 0
94, 3724, 200, 3, 0
94, 3725, 200, 4, 0
94, 3726, 200, 7, 0
94, 3727, 200, 8, 0
94, 3728, 200, 6, 0
94, 3729, 200, 8, 0
94, 3730, 200, 3, 0
94, 3731, 200, 1, 0
94, 3732, 200, 4, 0
94, 3733, 200, 1, 0
94, 3734, 200, 2, 0
94, 3735, 200, 2, 0
94, 3736, 200, 4, 0
94, 3737, 200, 4, 0
94, 3738, 200, 6, 0
94, 3739, 200, 3, 0
94, 3740, 200, 7, 0
94, 3741, 200, 8, 0
94, 3742, 200, 3, 0
94, 3743, 200, 5, 0
94, 3744, 200, 6, 0
94, 3745, 200, 2, 0
94, 3746, 200, 3, 0
94, 3747, 200, 3, 0
94, 3748, 200, 5, 0
94, 3749, 200, 4, 0
94, 3750, 200, 3, 0
94, 3751, 200, 3, 0
94, 3752, 200, 6, 0
94, 3753, 200, 3, 0
94, 3754, 200, 2, 0
94, 3755, 200, 2, 2
94, 3756, 200, 2, 0
94, 3757, 200, 1, 0
94, 3758, 200, 2, 0
94, 3759, 200, 1, 0
95, 3760, 200, 3, 0
95, 3761, 200, 1, 0
95, 3762, 200, 6, 0
95, 3763, 200, 4, 0
95, 3764, 200, 5, 0
95, 3765, 200, 5, 1
95, 3766, 200, 7, 0
95, 3767, 200, 2, 0
95, 3768, 200, 8, 1
95, 3769, 200, 3, 1
95, 3770, 200, 3, 1
95, 3771, 200, 3, 0
95, 3772, 200, 3, 0
95, 3773, 200, 11, 0
95, 3774, 200, 4, 0
95, 3775, 200, 5, 0
95, 3776, 200, 4, 0
95, 3777, 200, 6, 0
95, 3778, 200, 3, 0
95, 3779, 200, 7, 0
95, 3780, 200, 7, 0
95, 3781, 200, 4, 0
95, 3782, 200, 14, 0
95, 3783, 200, 7, 0
95, 3784, 200, 10, 0
95, 3785, 200, 17, 0
95, 3786, 200, 4, 0
95, 3787, 200, 5, 0
95, 3788, 200, 3, 0
95, 3789, 200, 8, 0
95, 3790, 200, 5, 0
95, 3791, 200, 13, 0
95, 3792, 200, 3, 0
95, 3793, 200, 4, 1
95, 3794, 200, 8, 1
95, 3795, 200, 5, 0
95, 3796, 200, 8, 0
95, 3797, 200, 12, 0
95, 3798, 200, 3, 0
95, 3799, 200, 2, 0
96, 3800, 200, 1, 0
96, 3801, 200, 2, 0
96, 3802, 200, 9, 0
96, 3803, 200, 4, 0
96, 3804, 200, 8, 0
96, 3805, 200, 3, 0
96, 3806, 200, 1, 0
96, 3807, 200, 10, 1
96, 3808, 200, 9, 0
96, 3809, 200, 10, 0
96, 3810, 200, 3, 0
96, 3811, 200, 6, 3
96, 3812, 200, 2, 0
96, 3813, 200, 6, 0
96, 3814, 200, 4, 0
96, 3815, 200, 4, 0
96, 3816, 200, 4, 0
96, 3817, 200, 4, 0
96, 3818, 200, 4, 0
96, 3819, 200, 1, 0
96, 3820, 200, 7, 0
96, 3821, 200, 6, 0
96, 3822, 200, 8, 0
96, 3823, 200, 3, 0
96, 3824, 200, 1, 1
96, 3825, 200, 7, 1
96, 3826, 200, 0, 1
96, 3827, 200, 4, 0
96, 3828, 200, 3, 0
96, 3829, 200, 5, 0
96, 3830, 200, 4, 0
96, 3831, 200, 5, 1
96, 3832, 200, 2, 0
96, 3833, 200, 1, 0
96, 3834, 200, 1, 0
96, 3835, 200, 2, 0
96, 3836, 200, 2, 1
96, 3837, 200, 3, 0
96, 3838, 200, 3, 0
96, 3839, 200, 0, 0
97, 3840, 200, 2, 1
97, 3841, 200, 2, 0
97, 3842, 200, 4, 0
97, 3843, 200, 1, 1
97, 3844, 200, 2, 0
97, 3845, 200, 3, 0
97, 3846, 200, 2, 0
97, 3847, 200, 1, 0
97, 3848, 200, 0, 0
97, 3849, 200, 5, 0
97, 3850, 200, 0, 0
97, 3851, 200, 1, 0
97, 3852, 200, 1, 0
97, 3853, 200, 4, 0
97, 3854, 200, 2, 0
97, 3855, 200, 5, 0
97, 3856, 200, 0, 0
97, 3857, 200, 5, 0
97, 3858, 200, 0, 3
97, 3859, 200, 1, 0
97, 3860, 200, 6, 1
97, 3861, 200, 6, 1
97, 3862, 200, 6, 1
97, 3863, 200, 4, 0
97, 3864, 200, 3, 0
97, 3865, 200, 6, 0
97, 3866, 200, 4, 0
97, 3867, 200, 1, 0
97, 3868, 200, 5, 0
97, 3869, 200, 8, 1
97, 3870, 200, 1, 0
97, 3871, 200, 6, 0
97, 3872, 200, 4, 0
97, 3873, 200, 2, 0
97, 3874, 200, 0, 0
97, 3875, 200, 5, 0
97, 3876, 200, 4, 0
97, 3877, 200, 3, 0
97, 3878, 200, 2, 0
97, 3879, 200, 0, 0
98, 3880, 200, 1, 0
98, 3881, 200, 3, 0
98, 3882, 200, 4, 0
98, 3883, 200, 7, 0
98, 3884, 200, 5, 0
98, 3885, 200, 5, 0
98, 3886, 200, 4, 0
98, 3887, 200, 2, 0
98, 3888, 200, 1, 0
98, 3889, 200, 5, 0
98, 3890, 200, 7, 0
98, 3891, 200, 2, 0
98, 3892, 200, 0, 0
98, 3893, 200, 1, 0
98, 3894, 200, 2, 0
98, 3895, 200, 4, 0
98, 3896, 200, 2, 0
98, 3897, 200, 5, 1
98, 3898, 200, 4, 0
98, 3899, 200, 9, 0
98, 3900, 200, 3, 0
98, 3901, 200, 1, 0
98, 3902, 200, 0, 0
98, 3903, 200, 1, 0
98, 3904, 200, 2, 0
98, 3905, 200, 6, 0
98, 3906, 200, 1, 0
98, 3907, 200, 4, 0
98, 3908, 200, 4, 0
98, 3909, 200, 1, 0
98, 3910, 200, 2, 0
98, 3911, 200, 4, 0
98, 3912, 200, 2, 0
98, 3913, 200, 5, 0
98, 3914, 200, 2, 0
98, 3915, 200, 7, 0
98, 3916, 200, 4, 0
98, 3917, 200, 4, 0
98, 3918, 200, 7, 0
98, 3919, 200, 1, 0
99, 3920, 200, 4, 1
99, 3921, 200, 6, 0
99, 3922, 200, 2, 0
99, 3923, 200, 7, 0
99, 3924, 200, 3, 0
99, 3925, 200, 6, 0
99, 3926, 200, 1, 0
99, 3927, 200, 5, 2
99, 3928, 200, 11, 0
99, 3929, 200, 10, 1
99, 3930, 200, 4, 0
99, 3931, 200, 3, 0
99, 3932, 200, 2, 0
99, 3933, 200, 3, 1
99, 3934, 200, 2, 0
99, 3935, 200, 8, 0
99, 3936, 200, 4, 0
99, 3937, 200, 6, 0
99, 3938, 200, 3, 0
99, 3939, 200, 10, 0
99, 3940, 200, 5, 0
99, 3941, 200, 5, 0
99, 3942, 200, 2, 0
99, 3943, 200, 6, 0
99, 3944, 200, 4, 0
99, 3945, 200, 4, 0
99, 3946, 200, 1, 0
99, 3947, 200, 1, 0
99, 3948, 200, 3, 0
99, 3949, 200, 6, 0
99, 3950, 200, 3, 0
99, 3951, 200, 10, 1
99, 3952, 200, 4, 0
99, 3953, 200, 3, 1
99, 3954, 200, 4, 2
99, 3955, 200, 7, 0
99, 3956, 200, 9, 0
99, 3957, 200, 11, 0
99, 3958, 200, 3, 2
99, 3959, 200, 4, 0
100, 3960, 200, 7, 0
100, 3961, 200, 4, 0
100, 3962, 200, 4, 0
100, 3963, 200, 3, 0
100, 3964, 200, 1, 0
100, 3965, 200, 8, 0
100, 3966, 200, 1, 0
100, 3967, 200, 1, 0
100, 3968, 200, 4, 0
100, 3969, 200, 2, 0
100, 3970, 200, 4, 0
100, 3971, 200, 3, 0
100, 3972, 200, 4, 0
100, 3973, 200, 1, 0
100, 3974, 200, 0, 0
100, 3975, 200, 5, 1
100, 3976, 200, 2, 0
100, 3977, 200, 7, 0
100, 3978, 200, 3, 0
100, 3979, 200, 5, 1
100, 3980, 200, 6, 0
100, 3981, 200, 9, 1
100, 3982, 200, 3, 4
100, 3983, 200, 9, 0
100, 3984, 200, 6, 0
100, 3985, 200, 5, 0
100, 3986, 200, 7, 0
100, 3987, 200, 5, 0
100, 3988, 200, 1, 0
100, 3989, 200, 13, 0
100, 3990, 200, 4, 0
100, 3991, 200, 6, 0
100, 3992, 200, 3, 0
100, 3993, 200, 4, 0
100, 3994, 200, 8, 2
100, 3995, 200, 6, 0
100, 3996, 200, 4, 0
100, 3997, 200, 1, 2
100, 3998, 200, 1, 0
100, 3999, 200, 4, 0
