1, 0, 200, 163, 198
1, 1, 200, 37, 26
1, 2, 200, 0, 2
1, 3, 200, 44, 16
1, 4, 200, 24, 19
1, 5, 200, 14, 2
1, 6, 200, 319, 60
1, 7, 200, 562, 115
1, 8, 200, 522, 72
1, 9, 200, 481, 112
1, 10, 200, 722, 116
1, 11, 200, 174, 14
1, 12, 200, 459, 57
1, 13, 200, 598, 83
1, 14, 200, 790, 87
1, 15, 200, 867, 109
1, 16, 200, 364, 73
1, 17, 200, 345, 37
1, 18, 200, 650, 103
1, 19, 200, 704, 75
1, 20, 200, 581, 70
1, 21, 200, 388, 55
1, 22, 200, 467, 66
1, 23, 200, 588, 95
1, 24, 200, 611, 83
1, 25, 200, 410, 79
1, 26, 200, 424, 47
1, 27, 200, 524, 94
1, 28, 200, 1139, 91
1, 29, 200, 992, 148
1, 30, 200, 1119, 166
1, 31, 200, 1015, 142
1, 32, 200, 371, 73
1, 33, 200, 634, 64
1, 34, 200, 474, 43
1, 35, 200, 460, 49
1, 36, 200, 969, 162
1, 37, 200, 748, 135
1, 38, 200, 939, 113
1, 39, 200, 1273, 126
2, 40, 200, 1547, 129
2, 41, 200, 1780, 204
2, 42, 200, 1545, 185
2, 43, 200, 1214, 198
2, 44, 200, 1140, 171
2, 45, 200, 1141, 170
2, 46, 200, 637, 139
2, 47, 200, 1137, 148
2, 48, 200, 1021, 134
2, 49, 200, 1052, 88
2, 50, 200, 1139, 145
2, 51, 200, 1011, 157
2, 52, 200, 987, 124
2, 53, 200, 506, 97
2, 54, 200, 620, 154
2, 55, 200, 994, 89
2, 56, 200, 899, 117
2, 57, 200, 898, 108
2, 58, 200, 830, 104
2, 59, 200, 705, 84
2, 60, 200, 602, 73
2, 61, 200, 966, 124
2, 62, 200, 749, 130
2, 63, 200, 1146, 112
2, 64, 200, 876, 116
2, 65, 200, 892, 108
2, 66, 200, 1013, 125
2, 67, 200, 782, 94
2, 68, 200, 700, 118
2, 69, 200, 715, 76
2, 70, 200, 630, 91
2, 71, 200, 729, 79
2, 72, 200, 716, 94
2, 73, 200, 858, 108
2, 74, 200, 803, 95
2, 75, 200, 694, 71
2, 76, 200, 740, 108
2, 77, 200, 706, 105
2, 78, 200, 825, 122
2, 79, 200, 1011, 128
3, 80, 200, 681, 90
3, 81, 200, 916, 89
3, 82, 200, 855, 101
3, 83, 200, 1082, 115
3, 84, 200, 917, 99
3, 85, 200, 985, 95
3, 86, 200, 1096, 120
3, 87, 200, 1154, 128
3, 88, 200, 908, 97
3, 89, 200, 885, 96
3, 90, 200, 834, 127
3, 91, 200, 949, 106
3, 92, 200, 974, 97
3, 93, 200, 874, 148
3, 94, 200, 1034, 145
3, 95, 200, 521, 68
3, 96, 200, 623, 114
3, 97, 200, 856, 107
3, 98, 200, 910, 148
3, 99, 200, 741, 106
3, 100, 200, 593, 98
3, 101, 200, 613, 71
3, 102, 200, 657, 83
3, 103, 200, 637, 92
3, 104, 200, 1029, 111
3, 105, 200, 744, 95
3, 106, 200, 995, 148
3, 107, 200, 1109, 103
3, 108, 200, 777, 100
3, 109, 200, 806, 77
3, 110, 200, 848, 83
3, 111, 200, 703, 56
3, 112, 200, 643, 98
3, 113, 200, 704, 58
3, 114, 200, 515, 64
3, 115, 200, 610, 45
3, 116, 200, 766, 64
3, 117, 200, 751, 85
3, 118, 200, 482, 24
3, 119, 200, 679, 109
4, 120, 200, 554, 69
4, 121, 200, 491, 94
4, 122, 200, 679, 70
4, 123, 200, 861, 100
4, 124, 200, 437, 51
4, 125, 200, 1083, 137
4, 126, 200, 782, 83
4, 127, 200, 694, 54
4, 128, 200, 645, 71
4, 129, 200, 820, 91
4, 130, 200, 791, 98
4, 131, 200, 656, 84
4, 132, 200, 583, 54
4, 133, 200, 746, 108
4, 134, 200, 566, 73
4, 135, 200, 552, 85
4, 136, 200, 534, 63
4, 137, 200, 715, 60
4, 138, 200, 663, 88
4, 139, 200, 743, 82
4, 140, 200, 458, 38
4, 141, 200, 511, 61
4, 142, 200, 381, 55
4, 143, 200, 515, 75
4, 144, 200, 570, 88
4, 145, 200, 578, 96
4, 146, 200, 639, 68
4, 147, 200, 828, 96
4, 148, 200, 354, 67
4, 149, 200, 410, 48
4, 150, 200, 577, 70
4, 151, 200, 404, 35
4, 152, 200, 372, 75
4, 153, 200, 443, 57
4, 154, 200, 435, 50
4, 155, 200, 310, 32
4, 156, 200, 240, 44
4, 157, 200, 463, 47
4, 158, 200, 558, 90
4, 159, 200, 496, 74
5, 160, 200, 437, 62
5, 161, 200, 545, 81
5, 162, 200, 397, 37
5, 163, 200, 374, 58
5, 164, 200, 608, 86
5, 165, 200, 513, 76
5, 166, 200, 549, 37
5, 167, 200, 770, 118
5, 168, 200, 507, 74
5, 169, 200, 689, 80
5, 170, 200, 522, 91
5, 171, 200, 558, 54
5, 172, 200, 690, 71
5, 173, 200, 469, 76
5, 174, 200, 641, 65
5, 175, 200, 586, 67
5, 176, 200, 470, 71
5, 177, 200, 447, 78
5, 178, 200, 606, 107
5, 179, 200, 596, 68
5, 180, 200, 479, 69
5, 181, 200, 488, 83
5, 182, 200, 553, 43
5, 183, 200, 709, 86
5, 184, 200, 509, 91
5, 185, 200, 699, 61
5, 186, 200, 405, 74
5, 187, 200, 553, 67
5, 188, 200, 566, 64
5, 189, 200, 482, 70
5, 190, 200, 509, 57
5, 191, 200, 521, 77
5, 192, 200, 556, 52
5, 193, 200, 572, 87
5, 194, 200, 456, 48
5, 195, 200, 365, 58
5, 196, 200, 305, 59
5, 197, 200, 397, 39
5, 198, 200, 575, 57
5, 199, 200, 608, 73
6, 200, 200, 468, 68
6, 201, 200, 321, 62
6, 202, 200, 493, 56
6, 203, 200, 381, 52
6, 204, 200, 309, 25
6, 205, 200, 452, 65
6, 206, 200, 435, 105
6, 207, 200, 615, 38
6, 208, 200, 520, 95
6, 209, 200, 537, 68
6, 210, 200, 521, 70
6, 211, 200, 623, 80
6, 212, 200, 596, 84
6, 213, 200, 473, 64
6, 214, 200, 672, 81
6, 215, 200, 666, 107
6, 216, 200, 752, 116
6, 217, 200, 633, 79
6, 218, 200, 624, 36
6, 219, 200, 760, 98
6, 220, 200, 759, 98
6, 221, 200, 511, 76
6, 222, 200, 612, 75
6, 223, 200, 581, 77
6, 224, 200, 640, 78
6, 225, 200, 943, 83
6, 226, 200, 677, 92
6, 227, 200, 700, 73
6, 228, 200, 649, 102
6, 229, 200, 817, 82
6, 230, 200, 725, 64
6, 231, 200, 559, 38
6, 232, 200, 473, 72
6, 233, 200, 792, 99
6, 234, 200, 718, 78
6, 235, 200, 698, 67
6, 236, 200, 729, 73
6, 237, 200, 625, 84
6, 238, 200, 557, 60
6, 239, 200, 511, 79
7, 240, 200, 448, 39
7, 241, 200, 618, 67
7, 242, 200, 639, 89
7, 243, 200, 797, 121
7, 244, 200, 435, 42
7, 245, 200, 621, 73
7, 246, 200, 418, 81
7, 247, 200, 571, 96
7, 248, 200, 576, 68
7, 249, 200, 538, 35
7, 250, 200, 499, 59
7, 251, 200, 554, 71
7, 252, 200, 577, 80
7, 253, 200, 523, 54
7, 254, 200, 390, 28
7, 255, 200, 435, 37
7, 256, 200, 338, 19
7, 257, 200, 526, 69
7, 258, 200, 471, 60
7, 259, 200, 327, 61
7, 260, 200, 445, 69
7, 261, 200, 467, 67
7, 262, 200, 495, 45
7, 263, 200, 642, 59
7, 264, 200, 449, 51
7, 265, 200, 491, 58
7, 266, 200, 486, 66
7, 267, 200, 394, 39
7, 268, 200, 383, 72
7, 269, 200, 654, 50
7, 270, 200, 607, 98
7, 271, 200, 720, 82
7, 272, 200, 818, 56
7, 273, 200, 631, 77
7, 274, 200, 525, 90
7, 275, 200, 629, 56
7, 276, 200, 440, 102
7, 277, 200, 667, 53
7, 278, 200, 514, 81
7, 279, 200, 462, 53
8, 280, 200, 736, 102
8, 281, 200, 522, 74
8, 282, 200, 449, 50
8, 283, 200, 343, 54
8, 284, 200, 310, 47
8, 285, 200, 639, 80
8, 286, 200, 580, 54
8, 287, 200, 510, 83
8, 288, 200, 418, 59
8, 289, 200, 357, 67
8, 290, 200, 511, 56
8, 291, 200, 575, 100
8, 292, 200, 420, 61
8, 293, 200, 497, 61
8, 294, 200, 765, 70
8, 295, 200, 589, 69
8, 296, 200, 696, 82
8, 297, 200, 871, 80
8, 298, 200, 599, 82
8, 299, 200, 515, 70
8, 300, 200, 546, 72
8, 301, 200, 520, 65
8, 302, 200, 512, 41
8, 303, 200, 730, 81
8, 304, 200, 748, 69
8, 305, 200, 573, 46
8, 306, 200, 912, 63
8, 307, 200, 734, 65
8, 308, 200, 698, 74
8, 309, 200, 823, 81
8, 310, 200, 630, 50
8, 311, 200, 523, 73
8, 312, 200, 455, 59
8, 313, 200, 444, 48
8, 314, 200, 609, 58
8, 315, 200, 681, 80
8, 316, 200, 822, 51
8, 317, 200, 633, 65
8, 318, 200, 396, 61
8, 319, 200, 528, 53
9, 320, 200, 686, 88
9, 321, 200, 428, 78
9, 322, 200, 491, 49
9, 323, 200, 716, 65
9, 324, 200, 555, 50
9, 325, 200, 534, 88
9, 326, 200, 540, 69
9, 327, 200, 567, 62
9, 328, 200, 475, 54
9, 329, 200, 483, 57
9, 330, 200, 383, 71
9, 331, 200, 668, 88
9, 332, 200, 601, 44
9, 333, 200, 566, 75
9, 334, 200, 448, 41
9, 335, 200, 573, 66
9, 336, 200, 382, 30
9, 337, 200, 661, 62
9, 338, 200, 746, 63
9, 339, 200, 666, 77
9, 340, 200, 594, 50
9, 341, 200, 394, 47
9, 342, 200, 481, 50
9, 343, 200, 823, 70
9, 344, 200, 317, 32
9, 345, 200, 457, 59
9, 346, 200, 527, 56
9, 347, 200, 576, 82
9, 348, 200, 442, 34
9, 349, 200, 433, 55
9, 350, 200, 359, 37
9, 351, 200, 592, 53
9, 352, 200, 448, 47
9, 353, 200, 503, 55
9, 354, 200, 449, 60
9, 355, 200, 587, 66
9, 356, 200, 778, 89
9, 357, 200, 710, 53
9, 358, 200, 514, 48
9, 359, 200, 414, 44
10, 360, 200, 684, 62
10, 361, 200, 476, 49
10, 362, 200, 693, 86
10, 363, 200, 612, 56
10, 364, 200, 822, 78
10, 365, 200, 364, 55
10, 366, 200, 582, 73
10, 367, 200, 629, 36
10, 368, 200, 555, 34
10, 369, 200, 494, 53
10, 370, 200, 628, 100
10, 371, 200, 836, 86
10, 372, 200, 596, 72
10, 373, 200, 379, 40
10, 374, 200, 434, 50
10, 375, 200, 833, 85
10, 376, 200, 633, 62
10, 377, 200, 545, 69
10, 378, 200, 664, 40
10, 379, 200, 712, 47
10, 380, 200, 579, 62
10, 381, 200, 422, 56
10, 382, 200, 454, 61
10, 383, 200, 851, 58
10, 384, 200, 524, 28
10, 385, 200, 696, 89
10, 386, 200, 458, 35
10, 387, 200, 558, 68
10, 388, 200, 828, 80
10, 389, 200, 502, 52
10, 390, 200, 611, 56
10, 391, 200, 480, 63
10, 392, 200, 596, 69
10, 393, 200, 705, 56
10, 394, 200, 549, 77
10, 395, 200, 539, 64
10, 396, 200, 609, 48
10, 397, 200, 628, 80
10, 398, 200, 704, 76
10, 399, 200, 638, 64
11, 400, 200, 611, 59
11, 401, 200, 639, 56
11, 402, 200, 391, 36
11, 403, 200, 493, 24
11, 404, 200, 301, 51
11, 405, 200, 700, 63
11, 406, 200, 605, 80
11, 407, 200, 768, 72
11, 408, 200, 546, 90
11, 409, 200, 420, 54
11, 410, 200, 666, 74
11, 411, 200, 451, 50
11, 412, 200, 634, 67
11, 413, 200, 440, 40
11, 414, 200, 597, 71
11, 415, 200, 532, 62
11, 416, 200, 427, 52
11, 417, 200, 454, 67
11, 418, 200, 467, 49
11, 419, 200, 544, 65
11, 420, 200, 372, 60
11, 421, 200, 492, 51
11, 422, 200, 529, 64
11, 423, 200, 348, 40
11, 424, 200, 276, 40
11, 425, 200, 554, 46
11, 426, 200, 454, 46
11, 427, 200, 577, 58
11, 428, 200, 449, 20
11, 429, 200, 374, 29
11, 430, 200, 400, 32
11, 431, 200, 453, 64
11, 432, 200, 446, 47
11, 433, 200, 439, 56
11, 434, 200, 654, 59
11, 435, 200, 885, 67
11, 436, 200, 351, 61
11, 437, 200, 561, 51
11, 438, 200, 551, 76
11, 439, 200, 416, 36
12, 440, 200, 470, 60
12, 441, 200, 378, 52
12, 442, 200, 601, 44
12, 443, 200, 670, 57
12, 444, 200, 586, 73
12, 445, 200, 558, 62
12, 446, 200, 482, 65
12, 447, 200, 399, 62
12, 448, 200, 478, 75
12, 449, 200, 481, 43
12, 450, 200, 500, 55
12, 451, 200, 421, 58
12, 452, 200, 430, 45
12, 453, 200, 692, 65
12, 454, 200, 810, 79
12, 455, 200, 650, 74
12, 456, 200, 675, 86
12, 457, 200, 574, 53
12, 458, 200, 669, 91
12, 459, 200, 570, 31
12, 460, 200, 673, 56
12, 461, 200, 456, 38
12, 462, 200, 509, 66
12, 463, 200, 379, 36
12, 464, 200, 633, 89
12, 465, 200, 699, 75
12, 466, 200, 591, 75
12, 467, 200, 686, 40
12, 468, 200, 682, 47
12, 469, 200, 580, 51
12, 470, 200, 538, 50
12, 471, 200, 610, 70
12, 472, 200, 527, 69
12, 473, 200, 584, 50
12, 474, 200, 451, 48
12, 475, 200, 755, 78
12, 476, 200, 781, 92
12, 477, 200, 658, 58
12, 478, 200, 748, 38
12, 479, 200, 619, 57
13, 480, 200, 600, 54
13, 481, 200, 593, 65
13, 482, 200, 578, 58
13, 483, 200, 545, 86
13, 484, 200, 586, 94
13, 485, 200, 523, 82
13, 486, 200, 338, 58
13, 487, 200, 334, 64
13, 488, 200, 562, 68
13, 489, 200, 361, 72
13, 490, 200, 640, 65
13, 491, 200, 419, 44
13, 492, 200, 462, 60
13, 493, 200, 499, 52
13, 494, 200, 874, 65
13, 495, 200, 600, 51
13, 496, 200, 493, 53
13, 497, 200, 323, 19
13, 498, 200, 363, 43
13, 499, 200, 414, 43
13, 500, 200, 384, 51
13, 501, 200, 432, 48
13, 502, 200, 441, 55
13, 503, 200, 415, 62
13, 504, 200, 504, 68
13, 505, 200, 568, 42
13, 506, 200, 552, 62
13, 507, 200, 388, 59
13, 508, 200, 476, 43
13, 509, 200, 630, 50
13, 510, 200, 559, 45
13, 511, 200, 573, 54
13, 512, 200, 477, 61
13, 513, 200, 722, 50
13, 514, 200, 520, 53
13, 515, 200, 544, 52
13, 516, 200, 595, 68
13, 517, 200, 567, 63
13, 518, 200, 631, 83
13, 519, 200, 410, 47
14, 520, 200, 376, 51
14, 521, 200, 437, 79
14, 522, 200, 526, 48
14, 523, 200, 428, 28
14, 524, 200, 417, 28
14, 525, 200, 434, 59
14, 526, 200, 518, 69
14, 527, 200, 577, 54
14, 528, 200, 377, 47
14, 529, 200, 343, 41
14, 530, 200, 402, 36
14, 531, 200, 468, 52
14, 532, 200, 418, 57
14, 533, 200, 551, 61
14, 534, 200, 560, 85
14, 535, 200, 425, 34
14, 536, 200, 325, 58
14, 537, 200, 589, 79
14, 538, 200, 610, 93
14, 539, 200, 395, 67
14, 540, 200, 369, 35
14, 541, 200, 678, 34
14, 542, 200, 711, 43
14, 543, 200, 516, 53
14, 544, 200, 548, 54
14, 545, 200, 380, 45
14, 546, 200, 598, 51
14, 547, 200, 453, 44
14, 548, 200, 650, 56
14, 549, 200, 416, 40
14, 550, 200, 516, 55
14, 551, 200, 368, 43
14, 552, 200, 462, 50
14, 553, 200, 470, 39
14, 554, 200, 354, 43
14, 555, 200, 712, 59
14, 556, 200, 502, 66
14, 557, 200, 377, 54
14, 558, 200, 633, 56
14, 559, 200, 640, 50
15, 560, 200, 328, 22
15, 561, 200, 416, 44
15, 562, 200, 680, 54
15, 563, 200, 746, 79
15, 564, 200, 449, 61
15, 565, 200, 519, 62
15, 566, 200, 624, 87
15, 567, 200, 599, 56
15, 568, 200, 527, 78
15, 569, 200, 695, 76
15, 570, 200, 381, 37
15, 571, 200, 358, 40
15, 572, 200, 516, 44
15, 573, 200, 259, 24
15, 574, 200, 293, 39
15, 575, 200, 416, 50
15, 576, 200, 469, 94
15, 577, 200, 231, 62
15, 578, 200, 573, 58
15, 579, 200, 722, 50
15, 580, 200, 602, 63
15, 581, 200, 607, 63
15, 582, 200, 377, 46
15, 583, 200, 469, 33
15, 584, 200, 528, 37
15, 585, 200, 462, 37
15, 586, 200, 430, 54
15, 587, 200, 319, 42
15, 588, 200, 300, 16
15, 589, 200, 389, 41
15, 590, 200, 478, 45
15, 591, 200, 549, 79
15, 592, 200, 432, 36
15, 593, 200, 424, 76
15, 594, 200, 372, 44
15, 595, 200, 431, 51
15, 596, 200, 451, 31
15, 597, 200, 259, 38
15, 598, 200, 489, 64
15, 599, 200, 599, 59
16, 600, 200, 437, 55
16, 601, 200, 625, 76
16, 602, 200, 493, 55
16, 603, 200, 548, 49
16, 604, 200, 345, 39
16, 605, 200, 546, 53
16, 606, 200, 232, 22
16, 607, 200, 312, 54
16, 608, 200, 308, 35
16, 609, 200, 470, 39
16, 610, 200, 461, 68
16, 611, 200, 430, 35
16, 612, 200, 390, 32
16, 613, 200, 422, 60
16, 614, 200, 357, 34
16, 615, 200, 482, 32
16, 616, 200, 450, 50
16, 617, 200, 412, 32
16, 618, 200, 379, 51
16, 619, 200, 436, 53
16, 620, 200, 277, 42
16, 621, 200, 613, 59
16, 622, 200, 307, 25
16, 623, 200, 357, 41
16, 624, 200, 691, 73
16, 625, 200, 465, 55
16, 626, 200, 477, 67
16, 627, 200, 791, 62
16, 628, 200, 514, 65
16, 629, 200, 442, 40
16, 630, 200, 468, 60
16, 631, 200, 684, 73
16, 632, 200, 479, 62
16, 633, 200, 617, 48
16, 634, 200, 620, 46
16, 635, 200, 633, 58
16, 636, 200, 522, 47
16, 637, 200, 575, 40
16, 638, 200, 433, 31
16, 639, 200, 398, 39
17, 640, 200, 482, 45
17, 641, 200, 457, 56
17, 642, 200, 618, 78
17, 643, 200, 461, 49
17, 644, 200, 487, 49
17, 645, 200, 451, 42
17, 646, 200, 341, 41
17, 647, 200, 334, 39
17, 648, 200, 506, 43
17, 649, 200, 304, 14
17, 650, 200, 804, 74
17, 651, 200, 416, 35
17, 652, 200, 293, 43
17, 653, 200, 418, 58
17, 654, 200, 594, 59
17, 655, 200, 283, 14
17, 656, 200, 432, 33
17, 657, 200, 345, 44
17, 658, 200, 352, 23
17, 659, 200, 574, 35
17, 660, 200, 503, 46
17, 661, 200, 412, 36
17, 662, 200, 507, 72
17, 663, 200, 444, 46
17, 664, 200, 434, 75
17, 665, 200, 277, 39
17, 666, 200, 511, 39
17, 667, 200, 411, 47
17, 668, 200, 457, 52
17, 669, 200, 411, 27
17, 670, 200, 456, 52
17, 671, 200, 407, 54
17, 672, 200, 408, 59
17, 673, 200, 381, 40
17, 674, 200, 662, 47
17, 675, 200, 420, 34
17, 676, 200, 483, 66
17, 677, 200, 640, 55
17, 678, 200, 415, 47
17, 679, 200, 495, 44
18, 680, 200, 531, 66
18, 681, 200, 382, 52
18, 682, 200, 540, 45
18, 683, 200, 348, 43
18, 684, 200, 561, 60
18, 685, 200, 604, 62
18, 686, 200, 629, 76
18, 687, 200, 782, 59
18, 688, 200, 381, 23
18, 689, 200, 480, 68
18, 690, 200, 588, 54
18, 691, 200, 628, 61
18, 692, 200, 496, 47
18, 693, 200, 631, 46
18, 694, 200, 355, 42
18, 695, 200, 631, 56
18, 696, 200, 592, 79
18, 697, 200, 847, 95
18, 698, 200, 443, 46
18, 699, 200, 523, 38
18, 700, 200, 555, 43
18, 701, 200, 572, 64
18, 702, 200, 497, 67
18, 703, 200, 460, 78
18, 704, 200, 512, 56
18, 705, 200, 568, 71
18, 706, 200, 662, 74
18, 707, 200, 443, 36
18, 708, 200, 575, 56
18, 709, 200, 618, 59
18, 710, 200, 664, 43
18, 711, 200, 478, 50
18, 712, 200, 423, 55
18, 713, 200, 571, 55
18, 714, 200, 554, 62
18, 715, 200, 376, 48
18, 716, 200, 532, 52
18, 717, 200, 393, 71
18, 718, 200, 322, 52
18, 719, 200, 552, 45
19, 720, 200, 468, 48
19, 721, 200, 665, 57
19, 722, 200, 547, 46
19, 723, 200, 711, 33
19, 724, 200, 482, 53
19, 725, 200, 483, 40
19, 726, 200, 601, 59
19, 727, 200, 666, 53
19, 728, 200, 377, 31
19, 729, 200, 554, 64
19, 730, 200, 373, 47
19, 731, 200, 454, 46
19, 732, 200, 641, 38
19, 733, 200, 623, 52
19, 734, 200, 270, 25
19, 735, 200, 344, 34
19, 736, 200, 423, 15
19, 737, 200, 415, 18
19, 738, 200, 396, 25
19, 739, 200, 665, 59
19, 740, 200, 408, 56
19, 741, 200, 627, 48
19, 742, 200, 671, 62
19, 743, 200, 345, 46
19, 744, 200, 405, 40
19, 745, 200, 517, 62
19, 746, 200, 395, 26
19, 747, 200, 394, 64
19, 748, 200, 384, 36
19, 749, 200, 405, 30
19, 750, 200, 304, 39
19, 751, 200, 371, 24
19, 752, 200, 333, 49
19, 753, 200, 334, 42
19, 754, 200, 507, 53
19, 755, 200, 352, 38
19, 756, 200, 333, 12
19, 757, 200, 393, 40
19, 758, 200, 521, 62
19, 759, 200, 402, 32
20, 760, 200, 305, 41
20, 761, 200, 592, 63
20, 762, 200, 342, 49
20, 763, 200, 493, 58
20, 764, 200, 445, 27
20, 765, 200, 306, 31
20, 766, 200, 468, 56
20, 767, 200, 365, 28
20, 768, 200, 323, 29
20, 769, 200, 384, 50
20, 770, 200, 501, 51
20, 771, 200, 674, 65
20, 772, 200, 581, 74
20, 773, 200, 325, 46
20, 774, 200, 587, 60
20, 775, 200, 649, 73
20, 776, 200, 405, 48
20, 777, 200, 573, 62
20, 778, 200, 516, 65
20, 779, 200, 436, 50
20, 780, 200, 628, 64
20, 781, 200, 768, 52
20, 782, 200, 635, 93
20, 783, 200, 555, 47
20, 784, 200, 508, 42
20, 785, 200, 475, 50
20, 786, 200, 485, 38
20, 787, 200, 663, 67
20, 788, 200, 295, 45
20, 789, 200, 584, 61
20, 790, 200, 643, 49
20, 791, 200, 451, 46
20, 792, 200, 511, 28
20, 793, 200, 607, 58
20, 794, 200, 618, 64
20, 795, 200, 576, 38
20, 796, 200, 455, 50
20, 797, 200, 444, 40
20, 798, 200, 322, 24
20, 799, 200, 492, 37
21, 800, 200, 491, 28
21, 801, 200, 341, 40
21, 802, 200, 438, 41
21, 803, 200, 398, 55
21, 804, 200, 692, 78
21, 805, 200, 729, 67
21, 806, 200, 705, 74
21, 807, 200, 1122, 73
21, 808, 200, 526, 37
21, 809, 200, 701, 87
21, 810, 200, 682, 77
21, 811, 200, 716, 81
21, 812, 200, 856, 80
21, 813, 200, 719, 52
21, 814, 200, 533, 43
21, 815, 200, 540, 55
21, 816, 200, 544, 50
21, 817, 200, 590, 48
21, 818, 200, 581, 60
21, 819, 200, 456, 50
21, 820, 200, 389, 46
21, 821, 200, 409, 38
21, 822, 200, 307, 36
21, 823, 200, 330, 39
21, 824, 200, 359, 41
21, 825, 200, 222, 42
21, 826, 200, 290, 13
21, 827, 200, 555, 55
21, 828, 200, 239, 19
21, 829, 200, 327, 51
21, 830, 200, 407, 55
21, 831, 200, 307, 32
21, 832, 200, 476, 61
21, 833, 200, 525, 53
21, 834, 200, 513, 59
21, 835, 200, 434, 44
21, 836, 200, 369, 41
21, 837, 200, 515, 46
21, 838, 200, 362, 13
21, 839, 200, 429, 40
22, 840, 200, 493, 59
22, 841, 200, 556, 76
22, 842, 200, 517, 56
22, 843, 200, 380, 63
22, 844, 200, 610, 53
22, 845, 200, 488, 55
22, 846, 200, 570, 44
22, 847, 200, 603, 42
22, 848, 200, 703, 36
22, 849, 200, 529, 47
22, 850, 200, 459, 22
22, 851, 200, 694, 48
22, 852, 200, 621, 56
22, 853, 200, 651, 58
22, 854, 200, 537, 41
22, 855, 200, 495, 27
22, 856, 200, 432, 44
22, 857, 200, 575, 63
22, 858, 200, 589, 37
22, 859, 200, 701, 38
22, 860, 200, 613, 47
22, 861, 200, 499, 36
22, 862, 200, 377, 32
22, 863, 200, 500, 53
22, 864, 200, 644, 84
22, 865, 200, 491, 52
22, 866, 200, 654, 78
22, 867, 200, 469, 38
22, 868, 200, 506, 34
22, 869, 200, 388, 42
22, 870, 200, 544, 57
22, 871, 200, 488, 46
22, 872, 200, 472, 14
22, 873, 200, 485, 47
22, 874, 200, 483, 18
22, 875, 200, 623, 57
22, 876, 200, 499, 29
22, 877, 200, 424, 50
22, 878, 200, 310, 29
22, 879, 200, 600, 58
23, 880, 200, 461, 48
23, 881, 200, 640, 59
23, 882, 200, 400, 33
23, 883, 200, 409, 26
23, 884, 200, 646, 57
23, 885, 200, 454, 53
23, 886, 200, 615, 62
23, 887, 200, 507, 65
23, 888, 200, 520, 65
23, 889, 200, 393, 71
23, 890, 200, 403, 41
23, 891, 200, 525, 44
23, 892, 200, 304, 21
23, 893, 200, 477, 39
23, 894, 200, 595, 52
23, 895, 200, 409, 29
23, 896, 200, 519, 33
23, 897, 200, 437, 44
23, 898, 200, 385, 26
23, 899, 200, 464, 47
23, 900, 200, 529, 63
23, 901, 200, 338, 41
23, 902, 200, 399, 34
23, 903, 200, 539, 42
23, 904, 200, 399, 40
23, 905, 200, 417, 45
23, 906, 200, 567, 41
23, 907, 200, 426, 35
23, 908, 200, 299, 33
23, 909, 200, 405, 42
23, 910, 200, 598, 74
23, 911, 200, 562, 65
23, 912, 200, 569, 36
23, 913, 200, 856, 57
23, 914, 200, 617, 45
23, 915, 200, 553, 60
23, 916, 200, 373, 26
23, 917, 200, 582, 34
23, 918, 200, 377, 23
23, 919, 200, 513, 37
24, 920, 200, 270, 18
24, 921, 200, 420, 43
24, 922, 200, 495, 38
24, 923, 200, 443, 34
24, 924, 200, 484, 51
24, 925, 200, 426, 31
24, 926, 200, 464, 60
24, 927, 200, 445, 44
24, 928, 200, 514, 30
24, 929, 200, 516, 42
24, 930, 200, 613, 56
24, 931, 200, 332, 37
24, 932, 200, 308, 25
24, 933, 200, 605, 54
24, 934, 200, 439, 35
24, 935, 200, 320, 28
24, 936, 200, 247, 23
24, 937, 200, 525, 71
24, 938, 200, 448, 48
24, 939, 200, 480, 51
24, 940, 200, 496, 53
24, 941, 200, 427, 59
24, 942, 200, 630, 54
24, 943, 200, 647, 51
24, 944, 200, 444, 41
24, 945, 200, 497, 45
24, 946, 200, 425, 35
24, 947, 200, 508, 40
24, 948, 200, 298, 27
24, 949, 200, 583, 43
24, 950, 200, 483, 55
24, 951, 200, 484, 38
24, 952, 200, 543, 38
24, 953, 200, 546, 33
24, 954, 200, 504, 23
24, 955, 200, 408, 44
24, 956, 200, 863, 55
24, 957, 200, 554, 51
24, 958, 200, 627, 53
24, 959, 200, 541, 42
25, 960, 200, 578, 36
25, 961, 200, 851, 74
25, 962, 200, 750, 63
25, 963, 200, 848, 80
25, 964, 200, 778, 71
25, 965, 200, 586, 65
25, 966, 200, 553, 55
25, 967, 200, 620, 45
25, 968, 200, 520, 43
25, 969, 200, 414, 41
25, 970, 200, 351, 58
25, 971, 200, 449, 36
25, 972, 200, 575, 57
25, 973, 200, 485, 51
25, 974, 200, 430, 27
25, 975, 200, 547, 35
25, 976, 200, 503, 82
25, 977, 200, 268, 14
25, 978, 200, 599, 31
25, 979, 200, 784, 59
25, 980, 200, 528, 63
25, 981, 200, 713, 69
25, 982, 200, 553, 52
25, 983, 200, 546, 29
25, 984, 200, 357, 17
25, 985, 200, 520, 51
25, 986, 200, 421, 66
25, 987, 200, 393, 31
25, 988, 200, 667, 68
25, 989, 200, 609, 49
25, 990, 200, 523, 63
25, 991, 200, 778, 65
25, 992, 200, 452, 47
25, 993, 200, 340, 65
25, 994, 200, 514, 33
25, 995, 200, 655, 62
25, 996, 200, 878, 81
25, 997, 200, 836, 76
25, 998, 200, 597, 63
25, 999, 200, 378, 11
26, 1000, 200, 725, 36
26, 1001, 200, 515, 51
26, 1002, 200, 509, 58
26, 1003, 200, 652, 41
26, 1004, 200, 577, 61
26, 1005, 200, 559, 65
26, 1006, 200, 711, 67
26, 1007, 200, 484, 73
26, 1008, 200, 782, 87
26, 1009, 200, 440, 33
26, 1010, 200, 293, 28
26, 1011, 200, 496, 46
26, 1012, 200, 596, 63
26, 1013, 200, 500, 33
26, 1014, 200, 604, 57
26, 1015, 200, 758, 55
26, 1016, 200, 475, 39
26, 1017, 200, 511, 76
26, 1018, 200, 486, 63
26, 1019, 200, 531, 72
26, 1020, 200, 506, 46
26, 1021, 200, 637, 83
26, 1022, 200, 384, 51
26, 1023, 200, 667, 66
26, 1024, 200, 460, 54
26, 1025, 200, 592, 58
26, 1026, 200, 689, 70
26, 1027, 200, 772, 51
26, 1028, 200, 674, 45
26, 1029, 200, 662, 71
26, 1030, 200, 521, 57
26, 1031, 200, 611, 62
26, 1032, 200, 357, 32
26, 1033, 200, 661, 46
26, 1034, 200, 501, 53
26, 1035, 200, 638, 60
26, 1036, 200, 656, 76
26, 1037, 200, 517, 45
26, 1038, 200, 698, 49
26, 1039, 200, 568, 36
27, 1040, 200, 532, 49
27, 1041, 200, 461, 35
27, 1042, 200, 589, 60
27, 1043, 200, 310, 19
27, 1044, 200, 625, 36
27, 1045, 200, 845, 55
27, 1046, 200, 674, 35
27, 1047, 200, 625, 48
27, 1048, 200, 566, 37
27, 1049, 200, 496, 69
27, 1050, 200, 573, 63
27, 1051, 200, 529, 54
27, 1052, 200, 685, 70
27, 1053, 200, 797, 90
27, 1054, 200, 661, 34
27, 1055, 200, 457, 29
27, 1056, 200, 596, 54
27, 1057, 200, 469, 35
27, 1058, 200, 576, 49
27, 1059, 200, 490, 42
27, 1060, 200, 521, 29
27, 1061, 200, 585, 50
27, 1062, 200, 611, 47
27, 1063, 200, 413, 35
27, 1064, 200, 440, 36
27, 1065, 200, 538, 23
27, 1066, 200, 542, 50
27, 1067, 200, 405, 51
27, 1068, 200, 408, 27
27, 1069, 200, 451, 64
27, 1070, 200, 343, 27
27, 1071, 200, 447, 33
27, 1072, 200, 423, 21
27, 1073, 200, 552, 61
27, 1074, 200, 624, 58
27, 1075, 200, 516, 41
27, 1076, 200, 668, 46
27, 1077, 200, 319, 29
27, 1078, 200, 417, 48
27, 1079, 200, 595, 56
28, 1080, 200, 782, 83
28, 1081, 200, 584, 57
28, 1082, 200, 720, 54
28, 1083, 200, 621, 43
28, 1084, 200, 671, 56
28, 1085, 200, 502, 35
28, 1086, 200, 566, 43
28, 1087, 200, 588, 34
28, 1088, 200, 547, 39
28, 1089, 200, 540, 38
28, 1090, 200, 411, 27
28, 1091, 200, 574, 44
28, 1092, 200, 475, 43
28, 1093, 200, 599, 56
28, 1094, 200, 520, 44
28, 1095, 200, 553, 55
28, 1096, 200, 557, 53
28, 1097, 200, 548, 47
28, 1098, 200, 635, 47
28, 1099, 200, 742, 64
28, 1100, 200, 423, 34
28, 1101, 200, 463, 41
28, 1102, 200, 693, 55
28, 1103, 200, 493, 46
28, 1104, 200, 629, 33
28, 1105, 200, 263, 35
28, 1106, 200, 717, 58
28, 1107, 200, 562, 33
28, 1108, 200, 559, 24
28, 1109, 200, 377, 43
28, 1110, 200, 447, 50
28, 1111, 200, 489, 32
28, 1112, 200, 363, 29
28, 1113, 200, 439, 46
28, 1114, 200, 450, 42
28, 1115, 200, 525, 40
28, 1116, 200, 597, 56
28, 1117, 200, 484, 33
28, 1118, 200, 569, 35
28, 1119, 200, 493, 41
29, 1120, 200, 756, 52
29, 1121, 200, 374, 71
29, 1122, 200, 371, 49
29, 1123, 200, 509, 51
29, 1124, 200, 816, 61
29, 1125, 200, 395, 39
29, 1126, 200, 506, 56
29, 1127, 200, 342, 51
29, 1128, 200, 455, 42
29, 1129, 200, 488, 36
29, 1130, 200, 454, 42
29, 1131, 200, 400, 34
29, 1132, 200, 564, 51
29, 1133, 200, 409, 27
29, 1134, 200, 471, 55
29, 1135, 200, 694, 61
29, 1136, 200, 446, 67
29, 1137, 200, 547, 41
29, 1138, 200, 479, 40
29, 1139, 200, 655, 78
29, 1140, 200, 717, 49
29, 1141, 200, 425, 25
29, 1142, 200, 548, 53
29, 1143, 200, 523, 54
29, 1144, 200, 560, 53
29, 1145, 200, 661, 64
29, 1146, 200, 593, 75
29, 1147, 200, 484, 51
29, 1148, 200, 633, 50
29, 1149, 200, 606, 58
29, 1150, 200, 623, 70
29, 1151, 200, 564, 37
29, 1152, 200, 485, 52
29, 1153, 200, 566, 40
29, 1154, 200, 524, 52
29, 1155, 200, 501, 50
29, 1156, 200, 674, 72
29, 1157, 200, 507, 49
29, 1158, 200, 662, 63
29, 1159, 200, 507, 53
30, 1160, 200, 608, 47
30, 1161, 200, 496, 43
30, 1162, 200, 609, 72
30, 1163, 200, 496, 44
30, 1164, 200, 476, 52
30, 1165, 200, 433, 54
30, 1166, 200, 721, 60
30, 1167, 200, 445, 39
30, 1168, 200, 727, 72
30, 1169, 200, 608, 81
30, 1170, 200, 510, 49
30, 1171, 200, 453, 29
30, 1172, 200, 579, 32
30, 1173, 200, 290, 34
30, 1174, 200, 697, 52
30, 1175, 200, 601, 42
30, 1176, 200, 678, 72
30, 1177, 200, 727, 58
30, 1178, 200, 726, 74
30, 1179, 200, 558, 50
30, 1180, 200, 668, 31
30, 1181, 200, 670, 62
30, 1182, 200, 457, 43
30, 1183, 200, 633, 75
30, 1184, 200, 628, 66
30, 1185, 200, 762, 70
30, 1186, 200, 534, 43
30, 1187, 200, 601, 69
30, 1188, 200, 617, 47
30, 1189, 200, 477, 40
30, 1190, 200, 476, 33
30, 1191, 200, 370, 43
30, 1192, 200, 601, 61
30, 1193, 200, 824, 46
30, 1194, 200, 922, 81
30, 1195, 200, 558, 23
30, 1196, 200, 683, 76
30, 1197, 200, 722, 72
30, 1198, 200, 819, 58
30, 1199, 200, 648, 41
31, 1200, 200, 625, 35
31, 1201, 200, 358, 35
31, 1202, 200, 677, 87
31, 1203, 200, 602, 47
31, 1204, 200, 422, 26
31, 1205, 200, 496, 74
31, 1206, 200, 667, 57
31, 1207, 200, 683, 52
31, 1208, 200, 349, 37
31, 1209, 200, 599, 49
31, 1210, 200, 638, 61
31, 1211, 200, 374, 47
31, 1212, 200, 497, 41
31, 1213, 200, 356, 43
31, 1214, 200, 264, 16
31, 1215, 200, 466, 42
31, 1216, 200, 670, 67
31, 1217, 200, 532, 31
31, 1218, 200, 528, 48
31, 1219, 200, 550, 50
31, 1220, 200, 396, 42
31, 1221, 200, 443, 21
31, 1222, 200, 494, 36
31, 1223, 200, 613, 57
31, 1224, 200, 465, 63
31, 1225, 200, 415, 43
31, 1226, 200, 461, 46
31, 1227, 200, 795, 86
31, 1228, 200, 369, 53
31, 1229, 200, 529, 36
31, 1230, 200, 389, 55
31, 1231, 200, 307, 20
31, 1232, 200, 409, 48
31, 1233, 200, 491, 69
31, 1234, 200, 448, 52
31, 1235, 200, 618, 52
31, 1236, 200, 491, 45
31, 1237, 200, 387, 37
31, 1238, 200, 622, 56
31, 1239, 200, 709, 62
32, 1240, 200, 693, 77
32, 1241, 200, 539, 75
32, 1242, 200, 632, 89
32, 1243, 200, 694, 66
32, 1244, 200, 579, 68
32, 1245, 200, 478, 48
32, 1246, 200, 439, 44
32, 1247, 200, 274, 51
32, 1248, 200, 497, 56
32, 1249, 200, 454, 43
32, 1250, 200, 426, 33
32, 1251, 200, 688, 82
32, 1252, 200, 351, 41
32, 1253, 200, 485, 59
32, 1254, 200, 424, 50
32, 1255, 200, 670, 67
32, 1256, 200, 362, 31
32, 1257, 200, 421, 23
32, 1258, 200, 454, 42
32, 1259, 200, 365, 44
32, 1260, 200, 420, 37
32, 1261, 200, 643, 51
32, 1262, 200, 704, 77
32, 1263, 200, 434, 39
32, 1264, 200, 755, 71
32, 1265, 200, 485, 41
32, 1266, 200, 417, 23
32, 1267, 200, 584, 48
32, 1268, 200, 533, 48
32, 1269, 200, 456, 35
32, 1270, 200, 477, 23
32, 1271, 200, 426, 54
32, 1272, 200, 523, 42
32, 1273, 200, 579, 35
32, 1274, 200, 263, 36
32, 1275, 200, 588, 38
32, 1276, 200, 356, 45
32, 1277, 200, 636, 45
32, 1278, 200, 439, 43
32, 1279, 200, 714, 54
33, 1280, 200, 761, 49
33, 1281, 200, 242, 33
33, 1282, 200, 473, 48
33, 1283, 200, 622, 63
33, 1284, 200, 495, 53
33, 1285, 200, 261, 32
33, 1286, 200, 630, 54
33, 1287, 200, 335, 33
33, 1288, 200, 637, 40
33, 1289, 200, 789, 54
33, 1290, 200, 602, 49
33, 1291, 200, 436, 44
33, 1292, 200, 689, 52
33, 1293, 200, 604, 50
33, 1294, 200, 553, 41
33, 1295, 200, 646, 73
33, 1296, 200, 483, 42
33, 1297, 200, 439, 45
33, 1298, 200, 503, 33
33, 1299, 200, 599, 51
33, 1300, 200, 488, 39
33, 1301, 200, 394, 33
33, 1302, 200, 335, 29
33, 1303, 200, 606, 57
33, 1304, 200, 713, 85
33, 1305, 200, 615, 50
33, 1306, 200, 521, 58
33, 1307, 200, 612, 33
33, 1308, 200, 516, 31
33, 1309, 200, 379, 40
33, 1310, 200, 595, 73
33, 1311, 200, 371, 29
33, 1312, 200, 268, 29
33, 1313, 200, 490, 58
33, 1314, 200, 377, 43
33, 1315, 200, 599, 80
33, 1316, 200, 589, 71
33, 1317, 200, 399, 49
33, 1318, 200, 651, 79
33, 1319, 200, 287, 40
34, 1320, 200, 418, 29
34, 1321, 200, 337, 43
34, 1322, 200, 355, 48
34, 1323, 200, 526, 50
34, 1324, 200, 279, 19
34, 1325, 200, 364, 52
34, 1326, 200, 437, 32
34, 1327, 200, 404, 43
34, 1328, 200, 381, 20
34, 1329, 200, 491, 32
34, 1330, 200, 343, 40
34, 1331, 200, 354, 55
34, 1332, 200, 230, 24
34, 1333, 200, 488, 46
34, 1334, 200, 278, 28
34, 1335, 200, 310, 58
34, 1336, 200, 527, 53
34, 1337, 200, 635, 49
34, 1338, 200, 715, 74
34, 1339, 200, 483, 59
34, 1340, 200, 1004, 89
34, 1341, 200, 717, 64
34, 1342, 200, 495, 38
34, 1343, 200, 686, 58
34, 1344, 200, 581, 65
34, 1345, 200, 627, 58
34, 1346, 200, 522, 78
34, 1347, 200, 381, 53
34, 1348, 200, 338, 59
34, 1349, 200, 544, 54
34, 1350, 200, 596, 47
34, 1351, 200, 381, 41
34, 1352, 200, 570, 59
34, 1353, 200, 471, 28
34, 1354, 200, 379, 56
34, 1355, 200, 292, 38
34, 1356, 200, 359, 29
34, 1357, 200, 329, 35
34, 1358, 200, 456, 44
34, 1359, 200, 370, 25
35, 1360, 200, 401, 54
35, 1361, 200, 364, 41
35, 1362, 200, 557, 33
35, 1363, 200, 451, 75
35, 1364, 200, 488, 66
35, 1365, 200, 505, 49
35, 1366, 200, 433, 55
35, 1367, 200, 484, 65
35, 1368, 200, 315, 29
35, 1369, 200, 392, 35
35, 1370, 200, 527, 46
35, 1371, 200, 394, 35
35, 1372, 200, 576, 61
35, 1373, 200, 444, 52
35, 1374, 200, 400, 53
35, 1375, 200, 463, 72
35, 1376, 200, 510, 59
35, 1377, 200, 429, 34
35, 1378, 200, 419, 23
35, 1379, 200, 610, 36
35, 1380, 200, 482, 28
35, 1381, 200, 537, 67
35, 1382, 200, 649, 35
35, 1383, 200, 536, 55
35, 1384, 200, 580, 48
35, 1385, 200, 476, 55
35, 1386, 200, 365, 45
35, 1387, 200, 696, 60
35, 1388, 200, 629, 66
35, 1389, 200, 643, 49
35, 1390, 200, 777, 61
35, 1391, 200, 379, 45
35, 1392, 200, 487, 29
35, 1393, 200, 673, 62
35, 1394, 200, 429, 47
35, 1395, 200, 476, 36
35, 1396, 200, 424, 34
35, 1397, 200, 682, 64
35, 1398, 200, 645, 49
35, 1399, 200, 656, 54
36, 1400, 200, 501, 44
36, 1401, 200, 573, 61
36, 1402, 200, 473, 42
36, 1403, 200, 468, 46
36, 1404, 200, 556, 50
36, 1405, 200, 481, 45
36, 1406, 200, 497, 35
36, 1407, 200, 458, 58
36, 1408, 200, 336, 22
36, 1409, 200, 655, 51
36, 1410, 200, 518, 38
36, 1411, 200, 494, 32
36, 1412, 200, 316, 30
36, 1413, 200, 479, 44
36, 1414, 200, 349, 42
36, 1415, 200, 386, 45
36, 1416, 200, 507, 51
36, 1417, 200, 415, 39
36, 1418, 200, 445, 37
36, 1419, 200, 481, 50
36, 1420, 200, 442, 30
36, 1421, 200, 470, 55
36, 1422, 200, 515, 47
36, 1423, 200, 542, 45
36, 1424, 200, 474, 47
36, 1425, 200, 592, 55
36, 1426, 200, 581, 77
36, 1427, 200, 424, 45
36, 1428, 200, 454, 44
36, 1429, 200, 582, 46
36, 1430, 200, 477, 43
36, 1431, 200, 561, 41
36, 1432, 200, 608, 71
36, 1433, 200, 655, 55
36, 1434, 200, 443, 38
36, 1435, 200, 434, 47
36, 1436, 200, 569, 49
36, 1437, 200, 552, 41
36, 1438, 200, 380, 34
36, 1439, 200, 366, 42
37, 1440, 200, 486, 42
37, 1441, 200, 640, 66
37, 1442, 200, 333, 32
37, 1443, 200, 774, 57
37, 1444, 200, 588, 45
37, 1445, 200, 387, 26
37, 1446, 200, 469, 31
37, 1447, 200, 406, 28
37, 1448, 200, 426, 46
37, 1449, 200, 622, 60
37, 1450, 200, 552, 56
37, 1451, 200, 420, 64
37, 1452, 200, 256, 44
37, 1453, 200, 456, 43
37, 1454, 200, 509, 45
37, 1455, 200, 329, 38
37, 1456, 200, 638, 69
37, 1457, 200, 473, 36
37, 1458, 200, 514, 47
37, 1459, 200, 551, 46
37, 1460, 200, 710, 70
37, 1461, 200, 676, 48
37, 1462, 200, 476, 35
37, 1463, 200, 681, 55
37, 1464, 200, 483, 45
37, 1465, 200, 342, 41
37, 1466, 200, 540, 61
37, 1467, 200, 544, 34
37, 1468, 200, 397, 55
37, 1469, 200, 421, 25
37, 1470, 200, 362, 51
37, 1471, 200, 563, 29
37, 1472, 200, 370, 43
37, 1473, 200, 476, 58
37, 1474, 200, 402, 37
37, 1475, 200, 447, 65
37, 1476, 200, 369, 28
37, 1477, 200, 413, 56
37, 1478, 200, 737, 88
37, 1479, 200, 591, 58
38, 1480, 200, 502, 41
38, 1481, 200, 447, 33
38, 1482, 200, 493, 40
38, 1483, 200, 553, 51
38, 1484, 200, 619, 44
38, 1485, 200, 344, 46
38, 1486, 200, 826, 66
38, 1487, 200, 646, 58
38, 1488, 200, 771, 70
38, 1489, 200, 881, 115
38, 1490, 200, 478, 58
38, 1491, 200, 743, 56
38, 1492, 200, 750, 62
38, 1493, 200, 821, 66
38, 1494, 200, 845, 66
38, 1495, 200, 783, 65
38, 1496, 200, 631, 47
38, 1497, 200, 555, 50
38, 1498, 200, 312, 40
38, 1499, 200, 723, 37
38, 1500, 200, 450, 34
38, 1501, 200, 674, 81
38, 1502, 200, 403, 44
38, 1503, 200, 437, 42
38, 1504, 200, 448, 29
38, 1505, 200, 407, 50
38, 1506, 200, 385, 50
38, 1507, 200, 332, 25
38, 1508, 200, 364, 23
38, 1509, 200, 254, 32
38, 1510, 200, 379, 30
38, 1511, 200, 380, 39
38, 1512, 200, 176, 24
38, 1513, 200, 531, 40
38, 1514, 200, 317, 15
38, 1515, 200, 335, 34
38, 1516, 200, 330, 24
38, 1517, 200, 301, 27
38, 1518, 200, 535, 58
38, 1519, 200, 308, 45
39, 1520, 200, 469, 41
39, 1521, 200, 637, 43
39, 1522, 200, 292, 25
39, 1523, 200, 528, 14
39, 1524, 200, 486, 40
39, 1525, 200, 469, 34
39, 1526, 200, 440, 44
39, 1527, 200, 304, 35
39, 1528, 200, 399, 16
39, 1529, 200, 257, 29
39, 1530, 200, 447, 53
39, 1531, 200, 434, 43
39, 1532, 200, 605, 62
39, 1533, 200, 475, 39
39, 1534, 200, 480, 47
39, 1535, 200, 408, 43
39, 1536, 200, 436, 50
39, 1537, 200, 539, 49
39, 1538, 200, 350, 39
39, 1539, 200, 697, 57
39, 1540, 200, 645, 55
39, 1541, 200, 680, 74
39, 1542, 200, 483, 49
39, 1543, 200, 744, 57
39, 1544, 200, 473, 41
39, 1545, 200, 425, 43
39, 1546, 200, 541, 51
39, 1547, 200, 458, 52
39, 1548, 200, 385, 49
39, 1549, 200, 377, 41
39, 1550, 200, 452, 58
39, 1551, 200, 429, 34
39, 1552, 200, 738, 57
39, 1553, 200, 527, 36
39, 1554, 200, 405, 37
39, 1555, 200, 489, 53
39, 1556, 200, 501, 44
39, 1557, 200, 663, 42
39, 1558, 200, 355, 26
39, 1559, 200, 580, 36
40, 1560, 200, 313, 27
40, 1561, 200, 415, 39
40, 1562, 200, 427, 36
40, 1563, 200, 473, 54
40, 1564, 200, 440, 53
40, 1565, 200, 428, 44
40, 1566, 200, 469, 49
40, 1567, 200, 387, 44
40, 1568, 200, 453, 45
40, 1569, 200, 490, 43
40, 1570, 200, 269, 53
40, 1571, 200, 315, 37
40, 1572, 200, 288, 37
40, 1573, 200, 370, 37
40, 1574, 200, 432, 38
40, 1575, 200, 535, 33
40, 1576, 200, 439, 62
40, 1577, 200, 510, 75
40, 1578, 200, 350, 27
40, 1579, 200, 454, 53
40, 1580, 200, 385, 24
40, 1581, 200, 651, 64
40, 1582, 200, 295, 26
40, 1583, 200, 433, 48
40, 1584, 200, 488, 41
40, 1585, 200, 561, 40
40, 1586, 200, 448, 35
40, 1587, 200, 502, 74
40, 1588, 200, 529, 53
40, 1589, 200, 584, 55
40, 1590, 200, 507, 29
40, 1591, 200, 817, 75
40, 1592, 200, 426, 37
40, 1593, 200, 478, 63
40, 1594, 200, 377, 33
40, 1595, 200, 390, 45
40, 1596, 200, 594, 73
40, 1597, 200, 600, 56
40, 1598, 200, 715, 50
40, 1599, 200, 396, 31
41, 1600, 200, 434, 52
41, 1601, 200, 308, 30
41, 1602, 200, 406, 19
41, 1603, 200, 463, 35
41, 1604, 200, 472, 41
41, 1605, 200, 550, 40
41, 1606, 200, 384, 36
41, 1607, 200, 500, 47
41, 1608, 200, 443, 35
41, 1609, 200, 288, 27
41, 1610, 200, 497, 52
41, 1611, 200, 386, 40
41, 1612, 200, 464, 31
41, 1613, 200, 471, 26
41, 1614, 200, 518, 41
41, 1615, 200, 662, 57
41, 1616, 200, 418, 27
41, 1617, 200, 355, 27
41, 1618, 200, 678, 53
41, 1619, 200, 698, 60
41, 1620, 200, 558, 35
41, 1621, 200, 485, 45
41, 1622, 200, 384, 41
41, 1623, 200, 416, 29
41, 1624, 200, 537, 40
41, 1625, 200, 408, 38
41, 1626, 200, 430, 27
41, 1627, 200, 354, 23
41, 1628, 200, 563, 61
41, 1629, 200, 520, 51
41, 1630, 200, 445, 46
41, 1631, 200, 470, 29
41, 1632, 200, 749, 44
41, 1633, 200, 571, 55
41, 1634, 200, 400, 27
41, 1635, 200, 607, 37
41, 1636, 200, 414, 75
41, 1637, 200, 490, 53
41, 1638, 200, 523, 48
41, 1639, 200, 472, 40
42, 1640, 200, 392, 36
42, 1641, 200, 393, 24
42, 1642, 200, 424, 29
42, 1643, 200, 483, 59
42, 1644, 200, 411, 36
42, 1645, 200, 509, 48
42, 1646, 200, 283, 65
42, 1647, 200, 471, 44
42, 1648, 200, 445, 30
42, 1649, 200, 466, 36
42, 1650, 200, 338, 10
42, 1651, 200, 314, 49
42, 1652, 200, 330, 34
42, 1653, 200, 448, 51
42, 1654, 200, 549, 64
42, 1655, 200, 429, 50
42, 1656, 200, 292, 21
42, 1657, 200, 191, 23
42, 1658, 200, 198, 27
42, 1659, 200, 328, 60
42, 1660, 200, 621, 76
42, 1661, 200, 446, 59
42, 1662, 200, 254, 36
42, 1663, 200, 506, 44
42, 1664, 200, 488, 41
42, 1665, 200, 441, 48
42, 1666, 200, 291, 16
42, 1667, 200, 465, 41
42, 1668, 200, 694, 55
42, 1669, 200, 556, 42
42, 1670, 200, 470, 38
42, 1671, 200, 624, 52
42, 1672, 200, 446, 57
42, 1673, 200, 451, 35
42, 1674, 200, 339, 41
42, 1675, 200, 487, 48
42, 1676, 200, 321, 23
42, 1677, 200, 403, 18
42, 1678, 200, 680, 63
42, 1679, 200, 482, 37
43, 1680, 200, 614, 31
43, 1681, 200, 382, 23
43, 1682, 200, 700, 69
43, 1683, 200, 473, 54
43, 1684, 200, 488, 25
43, 1685, 200, 439, 71
43, 1686, 200, 479, 37
43, 1687, 200, 587, 61
43, 1688, 200, 582, 77
43, 1689, 200, 468, 54
43, 1690, 200, 581, 38
43, 1691, 200, 375, 62
43, 1692, 200, 397, 25
43, 1693, 200, 467, 66
43, 1694, 200, 464, 53
43, 1695, 200, 361, 31
43, 1696, 200, 203, 20
43, 1697, 200, 593, 63
43, 1698, 200, 417, 50
43, 1699, 200, 374, 39
43, 1700, 200, 568, 52
43, 1701, 200, 653, 72
43, 1702, 200, 478, 30
43, 1703, 200, 374, 53
43, 1704, 200, 479, 26
43, 1705, 200, 547, 54
43, 1706, 200, 336, 44
43, 1707, 200, 426, 38
43, 1708, 200, 334, 36
43, 1709, 200, 630, 43
43, 1710, 200, 500, 64
43, 1711, 200, 562, 58
43, 1712, 200, 509, 57
43, 1713, 200, 634, 52
43, 1714, 200, 629, 44
43, 1715, 200, 315, 37
43, 1716, 200, 537, 41
43, 1717, 200, 243, 41
43, 1718, 200, 280, 52
43, 1719, 200, 221, 33
44, 1720, 200, 367, 35
44, 1721, 200, 618, 48
44, 1722, 200, 562, 48
44, 1723, 200, 400, 59
44, 1724, 200, 422, 37
44, 1725, 200, 452, 41
44, 1726, 200, 497, 51
44, 1727, 200, 426, 27
44, 1728, 200, 429, 65
44, 1729, 200, 615, 61
44, 1730, 200, 867, 71
44, 1731, 200, 528, 37
44, 1732, 200, 482, 53
44, 1733, 200, 445, 46
44, 1734, 200, 569, 70
44, 1735, 200, 425, 41
44, 1736, 200, 352, 30
44, 1737, 200, 383, 50
44, 1738, 200, 344, 19
44, 1739, 200, 333, 24
44, 1740, 200, 455, 48
44, 1741, 200, 494, 55
44, 1742, 200, 335, 29
44, 1743, 200, 578, 35
44, 1744, 200, 530, 62
44, 1745, 200, 674, 51
44, 1746, 200, 397, 43
44, 1747, 200, 417, 37
44, 1748, 200, 523, 37
44, 1749, 200, 386, 12
44, 1750, 200, 468, 36
44, 1751, 200, 449, 39
44, 1752, 200, 473, 37
44, 1753, 200, 295, 22
44, 1754, 200, 523, 36
44, 1755, 200, 518, 71
44, 1756, 200, 357, 19
44, 1757, 200, 449, 40
44, 1758, 200, 373, 40
44, 1759, 200, 496, 60
45, 1760, 200, 464, 64
45, 1761, 200, 590, 56
45, 1762, 200, 447, 56
45, 1763, 200, 467, 43
45, 1764, 200, 613, 63
45, 1765, 200, 524, 70
45, 1766, 200, 383, 25
45, 1767, 200, 506, 50
45, 1768, 200, 486, 45
45, 1769, 200, 435, 39
45, 1770, 200, 432, 16
45, 1771, 200, 567, 27
45, 1772, 200, 545, 37
45, 1773, 200, 570, 36
45, 1774, 200, 710, 49
45, 1775, 200, 452, 46
45, 1776, 200, 480, 47
45, 1777, 200, 497, 53
45, 1778, 200, 535, 67
45, 1779, 200, 343, 45
45, 1780, 200, 371, 31
45, 1781, 200, 496, 32
45, 1782, 200, 365, 27
45, 1783, 200, 512, 33
45, 1784, 200, 489, 33
45, 1785, 200, 524, 42
45, 1786, 200, 379, 32
45, 1787, 200, 429, 52
45, 1788, 200, 440, 47
45, 1789, 200, 518, 20
45, 1790, 200, 257, 43
45, 1791, 200, 369, 33
45, 1792, 200, 510, 35
45, 1793, 200, 449, 35
45, 1794, 200, 442, 27
45, 1795, 200, 503, 52
45, 1796, 200, 338, 43
45, 1797, 200, 415, 25
45, 1798, 200, 530, 34
45, 1799, 200, 632, 51
46, 1800, 200, 492, 87
46, 1801, 200, 466, 29
46, 1802, 200, 521, 33
46, 1803, 200, 526, 39
46, 1804, 200, 326, 35
46, 1805, 200, 454, 27
46, 1806, 200, 426, 19
46, 1807, 200, 599, 50
46, 1808, 200, 405, 25
46, 1809, 200, 330, 37
46, 1810, 200, 335, 28
46, 1811, 200, 367, 16
46, 1812, 200, 369, 21
46, 1813, 200, 424, 54
46, 1814, 200, 616, 49
46, 1815, 200, 770, 63
46, 1816, 200, 504, 52
46, 1817, 200, 341, 26
46, 1818, 200, 446, 38
46, 1819, 200, 440, 36
46, 1820, 200, 535, 47
46, 1821, 200, 633, 44
46, 1822, 200, 411, 48
46, 1823, 200, 444, 40
46, 1824, 200, 505, 31
46, 1825, 200, 529, 56
46, 1826, 200, 357, 42
46, 1827, 200, 401, 27
46, 1828, 200, 452, 50
46, 1829, 200, 540, 38
46, 1830, 200, 485, 43
46, 1831, 200, 397, 35
46, 1832, 200, 388, 43
46, 1833, 200, 688, 67
46, 1834, 200, 399, 56
46, 1835, 200, 579, 55
46, 1836, 200, 460, 50
46, 1837, 200, 593, 66
46, 1838, 200, 475, 26
46, 1839, 200, 440, 57
47, 1840, 200, 394, 40
47, 1841, 200, 375, 48
47, 1842, 200, 530, 36
47, 1843, 200, 407, 26
47, 1844, 200, 507, 40
47, 1845, 200, 470, 40
47, 1846, 200, 371, 29
47, 1847, 200, 751, 90
47, 1848, 200, 251, 24
47, 1849, 200, 380, 42
47, 1850, 200, 396, 28
47, 1851, 200, 545, 39
47, 1852, 200, 602, 32
47, 1853, 200, 567, 41
47, 1854, 200, 377, 47
47, 1855, 200, 309, 52
47, 1856, 200, 407, 40
47, 1857, 200, 435, 28
47, 1858, 200, 332, 32
47, 1859, 200, 382, 39
47, 1860, 200, 482, 46
47, 1861, 200, 414, 47
47, 1862, 200, 534, 44
47, 1863, 200, 667, 71
47, 1864, 200, 658, 40
47, 1865, 200, 662, 36
47, 1866, 200, 890, 46
47, 1867, 200, 471, 39
47, 1868, 200, 439, 39
47, 1869, 200, 819, 47
47, 1870, 200, 405, 27
47, 1871, 200, 473, 27
47, 1872, 200, 600, 37
47, 1873, 200, 503, 37
47, 1874, 200, 359, 24
47, 1875, 200, 571, 60
47, 1876, 200, 535, 30
47, 1877, 200, 558, 68
47, 1878, 200, 457, 58
47, 1879, 200, 268, 26
48, 1880, 200, 353, 37
48, 1881, 200, 407, 40
48, 1882, 200, 393, 31
48, 1883, 200, 369, 57
48, 1884, 200, 568, 51
48, 1885, 200, 340, 49
48, 1886, 200, 358, 31
48, 1887, 200, 430, 18
48, 1888, 200, 563, 49
48, 1889, 200, 556, 36
48, 1890, 200, 389, 33
48, 1891, 200, 345, 41
48, 1892, 200, 335, 30
48, 1893, 200, 469, 35
48, 1894, 200, 609, 48
48, 1895, 200, 512, 50
48, 1896, 200, 516, 44
48, 1897, 200, 773, 47
48, 1898, 200, 413, 42
48, 1899, 200, 614, 34
48, 1900, 200, 397, 24
48, 1901, 200, 682, 72
48, 1902, 200, 511, 73
48, 1903, 200, 689, 66
48, 1904, 200, 541, 69
48, 1905, 200, 802, 41
48, 1906, 200, 315, 30
48, 1907, 200, 560, 68
48, 1908, 200, 598, 53
48, 1909, 200, 402, 29
48, 1910, 200, 858, 67
48, 1911, 200, 794, 55
48, 1912, 200, 519, 49
48, 1913, 200, 791, 78
48, 1914, 200, 677, 36
48, 1915, 200, 540, 46
48, 1916, 200, 593, 70
48, 1917, 200, 578, 47
48, 1918, 200, 492, 37
48, 1919, 200, 729, 40
49, 1920, 200, 560, 46
49, 1921, 200, 528, 43
49, 1922, 200, 610, 55
49, 1923, 200, 672, 92
49, 1924, 200, 537, 43
49, 1925, 200, 451, 23
49, 1926, 200, 628, 65
49, 1927, 200, 591, 48
49, 1928, 200, 308, 33
49, 1929, 200, 485, 50
49, 1930, 200, 508, 39
49, 1931, 200, 429, 30
49, 1932, 200, 507, 40
49, 1933, 200, 540, 33
49, 1934, 200, 389, 35
49, 1935, 200, 465, 39
49, 1936, 200, 374, 35
49, 1937, 200, 307, 43
49, 1938, 200, 721, 39
49, 1939, 200, 557, 58
49, 1940, 200, 441, 38
49, 1941, 200, 403, 45
49, 1942, 200, 379, 40
49, 1943, 200, 434, 47
49, 1944, 200, 392, 19
49, 1945, 200, 316, 26
49, 1946, 200, 486, 52
49, 1947, 200, 420, 40
49, 1948, 200, 442, 23
49, 1949, 200, 440, 29
49, 1950, 200, 460, 30
49, 1951, 200, 440, 32
49, 1952, 200, 633, 48
49, 1953, 200, 559, 44
49, 1954, 200, 460, 35
49, 1955, 200, 599, 31
49, 1956, 200, 668, 74
49, 1957, 200, 490, 33
49, 1958, 200, 812, 60
49, 1959, 200, 319, 43
50, 1960, 200, 658, 44
50, 1961, 200, 626, 54
50, 1962, 200, 502, 45
50, 1963, 200, 404, 21
50, 1964, 200, 372, 24
50, 1965, 200, 531, 35
50, 1966, 200, 502, 47
50, 1967, 200, 492, 39
50, 1968, 200, 411, 21
50, 1969, 200, 326, 27
50, 1970, 200, 569, 54
50, 1971, 200, 720, 60
50, 1972, 200, 305, 30
50, 1973, 200, 482, 41
50, 1974, 200, 589, 34
50, 1975, 200, 535, 31
50, 1976, 200, 494, 40
50, 1977, 200, 628, 36
50, 1978, 200, 504, 41
50, 1979, 200, 421, 58
50, 1980, 200, 535, 54
50, 1981, 200, 461, 72
50, 1982, 200, 396, 42
50, 1983, 200, 579, 67
50, 1984, 200, 453, 52
50, 1985, 200, 607, 46
50, 1986, 200, 579, 51
50, 1987, 200, 545, 56
50, 1988, 200, 573, 47
50, 1989, 200, 656, 77
50, 1990, 200, 612, 66
50, 1991, 200, 524, 74
50, 1992, 200, 556, 43
50, 1993, 200, 403, 27
50, 1994, 200, 697, 82
50, 1995, 200, 700, 72
50, 1996, 200, 692, 65
50, 1997, 200, 524, 34
50, 1998, 200, 499, 53
50, 1999, 200, 541, 61
51, 2000, 200, 607, 48
51, 2001, 200, 514, 57
51, 2002, 200, 571, 61
51, 2003, 200, 590, 44
51, 2004, 200, 692, 46
51, 2005, 200, 403, 19
51, 2006, 200, 657, 49
51, 2007, 200, 623, 71
51, 2008, 200, 399, 51
51, 2009, 200, 540, 34
51, 2010, 200, 304, 27
51, 2011, 200, 463, 45
51, 2012, 200, 727, 78
51, 2013, 200, 379, 57
51, 2014, 200, 550, 49
51, 2015, 200, 557, 47
51, 2016, 200, 344, 35
51, 2017, 200, 299, 26
51, 2018, 200, 504, 32
51, 2019, 200, 266, 22
51, 2020, 200, 301, 15
51, 2021, 200, 414, 42
51, 2022, 200, 359, 28
51, 2023, 200, 330, 29
51, 2024, 200, 299, 18
51, 2025, 200, 352, 27
51, 2026, 200, 458, 43
51, 2027, 200, 344, 18
51, 2028, 200, 594, 39
51, 2029, 200, 331, 39
51, 2030, 200, 471, 37
51, 2031, 200, 562, 37
51, 2032, 200, 513, 46
51, 2033, 200, 488, 34
51, 2034, 200, 644, 64
51, 2035, 200, 579, 35
51, 2036, 200, 377, 27
51, 2037, 200, 496, 36
51, 2038, 200, 386, 25
51, 2039, 200, 528, 33
52, 2040, 200, 292, 22
52, 2041, 200, 553, 40
52, 2042, 200, 478, 70
52, 2043, 200, 347, 36
52, 2044, 200, 437, 49
52, 2045, 200, 512, 56
52, 2046, 200, 346, 22
52, 2047, 200, 237, 29
52, 2048, 200, 422, 40
52, 2049, 200, 361, 53
52, 2050, 200, 516, 40
52, 2051, 200, 303, 35
52, 2052, 200, 601, 64
52, 2053, 200, 373, 41
52, 2054, 200, 492, 46
52, 2055, 200, 478, 63
52, 2056, 200, 400, 39
52, 2057, 200, 439, 39
52, 2058, 200, 469, 44
52, 2059, 200, 350, 55
52, 2060, 200, 400, 64
52, 2061, 200, 588, 62
52, 2062, 200, 583, 74
52, 2063, 200, 711, 63
52, 2064, 200, 753, 73
52, 2065, 200, 415, 57
52, 2066, 200, 493, 48
52, 2067, 200, 489, 35
52, 2068, 200, 485, 28
52, 2069, 200, 599, 31
52, 2070, 200, 522, 34
52, 2071, 200, 688, 43
52, 2072, 200, 511, 47
52, 2073, 200, 601, 27
52, 2074, 200, 428, 34
52, 2075, 200, 589, 53
52, 2076, 200, 600, 53
52, 2077, 200, 588, 49
52, 2078, 200, 521, 49
52, 2079, 200, 609, 42
53, 2080, 200, 509, 41
53, 2081, 200, 617, 67
53, 2082, 200, 567, 30
53, 2083, 200, 491, 20
53, 2084, 200, 379, 42
53, 2085, 200, 633, 49
53, 2086, 200, 603, 52
53, 2087, 200, 596, 60
53, 2088, 200, 526, 61
53, 2089, 200, 450, 36
53, 2090, 200, 502, 39
53, 2091, 200, 651, 64
53, 2092, 200, 407, 28
53, 2093, 200, 533, 44
53, 2094, 200, 597, 45
53, 2095, 200, 605, 51
53, 2096, 200, 644, 49
53, 2097, 200, 879, 50
53, 2098, 200, 781, 58
53, 2099, 200, 592, 62
53, 2100, 200, 465, 38
53, 2101, 200, 388, 48
53, 2102, 200, 593, 47
53, 2103, 200, 590, 27
53, 2104, 200, 437, 51
53, 2105, 200, 409, 39
53, 2106, 200, 535, 44
53, 2107, 200, 472, 33
53, 2108, 200, 400, 34
53, 2109, 200, 611, 31
53, 2110, 200, 469, 33
53, 2111, 200, 703, 47
53, 2112, 200, 667, 61
53, 2113, 200, 498, 24
53, 2114, 200, 607, 50
53, 2115, 200, 707, 65
53, 2116, 200, 526, 35
53, 2117, 200, 535, 56
53, 2118, 200, 708, 49
53, 2119, 200, 615, 45
54, 2120, 200, 423, 41
54, 2121, 200, 581, 38
54, 2122, 200, 593, 49
54, 2123, 200, 585, 65
54, 2124, 200, 473, 50
54, 2125, 200, 351, 43
54, 2126, 200, 617, 69
54, 2127, 200, 466, 49
54, 2128, 200, 592, 54
54, 2129, 200, 576, 70
54, 2130, 200, 451, 62
54, 2131, 200, 450, 46
54, 2132, 200, 664, 69
54, 2133, 200, 407, 44
54, 2134, 200, 501, 38
54, 2135, 200, 379, 36
54, 2136, 200, 701, 40
54, 2137, 200, 451, 34
54, 2138, 200, 686, 50
54, 2139, 200, 608, 60
54, 2140, 200, 498, 49
54, 2141, 200, 550, 56
54, 2142, 200, 587, 45
54, 2143, 200, 385, 29
54, 2144, 200, 415, 54
54, 2145, 200, 433, 41
54, 2146, 200, 518, 30
54, 2147, 200, 510, 34
54, 2148, 200, 411, 57
54, 2149, 200, 522, 47
54, 2150, 200, 370, 34
54, 2151, 200, 521, 48
54, 2152, 200, 330, 21
54, 2153, 200, 496, 48
54, 2154, 200, 285, 35
54, 2155, 200, 580, 58
54, 2156, 200, 543, 50
54, 2157, 200, 482, 36
54, 2158, 200, 393, 24
54, 2159, 200, 533, 41
55, 2160, 200, 613, 51
55, 2161, 200, 495, 32
55, 2162, 200, 462, 29
55, 2163, 200, 236, 31
55, 2164, 200, 658, 55
55, 2165, 200, 563, 47
55, 2166, 200, 559, 38
55, 2167, 200, 574, 72
55, 2168, 200, 607, 24
55, 2169, 200, 635, 70
55, 2170, 200, 638, 56
55, 2171, 200, 489, 36
55, 2172, 200, 369, 28
55, 2173, 200, 340, 36
55, 2174, 200, 382, 22
55, 2175, 200, 227, 34
55, 2176, 200, 547, 52
55, 2177, 200, 528, 61
55, 2178, 200, 719, 101
55, 2179, 200, 607, 76
55, 2180, 200, 523, 51
55, 2181, 200, 537, 43
55, 2182, 200, 459, 42
55, 2183, 200, 751, 65
55, 2184, 200, 483, 43
55, 2185, 200, 467, 29
55, 2186, 200, 485, 40
55, 2187, 200, 438, 48
55, 2188, 200, 292, 24
55, 2189, 200, 559, 37
55, 2190, 200, 506, 41
55, 2191, 200, 403, 43
55, 2192, 200, 496, 42
55, 2193, 200, 615, 82
55, 2194, 200, 607, 40
55, 2195, 200, 468, 40
55, 2196, 200, 503, 40
55, 2197, 200, 410, 31
55, 2198, 200, 500, 61
55, 2199, 200, 735, 65
56, 2200, 200, 648, 43
56, 2201, 200, 365, 29
56, 2202, 200, 467, 25
56, 2203, 200, 427, 52
56, 2204, 200, 622, 50
56, 2205, 200, 433, 29
56, 2206, 200, 517, 45
56, 2207, 200, 667, 51
56, 2208, 200, 556, 39
56, 2209, 200, 613, 32
56, 2210, 200, 327, 22
56, 2211, 200, 637, 57
56, 2212, 200, 217, 26
56, 2213, 200, 250, 32
56, 2214, 200, 501, 44
56, 2215, 200, 412, 46
56, 2216, 200, 690, 50
56, 2217, 200, 342, 32
56, 2218, 200, 431, 46
56, 2219, 200, 317, 29
56, 2220, 200, 315, 23
56, 2221, 200, 400, 43
56, 2222, 200, 305, 46
56, 2223, 200, 187, 38
56, 2224, 200, 396, 47
56, 2225, 200, 511, 59
56, 2226, 200, 466, 47
56, 2227, 200, 442, 37
56, 2228, 200, 479, 48
56, 2229, 200, 349, 45
56, 2230, 200, 612, 54
56, 2231, 200, 670, 55
56, 2232, 200, 646, 40
56, 2233, 200, 510, 33
56, 2234, 200, 614, 48
56, 2235, 200, 654, 50
56, 2236, 200, 324, 31
56, 2237, 200, 461, 44
56, 2238, 200, 394, 42
56, 2239, 200, 364, 29
57, 2240, 200, 331, 29
57, 2241, 200, 305, 26
57, 2242, 200, 442, 41
57, 2243, 200, 476, 26
57, 2244, 200, 400, 52
57, 2245, 200, 415, 35
57, 2246, 200, 406, 20
57, 2247, 200, 536, 59
57, 2248, 200, 291, 37
57, 2249, 200, 381, 48
57, 2250, 200, 345, 27
57, 2251, 200, 329, 21
57, 2252, 200, 321, 29
57, 2253, 200, 381, 40
57, 2254, 200, 270, 33
57, 2255, 200, 562, 44
57, 2256, 200, 433, 44
57, 2257, 200, 236, 33
57, 2258, 200, 402, 30
57, 2259, 200, 457, 37
57, 2260, 200, 556, 57
57, 2261, 200, 353, 24
57, 2262, 200, 371, 11
57, 2263, 200, 606, 57
57, 2264, 200, 471, 36
57, 2265, 200, 360, 31
57, 2266, 200, 332, 32
57, 2267, 200, 337, 36
57, 2268, 200, 441, 30
57, 2269, 200, 452, 36
57, 2270, 200, 333, 43
57, 2271, 200, 402, 29
57, 2272, 200, 480, 30
57, 2273, 200, 412, 46
57, 2274, 200, 501, 46
57, 2275, 200, 594, 49
57, 2276, 200, 280, 47
57, 2277, 200, 381, 54
57, 2278, 200, 429, 43
57, 2279, 200, 348, 32
58, 2280, 200, 386, 21
58, 2281, 200, 460, 34
58, 2282, 200, 424, 52
58, 2283, 200, 468, 33
58, 2284, 200, 402, 42
58, 2285, 200, 193, 15
58, 2286, 200, 398, 41
58, 2287, 200, 321, 47
58, 2288, 200, 598, 26
58, 2289, 200, 464, 46
58, 2290, 200, 549, 69
58, 2291, 200, 533, 36
58, 2292, 200, 656, 60
58, 2293, 200, 348, 36
58, 2294, 200, 515, 45
58, 2295, 200, 386, 60
58, 2296, 200, 350, 52
58, 2297, 200, 466, 69
58, 2298, 200, 466, 33
58, 2299, 200, 606, 51
58, 2300, 200, 410, 45
58, 2301, 200, 420, 31
58, 2302, 200, 341, 39
58, 2303, 200, 364, 20
58, 2304, 200, 456, 37
58, 2305, 200, 381, 42
58, 2306, 200, 449, 39
58, 2307, 200, 647, 54
58, 2308, 200, 432, 40
58, 2309, 200, 455, 39
58, 2310, 200, 581, 30
58, 2311, 200, 385, 48
58, 2312, 200, 381, 25
58, 2313, 200, 346, 32
58, 2314, 200, 320, 34
58, 2315, 200, 418, 33
58, 2316, 200, 388, 37
58, 2317, 200, 548, 41
58, 2318, 200, 449, 54
58, 2319, 200, 481, 41
59, 2320, 200, 397, 30
59, 2321, 200, 288, 18
59, 2322, 200, 296, 20
59, 2323, 200, 301, 9
59, 2324, 200, 209, 28
59, 2325, 200, 218, 36
59, 2326, 200, 456, 45
59, 2327, 200, 390, 27
59, 2328, 200, 343, 41
59, 2329, 200, 372, 52
59, 2330, 200, 563, 57
59, 2331, 200, 634, 51
59, 2332, 200, 572, 53
59, 2333, 200, 410, 50
59, 2334, 200, 424, 52
59, 2335, 200, 347, 22
59, 2336, 200, 247, 37
59, 2337, 200, 445, 39
59, 2338, 200, 417, 39
59, 2339, 200, 397, 29
59, 2340, 200, 393, 37
59, 2341, 200, 330, 32
59, 2342, 200, 357, 32
59, 2343, 200, 314, 35
59, 2344, 200, 436, 20
59, 2345, 200, 471, 40
59, 2346, 200, 463, 54
59, 2347, 200, 559, 54
59, 2348, 200, 555, 32
59, 2349, 200, 505, 60
59, 2350, 200, 350, 28
59, 2351, 200, 529, 44
59, 2352, 200, 532, 61
59, 2353, 200, 545, 51
59, 2354, 200, 524, 44
59, 2355, 200, 512, 56
59, 2356, 200, 440, 24
59, 2357, 200, 295, 21
59, 2358, 200, 435, 20
59, 2359, 200, 364, 39
60, 2360, 200, 345, 33
60, 2361, 200, 550, 48
60, 2362, 200, 436, 45
60, 2363, 200, 370, 30
60, 2364, 200, 435, 51
60, 2365, 200, 367, 29
60, 2366, 200, 546, 42
60, 2367, 200, 454, 47
60, 2368, 200, 463, 38
60, 2369, 200, 459, 37
60, 2370, 200, 497, 33
60, 2371, 200, 301, 34
60, 2372, 200, 477, 42
60, 2373, 200, 373, 50
60, 2374, 200, 377, 18
60, 2375, 200, 681, 39
60, 2376, 200, 293, 34
60, 2377, 200, 426, 36
60, 2378, 200, 595, 51
60, 2379, 200, 628, 47
60, 2380, 200, 695, 62
60, 2381, 200, 381, 41
60, 2382, 200, 801, 56
60, 2383, 200, 579, 38
60, 2384, 200, 553, 39
60, 2385, 200, 562, 47
60, 2386, 200, 463, 47
60, 2387, 200, 563, 57
60, 2388, 200, 579, 37
60, 2389, 200, 583, 45
60, 2390, 200, 585, 36
60, 2391, 200, 363, 39
60, 2392, 200, 562, 56
60, 2393, 200, 785, 45
60, 2394, 200, 550, 34
60, 2395, 200, 418, 39
60, 2396, 200, 547, 49
60, 2397, 200, 272, 17
60, 2398, 200, 493, 17
60, 2399, 200, 330, 42
61, 2400, 200, 333, 26
61, 2401, 200, 595, 63
61, 2402, 200, 590, 48
61, 2403, 200, 500, 47
61, 2404, 200, 593, 53
61, 2405, 200, 386, 49
61, 2406, 200, 313, 28
61, 2407, 200, 471, 22
61, 2408, 200, 639, 59
61, 2409, 200, 483, 45
61, 2410, 200, 341, 39
61, 2411, 200, 509, 41
61, 2412, 200, 495, 47
61, 2413, 200, 390, 32
61, 2414, 200, 415, 27
61, 2415, 200, 535, 38
61, 2416, 200, 300, 17
61, 2417, 200, 415, 43
61, 2418, 200, 456, 39
61, 2419, 200, 482, 31
61, 2420, 200, 326, 31
61, 2421, 200, 404, 42
61, 2422, 200, 414, 46
61, 2423, 200, 503, 50
61, 2424, 200, 451, 51
61, 2425, 200, 513, 33
61, 2426, 200, 673, 63
61, 2427, 200, 553, 39
61, 2428, 200, 440, 52
61, 2429, 200, 439, 33
61, 2430, 200, 430, 63
61, 2431, 200, 584, 55
61, 2432, 200, 668, 50
61, 2433, 200, 594, 49
61, 2434, 200, 510, 33
61, 2435, 200, 432, 33
61, 2436, 200, 586, 60
61, 2437, 200, 743, 46
61, 2438, 200, 623, 67
61, 2439, 200, 520, 44
62, 2440, 200, 567, 43
62, 2441, 200, 683, 50
62, 2442, 200, 594, 50
62, 2443, 200, 731, 54
62, 2444, 200, 537, 51
62, 2445, 200, 464, 51
62, 2446, 200, 476, 42
62, 2447, 200, 392, 19
62, 2448, 200, 358, 27
62, 2449, 200, 456, 32
62, 2450, 200, 467, 57
62, 2451, 200, 703, 58
62, 2452, 200, 433, 49
62, 2453, 200, 472, 37
62, 2454, 200, 447, 39
62, 2455, 200, 489, 47
62, 2456, 200, 400, 32
62, 2457, 200, 521, 54
62, 2458, 200, 547, 38
62, 2459, 200, 449, 35
62, 2460, 200, 459, 44
62, 2461, 200, 517, 47
62, 2462, 200, 498, 35
62, 2463, 200, 730, 57
62, 2464, 200, 690, 38
62, 2465, 200, 678, 29
62, 2466, 200, 643, 37
62, 2467, 200, 605, 33
62, 2468, 200, 715, 62
62, 2469, 200, 649, 34
62, 2470, 200, 585, 45
62, 2471, 200, 565, 44
62, 2472, 200, 463, 35
62, 2473, 200, 654, 41
62, 2474, 200, 697, 48
62, 2475, 200, 473, 35
62, 2476, 200, 582, 46
62, 2477, 200, 644, 51
62, 2478, 200, 477, 41
62, 2479, 200, 603, 63
63, 2480, 200, 305, 41
63, 2481, 200, 337, 23
63, 2482, 200, 566, 32
63, 2483, 200, 344, 31
63, 2484, 200, 451, 40
63, 2485, 200, 386, 48
63, 2486, 200, 509, 54
63, 2487, 200, 668, 46
63, 2488, 200, 603, 76
63, 2489, 200, 528, 40
63, 2490, 200, 366, 34
63, 2491, 200, 562, 36
63, 2492, 200, 594, 31
63, 2493, 200, 524, 31
63, 2494, 200, 744, 68
63, 2495, 200, 471, 20
63, 2496, 200, 632, 46
63, 2497, 200, 759, 54
63, 2498, 200, 681, 46
63, 2499, 200, 517, 36
63, 2500, 200, 487, 40
63, 2501, 200, 438, 31
63, 2502, 200, 493, 18
63, 2503, 200, 469, 36
63, 2504, 200, 369, 24
63, 2505, 200, 739, 56
63, 2506, 200, 613, 46
63, 2507, 200, 539, 60
63, 2508, 200, 353, 34
63, 2509, 200, 514, 56
63, 2510, 200, 453, 32
63, 2511, 200, 605, 49
63, 2512, 200, 409, 15
63, 2513, 200, 654, 36
63, 2514, 200, 473, 37
63, 2515, 200, 472, 51
63, 2516, 200, 588, 48
63, 2517, 200, 662, 41
63, 2518, 200, 638, 43
63, 2519, 200, 422, 25
64, 2520, 200, 386, 31
64, 2521, 200, 448, 40
64, 2522, 200, 804, 62
64, 2523, 200, 635, 51
64, 2524, 200, 465, 44
64, 2525, 200, 520, 26
64, 2526, 200, 295, 35
64, 2527, 200, 475, 36
64, 2528, 200, 567, 56
64, 2529, 200, 430, 37
64, 2530, 200, 411, 24
64, 2531, 200, 564, 60
64, 2532, 200, 476, 39
64, 2533, 200, 596, 50
64, 2534, 200, 392, 42
64, 2535, 200, 532, 47
64, 2536, 200, 414, 37
64, 2537, 200, 484, 44
64, 2538, 200, 458, 33
64, 2539, 200, 490, 43
64, 2540, 200, 378, 43
64, 2541, 200, 316, 17
64, 2542, 200, 143, 20
64, 2543, 200, 186, 29
64, 2544, 200, 332, 20
64, 2545, 200, 359, 49
64, 2546, 200, 282, 29
64, 2547, 200, 480, 35
64, 2548, 200, 474, 37
64, 2549, 200, 467, 34
64, 2550, 200, 432, 48
64, 2551, 200, 443, 35
64, 2552, 200, 434, 68
64, 2553, 200, 666, 46
64, 2554, 200, 718, 62
64, 2555, 200, 294, 30
64, 2556, 200, 475, 26
64, 2557, 200, 273, 32
64, 2558, 200, 604, 49
64, 2559, 200, 686, 43
65, 2560, 200, 771, 79
65, 2561, 200, 533, 34
65, 2562, 200, 656, 35
65, 2563, 200, 652, 40
65, 2564, 200, 539, 56
65, 2565, 200, 501, 28
65, 2566, 200, 265, 20
65, 2567, 200, 281, 41
65, 2568, 200, 528, 57
65, 2569, 200, 413, 31
65, 2570, 200, 805, 59
65, 2571, 200, 666, 50
65, 2572, 200, 404, 26
65, 2573, 200, 520, 61
65, 2574, 200, 582, 78
65, 2575, 200, 528, 40
65, 2576, 200, 509, 60
65, 2577, 200, 587, 44
65, 2578, 200, 568, 41
65, 2579, 200, 514, 47
65, 2580, 200, 574, 35
65, 2581, 200, 579, 31
65, 2582, 200, 673, 30
65, 2583, 200, 554, 39
65, 2584, 200, 474, 39
65, 2585, 200, 488, 33
65, 2586, 200, 219, 21
65, 2587, 200, 466, 30
65, 2588, 200, 471, 46
65, 2589, 200, 562, 58
65, 2590, 200, 505, 45
65, 2591, 200, 503, 41
65, 2592, 200, 532, 33
65, 2593, 200, 580, 41
65, 2594, 200, 366, 32
65, 2595, 200, 441, 36
65, 2596, 200, 588, 54
65, 2597, 200, 534, 49
65, 2598, 200, 463, 39
65, 2599, 200, 576, 29
66, 2600, 200, 384, 26
66, 2601, 200, 487, 29
66, 2602, 200, 604, 57
66, 2603, 200, 446, 51
66, 2604, 200, 498, 38
66, 2605, 200, 708, 63
66, 2606, 200, 450, 41
66, 2607, 200, 517, 33
66, 2608, 200, 479, 68
66, 2609, 200, 455, 38
66, 2610, 200, 440, 28
66, 2611, 200, 459, 44
66, 2612, 200, 576, 51
66, 2613, 200, 270, 19
66, 2614, 200, 571, 47
66, 2615, 200, 398, 35
66, 2616, 200, 399, 28
66, 2617, 200, 354, 38
66, 2618, 200, 482, 33
66, 2619, 200, 544, 45
66, 2620, 200, 327, 40
66, 2621, 200, 352, 35
66, 2622, 200, 1032, 60
66, 2623, 200, 427, 23
66, 2624, 200, 357, 38
66, 2625, 200, 516, 23
66, 2626, 200, 707, 45
66, 2627, 200, 694, 58
66, 2628, 200, 544, 54
66, 2629, 200, 515, 37
66, 2630, 200, 649, 61
66, 2631, 200, 441, 40
66, 2632, 200, 332, 33
66, 2633, 200, 646, 45
66, 2634, 200, 505, 43
66, 2635, 200, 527, 20
66, 2636, 200, 580, 36
66, 2637, 200, 391, 45
66, 2638, 200, 488, 25
66, 2639, 200, 330, 25
67, 2640, 200, 368, 24
67, 2641, 200, 537, 49
67, 2642, 200, 633, 55
67, 2643, 200, 623, 43
67, 2644, 200, 746, 55
67, 2645, 200, 543, 52
67, 2646, 200, 478, 39
67, 2647, 200, 638, 43
67, 2648, 200, 372, 43
67, 2649, 200, 576, 45
67, 2650, 200, 410, 29
67, 2651, 200, 623, 86
67, 2652, 200, 561, 55
67, 2653, 200, 991, 79
67, 2654, 200, 534, 48
67, 2655, 200, 707, 75
67, 2656, 200, 531, 56
67, 2657, 200, 315, 39
67, 2658, 200, 710, 44
67, 2659, 200, 680, 69
67, 2660, 200, 390, 45
67, 2661, 200, 314, 50
67, 2662, 200, 632, 60
67, 2663, 200, 539, 39
67, 2664, 200, 427, 37
67, 2665, 200, 384, 35
67, 2666, 200, 513, 41
67, 2667, 200, 443, 44
67, 2668, 200, 614, 57
67, 2669, 200, 548, 60
67, 2670, 200, 466, 45
67, 2671, 200, 533, 51
67, 2672, 200, 495, 44
67, 2673, 200, 395, 37
67, 2674, 200, 521, 54
67, 2675, 200, 350, 42
67, 2676, 200, 699, 58
67, 2677, 200, 410, 42
67, 2678, 200, 470, 48
67, 2679, 200, 445, 45
68, 2680, 200, 632, 50
68, 2681, 200, 565, 57
68, 2682, 200, 570, 43
68, 2683, 200, 387, 45
68, 2684, 200, 545, 33
68, 2685, 200, 620, 45
68, 2686, 200, 558, 53
68, 2687, 200, 464, 42
68, 2688, 200, 399, 31
68, 2689, 200, 527, 33
68, 2690, 200, 436, 26
68, 2691, 200, 422, 22
68, 2692, 200, 429, 29
68, 2693, 200, 527, 30
68, 2694, 200, 390, 36
68, 2695, 200, 558, 76
68, 2696, 200, 570, 51
68, 2697, 200, 562, 37
68, 2698, 200, 355, 31
68, 2699, 200, 579, 60
68, 2700, 200, 499, 54
68, 2701, 200, 714, 50
68, 2702, 200, 679, 47
68, 2703, 200, 558, 58
68, 2704, 200, 471, 39
68, 2705, 200, 541, 51
68, 2706, 200, 364, 21
68, 2707, 200, 371, 41
68, 2708, 200, 396, 44
68, 2709, 200, 575, 53
68, 2710, 200, 526, 33
68, 2711, 200, 592, 55
68, 2712, 200, 488, 62
68, 2713, 200, 371, 49
68, 2714, 200, 598, 41
68, 2715, 200, 390, 44
68, 2716, 200, 552, 45
68, 2717, 200, 366, 27
68, 2718, 200, 404, 45
68, 2719, 200, 427, 33
69, 2720, 200, 395, 50
69, 2721, 200, 435, 54
69, 2722, 200, 302, 35
69, 2723, 200, 313, 22
69, 2724, 200, 394, 39
69, 2725, 200, 432, 32
69, 2726, 200, 396, 37
69, 2727, 200, 380, 41
69, 2728, 200, 376, 21
69, 2729, 200, 619, 62
69, 2730, 200, 484, 52
69, 2731, 200, 423, 43
69, 2732, 200, 574, 49
69, 2733, 200, 313, 45
69, 2734, 200, 377, 30
69, 2735, 200, 301, 41
69, 2736, 200, 346, 32
69, 2737, 200, 498, 50
69, 2738, 200, 484, 46
69, 2739, 200, 573, 69
69, 2740, 200, 371, 18
69, 2741, 200, 419, 38
69, 2742, 200, 474, 48
69, 2743, 200, 639, 69
69, 2744, 200, 559, 43
69, 2745, 200, 693, 43
69, 2746, 200, 659, 60
69, 2747, 200, 601, 41
69, 2748, 200, 455, 29
69, 2749, 200, 570, 62
69, 2750, 200, 518, 46
69, 2751, 200, 390, 40
69, 2752, 200, 395, 69
69, 2753, 200, 446, 24
69, 2754, 200, 346, 27
69, 2755, 200, 467, 26
69, 2756, 200, 496, 35
69, 2757, 200, 445, 42
69, 2758, 200, 390, 50
69, 2759, 200, 525, 53
70, 2760, 200, 461, 52
70, 2761, 200, 587, 50
70, 2762, 200, 431, 48
70, 2763, 200, 837, 50
70, 2764, 200, 730, 74
70, 2765, 200, 380, 48
70, 2766, 200, 673, 67
70, 2767, 200, 1010, 67
70, 2768, 200, 626, 49
70, 2769, 200, 507, 44
70, 2770, 200, 412, 29
70, 2771, 200, 582, 42
70, 2772, 200, 356, 29
70, 2773, 200, 504, 60
70, 2774, 200, 544, 64
70, 2775, 200, 435, 45
70, 2776, 200, 661, 48
70, 2777, 200, 696, 78
70, 2778, 200, 380, 23
70, 2779, 200, 549, 32
70, 2780, 200, 582, 58
70, 2781, 200, 426, 39
70, 2782, 200, 532, 41
70, 2783, 200, 668, 43
70, 2784, 200, 294, 50
70, 2785, 200, 409, 24
70, 2786, 200, 364, 26
70, 2787, 200, 255, 30
70, 2788, 200, 499, 53
70, 2789, 200, 316, 30
70, 2790, 200, 294, 30
70, 2791, 200, 470, 53
70, 2792, 200, 581, 45
70, 2793, 200, 417, 55
70, 2794, 200, 375, 37
70, 2795, 200, 455, 42
70, 2796, 200, 486, 42
70, 2797, 200, 726, 83
70, 2798, 200, 483, 63
70, 2799, 200, 430, 42
71, 2800, 200, 381, 66
71, 2801, 200, 504, 52
71, 2802, 200, 767, 53
71, 2803, 200, 631, 37
71, 2804, 200, 546, 52
71, 2805, 200, 609, 47
71, 2806, 200, 557, 40
71, 2807, 200, 649, 62
71, 2808, 200, 453, 49
71, 2809, 200, 603, 67
71, 2810, 200, 317, 18
71, 2811, 200, 342, 29
71, 2812, 200, 491, 27
71, 2813, 200, 533, 39
71, 2814, 200, 511, 32
71, 2815, 200, 297, 42
71, 2816, 200, 411, 20
71, 2817, 200, 505, 52
71, 2818, 200, 463, 27
71, 2819, 200, 411, 60
71, 2820, 200, 425, 22
71, 2821, 200, 578, 48
71, 2822, 200, 341, 42
71, 2823, 200, 503, 75
71, 2824, 200, 411, 36
71, 2825, 200, 486, 67
71, 2826, 200, 555, 37
71, 2827, 200, 537, 45
71, 2828, 200, 341, 40
71, 2829, 200, 497, 47
71, 2830, 200, 560, 56
71, 2831, 200, 660, 46
71, 2832, 200, 798, 70
71, 2833, 200, 572, 56
71, 2834, 200, 331, 34
71, 2835, 200, 372, 20
71, 2836, 200, 616, 70
71, 2837, 200, 471, 29
71, 2838, 200, 531, 41
71, 2839, 200, 366, 39
72, 2840, 200, 428, 38
72, 2841, 200, 587, 55
72, 2842, 200, 364, 46
72, 2843, 200, 466, 45
72, 2844, 200, 410, 35
72, 2845, 200, 424, 46
72, 2846, 200, 567, 49
72, 2847, 200, 597, 37
72, 2848, 200, 345, 30
72, 2849, 200, 449, 55
72, 2850, 200, 513, 36
72, 2851, 200, 295, 53
72, 2852, 200, 312, 25
72, 2853, 200, 367, 36
72, 2854, 200, 292, 37
72, 2855, 200, 247, 29
72, 2856, 200, 99, 6
72, 2857, 200, 205, 10
72, 2858, 200, 263, 22
72, 2859, 200, 298, 20
72, 2860, 200, 353, 33
72, 2861, 200, 367, 28
72, 2862, 200, 531, 49
72, 2863, 200, 466, 31
72, 2864, 200, 521, 48
72, 2865, 200, 478, 32
72, 2866, 200, 280, 29
72, 2867, 200, 676, 51
72, 2868, 200, 442, 48
72, 2869, 200, 555, 31
72, 2870, 200, 397, 48
72, 2871, 200, 175, 20
72, 2872, 200, 325, 14
72, 2873, 200, 368, 24
72, 2874, 200, 428, 48
72, 2875, 200, 343, 41
72, 2876, 200, 488, 48
72, 2877, 200, 322, 38
72, 2878, 200, 472, 35
72, 2879, 200, 595, 46
73, 2880, 200, 530, 33
73, 2881, 200, 489, 37
73, 2882, 200, 800, 53
73, 2883, 200, 576, 34
73, 2884, 200, 256, 22
73, 2885, 200, 734, 33
73, 2886, 200, 677, 47
73, 2887, 200, 706, 72
73, 2888, 200, 453, 47
73, 2889, 200, 538, 60
73, 2890, 200, 404, 34
73, 2891, 200, 455, 57
73, 2892, 200, 396, 50
73, 2893, 200, 432, 40
73, 2894, 200, 226, 28
73, 2895, 200, 465, 51
73, 2896, 200, 345, 35
73, 2897, 200, 574, 44
73, 2898, 200, 510, 34
73, 2899, 200, 431, 36
73, 2900, 200, 394, 36
73, 2901, 200, 405, 55
73, 2902, 200, 439, 32
73, 2903, 200, 502, 23
73, 2904, 200, 514, 35
73, 2905, 200, 338, 31
73, 2906, 200, 303, 27
73, 2907, 200, 302, 29
73, 2908, 200, 277, 26
73, 2909, 200, 534, 48
73, 2910, 200, 244, 31
73, 2911, 200, 286, 16
73, 2912, 200, 296, 30
73, 2913, 200, 511, 35
73, 2914, 200, 356, 25
73, 2915, 200, 453, 41
73, 2916, 200, 546, 46
73, 2917, 200, 521, 33
73, 2918, 200, 499, 39
73, 2919, 200, 589, 38
74, 2920, 200, 550, 56
74, 2921, 200, 431, 40
74, 2922, 200, 448, 32
74, 2923, 200, 503, 60
74, 2924, 200, 737, 34
74, 2925, 200, 492, 42
74, 2926, 200, 744, 54
74, 2927, 200, 529, 57
74, 2928, 200, 612, 47
74, 2929, 200, 449, 41
74, 2930, 200, 424, 37
74, 2931, 200, 725, 57
74, 2932, 200, 611, 58
74, 2933, 200, 564, 51
74, 2934, 200, 438, 33
74, 2935, 200, 504, 62
74, 2936, 200, 475, 24
74, 2937, 200, 343, 46
74, 2938, 200, 453, 29
74, 2939, 200, 610, 54
74, 2940, 200, 291, 22
74, 2941, 200, 387, 44
74, 2942, 200, 280, 13
74, 2943, 200, 563, 32
74, 2944, 200, 460, 41
74, 2945, 200, 493, 42
74, 2946, 200, 383, 16
74, 2947, 200, 433, 44
74, 2948, 200, 436, 25
74, 2949, 200, 547, 61
74, 2950, 200, 504, 41
74, 2951, 200, 553, 26
74, 2952, 200, 477, 58
74, 2953, 200, 484, 26
74, 2954, 200, 471, 43
74, 2955, 200, 408, 34
74, 2956, 200, 484, 45
74, 2957, 200, 419, 34
74, 2958, 200, 388, 39
74, 2959, 200, 799, 57
75, 2960, 200, 457, 37
75, 2961, 200, 495, 59
75, 2962, 200, 405, 28
75, 2963, 200, 582, 52
75, 2964, 200, 347, 28
75, 2965, 200, 559, 44
75, 2966, 200, 395, 35
75, 2967, 200, 299, 28
75, 2968, 200, 670, 61
75, 2969, 200, 473, 44
75, 2970, 200, 316, 31
75, 2971, 200, 447, 58
75, 2972, 200, 718, 54
75, 2973, 200, 536, 40
75, 2974, 200, 632, 55
75, 2975, 200, 489, 33
75, 2976, 200, 476, 56
75, 2977, 200, 616, 35
75, 2978, 200, 423, 35
75, 2979, 200, 571, 61
75, 2980, 200, 593, 51
75, 2981, 200, 444, 32
75, 2982, 200, 493, 29
75, 2983, 200, 687, 39
75, 2984, 200, 469, 34
75, 2985, 200, 504, 22
75, 2986, 200, 473, 42
75, 2987, 200, 512, 29
75, 2988, 200, 413, 34
75, 2989, 200, 472, 38
75, 2990, 200, 306, 14
75, 2991, 200, 465, 43
75, 2992, 200, 368, 52
75, 2993, 200, 306, 33
75, 2994, 200, 564, 44
75, 2995, 200, 537, 37
75, 2996, 200, 475, 56
75, 2997, 200, 398, 39
75, 2998, 200, 513, 33
75, 2999, 200, 340, 31
76, 3000, 200, 766, 50
76, 3001, 200, 422, 22
76, 3002, 200, 466, 19
76, 3003, 200, 222, 31
76, 3004, 200, 320, 36
76, 3005, 200, 491, 25
76, 3006, 200, 365, 36
76, 3007, 200, 421, 35
76, 3008, 200, 265, 35
76, 3009, 200, 347, 40
76, 3010, 200, 329, 27
76, 3011, 200, 240, 31
76, 3012, 200, 299, 16
76, 3013, 200, 538, 26
76, 3014, 200, 519, 57
76, 3015, 200, 371, 58
76, 3016, 200, 261, 18
76, 3017, 200, 564, 56
76, 3018, 200, 446, 50
76, 3019, 200, 595, 53
76, 3020, 200, 565, 29
76, 3021, 200, 481, 40
76, 3022, 200, 394, 52
76, 3023, 200, 485, 29
76, 3024, 200, 367, 44
76, 3025, 200, 263, 17
76, 3026, 200, 309, 22
76, 3027, 200, 564, 33
76, 3028, 200, 445, 44
76, 3029, 200, 359, 26
76, 3030, 200, 326, 24
76, 3031, 200, 450, 35
76, 3032, 200, 439, 38
76, 3033, 200, 386, 30
76, 3034, 200, 468, 42
76, 3035, 200, 353, 27
76, 3036, 200, 285, 45
76, 3037, 200, 231, 41
76, 3038, 200, 391, 30
76, 3039, 200, 346, 34
77, 3040, 200, 243, 31
77, 3041, 200, 503, 39
77, 3042, 200, 410, 36
77, 3043, 200, 487, 43
77, 3044, 200, 492, 39
77, 3045, 200, 346, 37
77, 3046, 200, 502, 46
77, 3047, 200, 622, 49
77, 3048, 200, 543, 39
77, 3049, 200, 538, 44
77, 3050, 200, 399, 71
77, 3051, 200, 464, 49
77, 3052, 200, 480, 42
77, 3053, 200, 390, 46
77, 3054, 200, 407, 30
77, 3055, 200, 386, 28
77, 3056, 200, 421, 32
77, 3057, 200, 363, 33
77, 3058, 200, 530, 61
77, 3059, 200, 468, 41
77, 3060, 200, 415, 42
77, 3061, 200, 283, 21
77, 3062, 200, 456, 44
77, 3063, 200, 267, 31
77, 3064, 200, 491, 24
77, 3065, 200, 414, 42
77, 3066, 200, 395, 22
77, 3067, 200, 335, 32
77, 3068, 200, 666, 54
77, 3069, 200, 497, 41
77, 3070, 200, 462, 42
77, 3071, 200, 504, 44
77, 3072, 200, 297, 29
77, 3073, 200, 437, 42
77, 3074, 200, 295, 21
77, 3075, 200, 380, 14
77, 3076, 200, 475, 35
77, 3077, 200, 247, 19
77, 3078, 200, 373, 14
77, 3079, 200, 412, 23
78, 3080, 200, 339, 35
78, 3081, 200, 386, 31
78, 3082, 200, 288, 38
78, 3083, 200, 213, 15
78, 3084, 200, 385, 26
78, 3085, 200, 673, 34
78, 3086, 200, 354, 36
78, 3087, 200, 392, 50
78, 3088, 200, 357, 33
78, 3089, 200, 500, 38
78, 3090, 200, 483, 30
78, 3091, 200, 337, 35
78, 3092, 200, 344, 44
78, 3093, 200, 284, 24
78, 3094, 200, 446, 56
78, 3095, 200, 425, 33
78, 3096, 200, 362, 36
78, 3097, 200, 431, 58
78, 3098, 200, 404, 52
78, 3099, 200, 564, 50
78, 3100, 200, 465, 47
78, 3101, 200, 358, 38
78, 3102, 200, 498, 44
78, 3103, 200, 295, 29
78, 3104, 200, 370, 44
78, 3105, 200, 242, 26
78, 3106, 200, 336, 43
78, 3107, 200, 294, 46
78, 3108, 200, 510, 52
78, 3109, 200, 312, 37
78, 3110, 200, 662, 55
78, 3111, 200, 384, 46
78, 3112, 200, 460, 56
78, 3113, 200, 564, 36
78, 3114, 200, 495, 36
78, 3115, 200, 366, 50
78, 3116, 200, 367, 53
78, 3117, 200, 515, 41
78, 3118, 200, 657, 57
78, 3119, 200, 665, 51
79, 3120, 200, 427, 30
79, 3121, 200, 400, 23
79, 3122, 200, 247, 46
79, 3123, 200, 507, 50
79, 3124, 200, 409, 50
79, 3125, 200, 435, 42
79, 3126, 200, 409, 28
79, 3127, 200, 521, 52
79, 3128, 200, 512, 63
79, 3129, 200, 346, 30
79, 3130, 200, 380, 28
79, 3131, 200, 392, 45
79, 3132, 200, 523, 67
79, 3133, 200, 296, 37
79, 3134, 200, 450, 43
79, 3135, 200, 455, 43
79, 3136, 200, 534, 39
79, 3137, 200, 685, 54
79, 3138, 200, 503, 48
79, 3139, 200, 379, 32
79, 3140, 200, 433, 37
79, 3141, 200, 466, 49
79, 3142, 200, 438, 34
79, 3143, 200, 401, 35
79, 3144, 200, 506, 39
79, 3145, 200, 576, 50
79, 3146, 200, 318, 38
79, 3147, 200, 714, 65
79, 3148, 200, 650, 71
79, 3149, 200, 539, 42
79, 3150, 200, 437, 34
79, 3151, 200, 494, 52
79, 3152, 200, 664, 52
79, 3153, 200, 385, 38
79, 3154, 200, 403, 66
79, 3155, 200, 781, 69
79, 3156, 200, 518, 36
79, 3157, 200, 749, 66
79, 3158, 200, 416, 40
79, 3159, 200, 607, 81
80, 3160, 200, 633, 58
80, 3161, 200, 556, 49
80, 3162, 200, 649, 52
80, 3163, 200, 689, 64
80, 3164, 200, 504, 37
80, 3165, 200, 476, 41
80, 3166, 200, 426, 34
80, 3167, 200, 342, 26
80, 3168, 200, 513, 34
80, 3169, 200, 623, 67
80, 3170, 200, 475, 54
80, 3171, 200, 446, 55
80, 3172, 200, 329, 45
80, 3173, 200, 489, 43
80, 3174, 200, 352, 31
80, 3175, 200, 668, 57
80, 3176, 200, 361, 40
80, 3177, 200, 577, 43
80, 3178, 200, 492, 35
80, 3179, 200, 295, 20
80, 3180, 200, 575, 37
80, 3181, 200, 368, 31
80, 3182, 200, 441, 23
80, 3183, 200, 423, 47
80, 3184, 200, 424, 33
80, 3185, 200, 385, 47
80, 3186, 200, 477, 49
80, 3187, 200, 365, 38
80, 3188, 200, 374, 46
80, 3189, 200, 463, 48
80, 3190, 200, 511, 60
80, 3191, 200, 399, 33
80, 3192, 200, 330, 34
80, 3193, 200, 404, 61
80, 3194, 200, 461, 38
80, 3195, 200, 301, 22
80, 3196, 200, 299, 48
80, 3197, 200, 375, 59
80, 3198, 200, 237, 32
80, 3199, 200, 331, 40
81, 3200, 200, 333, 38
81, 3201, 200, 410, 34
81, 3202, 200, 638, 61
81, 3203, 200, 364, 30
81, 3204, 200, 300, 43
81, 3205, 200, 352, 40
81, 3206, 200, 335, 48
81, 3207, 200, 305, 31
81, 3208, 200, 395, 68
81, 3209, 200, 420, 37
81, 3210, 200, 397, 28
81, 3211, 200, 484, 49
81, 3212, 200, 284, 53
81, 3213, 200, 402, 28
81, 3214, 200, 476, 54
81, 3215, 200, 415, 46
81, 3216, 200, 273, 40
81, 3217, 200, 422, 54
81, 3218, 200, 401, 35
81, 3219, 200, 368, 34
81, 3220, 200, 377, 24
81, 3221, 200, 215, 34
81, 3222, 200, 251, 23
81, 3223, 200, 433, 35
81, 3224, 200, 269, 38
81, 3225, 200, 324, 28
81, 3226, 200, 481, 38
81, 3227, 200, 340, 38
81, 3228, 200, 416, 51
81, 3229, 200, 390, 43
81, 3230, 200, 258, 38
81, 3231, 200, 472, 31
81, 3232, 200, 554, 35
81, 3233, 200, 513, 55
81, 3234, 200, 286, 19
81, 3235, 200, 456, 43
81, 3236, 200, 460, 38
81, 3237, 200, 322, 41
81, 3238, 200, 498, 41
81, 3239, 200, 356, 24
82, 3240, 200, 364, 29
82, 3241, 200, 287, 19
82, 3242, 200, 322, 38
82, 3243, 200, 258, 40
82, 3244, 200, 432, 57
82, 3245, 200, 292, 20
82, 3246, 200, 329, 36
82, 3247, 200, 516, 47
82, 3248, 200, 366, 39
82, 3249, 200, 358, 15
82, 3250, 200, 536, 44
82, 3251, 200, 358, 20
82, 3252, 200, 549, 30
82, 3253, 200, 348, 37
82, 3254, 200, 376, 58
82, 3255, 200, 440, 42
82, 3256, 200, 345, 17
82, 3257, 200, 501, 27
82, 3258, 200, 467, 29
82, 3259, 200, 572, 54
82, 3260, 200, 409, 37
82, 3261, 200, 314, 28
82, 3262, 200, 294, 26
82, 3263, 200, 365, 41
82, 3264, 200, 420, 30
82, 3265, 200, 407, 49
82, 3266, 200, 519, 52
82, 3267, 200, 571, 35
82, 3268, 200, 456, 42
82, 3269, 200, 406, 38
82, 3270, 200, 438, 46
82, 3271, 200, 447, 52
82, 3272, 200, 486, 32
82, 3273, 200, 367, 43
82, 3274, 200, 394, 37
82, 3275, 200, 447, 48
82, 3276, 200, 452, 28
82, 3277, 200, 468, 33
82, 3278, 200, 413, 29
82, 3279, 200, 306, 26
83, 3280, 200, 514, 42
83, 3281, 200, 231, 6
83, 3282, 200, 352, 19
83, 3283, 200, 360, 35
83, 3284, 200, 457, 25
83, 3285, 200, 461, 44
83, 3286, 200, 448, 37
83, 3287, 200, 435, 23
83, 3288, 200, 489, 29
83, 3289, 200, 543, 59
83, 3290, 200, 737, 57
83, 3291, 200, 412, 32
83, 3292, 200, 417, 34
83, 3293, 200, 666, 42
83, 3294, 200, 718, 33
83, 3295, 200, 621, 26
83, 3296, 200, 363, 24
83, 3297, 200, 586, 54
83, 3298, 200, 345, 20
83, 3299, 200, 432, 50
83, 3300, 200, 753, 46
83, 3301, 200, 410, 23
83, 3302, 200, 318, 23
83, 3303, 200, 472, 41
83, 3304, 200, 669, 50
83, 3305, 200, 577, 33
83, 3306, 200, 327, 15
83, 3307, 200, 585, 45
83, 3308, 200, 351, 37
83, 3309, 200, 337, 46
83, 3310, 200, 341, 35
83, 3311, 200, 525, 40
83, 3312, 200, 752, 69
83, 3313, 200, 746, 70
83, 3314, 200, 415, 52
83, 3315, 200, 482, 46
83, 3316, 200, 286, 30
83, 3317, 200, 311, 32
83, 3318, 200, 545, 30
83, 3319, 200, 704, 46
84, 3320, 200, 559, 59
84, 3321, 200, 388, 51
84, 3322, 200, 446, 64
84, 3323, 200, 287, 36
84, 3324, 200, 607, 56
84, 3325, 200, 436, 52
84, 3326, 200, 517, 37
84, 3327, 200, 336, 33
84, 3328, 200, 374, 31
84, 3329, 200, 582, 50
84, 3330, 200, 562, 31
84, 3331, 200, 441, 41
84, 3332, 200, 501, 57
84, 3333, 200, 576, 61
84, 3334, 200, 540, 41
84, 3335, 200, 502, 46
84, 3336, 200, 471, 37
84, 3337, 200, 370, 47
84, 3338, 200, 516, 38
84, 3339, 200, 378, 29
84, 3340, 200, 547, 51
84, 3341, 200, 532, 33
84, 3342, 200, 406, 52
84, 3343, 200, 512, 52
84, 3344, 200, 397, 43
84, 3345, 200, 461, 41
84, 3346, 200, 460, 46
84, 3347, 200, 506, 43
84, 3348, 200, 347, 26
84, 3349, 200, 420, 30
84, 3350, 200, 460, 47
84, 3351, 200, 311, 44
84, 3352, 200, 331, 20
84, 3353, 200, 402, 41
84, 3354, 200, 469, 56
84, 3355, 200, 454, 48
84, 3356, 200, 506, 39
84, 3357, 200, 549, 48
84, 3358, 200, 464, 39
84, 3359, 200, 487, 56
85, 3360, 200, 357, 49
85, 3361, 200, 381, 39
85, 3362, 200, 410, 49
85, 3363, 200, 502, 44
85, 3364, 200, 629, 49
85, 3365, 200, 372, 24
85, 3366, 200, 555, 50
85, 3367, 200, 635, 37
85, 3368, 200, 785, 51
85, 3369, 200, 868, 60
85, 3370, 200, 568, 32
85, 3371, 200, 602, 39
85, 3372, 200, 700, 57
85, 3373, 200, 434, 32
85, 3374, 200, 644, 42
85, 3375, 200, 598, 35
85, 3376, 200, 508, 46
85, 3377, 200, 540, 42
85, 3378, 200, 421, 28
85, 3379, 200, 440, 36
85, 3380, 200, 394, 27
85, 3381, 200, 503, 49
85, 3382, 200, 536, 66
85, 3383, 200, 406, 30
85, 3384, 200, 494, 34
85, 3385, 200, 523, 45
85, 3386, 200, 345, 35
85, 3387, 200, 342, 36
85, 3388, 200, 421, 30
85, 3389, 200, 419, 39
85, 3390, 200, 289, 30
85, 3391, 200, 367, 30
85, 3392, 200, 210, 24
85, 3393, 200, 255, 28
85, 3394, 200, 250, 17
85, 3395, 200, 377, 28
85, 3396, 200, 245, 34
85, 3397, 200, 592, 61
85, 3398, 200, 409, 39
85, 3399, 200, 569, 63
86, 3400, 200, 384, 49
86, 3401, 200, 617, 52
86, 3402, 200, 485, 34
86, 3403, 200, 468, 42
86, 3404, 200, 423, 45
86, 3405, 200, 398, 42
86, 3406, 200, 378, 47
86, 3407, 200, 585, 50
86, 3408, 200, 476, 44
86, 3409, 200, 690, 53
86, 3410, 200, 439, 21
86, 3411, 200, 512, 42
86, 3412, 200, 292, 26
86, 3413, 200, 448, 37
86, 3414, 200, 490, 38
86, 3415, 200, 303, 34
86, 3416, 200, 308, 22
86, 3417, 200, 256, 39
86, 3418, 200, 322, 16
86, 3419, 200, 500, 43
86, 3420, 200, 293, 19
86, 3421, 200, 529, 59
86, 3422, 200, 621, 26
86, 3423, 200, 402, 32
86, 3424, 200, 505, 34
86, 3425, 200, 429, 43
86, 3426, 200, 540, 30
86, 3427, 200, 419, 39
86, 3428, 200, 483, 37
86, 3429, 200, 313, 18
86, 3430, 200, 359, 49
86, 3431, 200, 521, 45
86, 3432, 200, 595, 48
86, 3433, 200, 353, 30
86, 3434, 200, 524, 33
86, 3435, 200, 372, 33
86, 3436, 200, 426, 43
86, 3437, 200, 524, 37
86, 3438, 200, 673, 65
86, 3439, 200, 576, 47
87, 3440, 200, 549, 53
87, 3441, 200, 555, 66
87, 3442, 200, 564, 49
87, 3443, 200, 387, 28
87, 3444, 200, 653, 46
87, 3445, 200, 572, 55
87, 3446, 200, 586, 34
87, 3447, 200, 407, 46
87, 3448, 200, 618, 45
87, 3449, 200, 593, 30
87, 3450, 200, 522, 43
87, 3451, 200, 399, 30
87, 3452, 200, 316, 24
87, 3453, 200, 481, 57
87, 3454, 200, 290, 43
87, 3455, 200, 353, 19
87, 3456, 200, 405, 42
87, 3457, 200, 326, 25
87, 3458, 200, 291, 32
87, 3459, 200, 554, 52
87, 3460, 200, 558, 48
87, 3461, 200, 332, 22
87, 3462, 200, 361, 52
87, 3463, 200, 279, 29
87, 3464, 200, 280, 39
87, 3465, 200, 388, 48
87, 3466, 200, 343, 38
87, 3467, 200, 484, 25
87, 3468, 200, 364, 48
87, 3469, 200, 520, 42
87, 3470, 200, 302, 33
87, 3471, 200, 539, 22
87, 3472, 200, 645, 69
87, 3473, 200, 443, 45
87, 3474, 200, 534, 38
87, 3475, 200, 534, 36
87, 3476, 200, 380, 11
87, 3477, 200, 534, 68
87, 3478, 200, 566, 47
87, 3479, 200, 316, 41
88, 3480, 200, 469, 46
88, 3481, 200, 415, 54
88, 3482, 200, 327, 31
88, 3483, 200, 484, 51
88, 3484, 200, 710, 44
88, 3485, 200, 367, 29
88, 3486, 200, 504, 49
88, 3487, 200, 666, 52
88, 3488, 200, 414, 33
88, 3489, 200, 514, 41
88, 3490, 200, 575, 45
88, 3491, 200, 565, 62
88, 3492, 200, 589, 51
88, 3493, 200, 390, 34
88, 3494, 200, 386, 36
88, 3495, 200, 595, 56
88, 3496, 200, 632, 65
88, 3497, 200, 455, 46
88, 3498, 200, 594, 67
88, 3499, 200, 419, 39
88, 3500, 200, 553, 48
88, 3501, 200, 731, 69
88, 3502, 200, 421, 22
88, 3503, 200, 661, 43
88, 3504, 200, 496, 35
88, 3505, 200, 548, 46
88, 3506, 200, 427, 43
88, 3507, 200, 525, 50
88, 3508, 200, 473, 50
88, 3509, 200, 508, 35
88, 3510, 200, 670, 45
88, 3511, 200, 661, 62
88, 3512, 200, 606, 48
88, 3513, 200, 482, 45
88, 3514, 200, 344, 17
88, 3515, 200, 445, 60
88, 3516, 200, 332, 19
88, 3517, 200, 448, 40
88, 3518, 200, 389, 37
88, 3519, 200, 435, 43
89, 3520, 200, 519, 35
89, 3521, 200, 319, 30
89, 3522, 200, 324, 15
89, 3523, 200, 437, 35
89, 3524, 200, 444, 43
89, 3525, 200, 356, 57
89, 3526, 200, 353, 27
89, 3527, 200, 386, 42
89, 3528, 200, 455, 60
89, 3529, 200, 388, 22
89, 3530, 200, 560, 53
89, 3531, 200, 429, 49
89, 3532, 200, 355, 23
89, 3533, 200, 392, 34
89, 3534, 200, 353, 9
89, 3535, 200, 375, 20
89, 3536, 200, 407, 20
89, 3537, 200, 255, 44
89, 3538, 200, 345, 35
89, 3539, 200, 533, 55
89, 3540, 200, 486, 29
89, 3541, 200, 333, 34
89, 3542, 200, 309, 19
89, 3543, 200, 493, 34
89, 3544, 200, 306, 29
89, 3545, 200, 449, 30
89, 3546, 200, 235, 24
89, 3547, 200, 649, 56
89, 3548, 200, 526, 29
89, 3549, 200, 654, 41
89, 3550, 200, 598, 56
89, 3551, 200, 327, 41
89, 3552, 200, 397, 31
89, 3553, 200, 418, 29
89, 3554, 200, 425, 30
89, 3555, 200, 502, 70
89, 3556, 200, 601, 53
89, 3557, 200, 601, 65
89, 3558, 200, 515, 37
89, 3559, 200, 716, 38
90, 3560, 200, 519, 44
90, 3561, 200, 617, 46
90, 3562, 200, 737, 45
90, 3563, 200, 354, 35
90, 3564, 200, 457, 35
90, 3565, 200, 390, 55
90, 3566, 200, 435, 38
90, 3567, 200, 372, 45
90, 3568, 200, 382, 42
90, 3569, 200, 350, 23
90, 3570, 200, 393, 35
90, 3571, 200, 553, 48
90, 3572, 200, 292, 37
90, 3573, 200, 419, 26
90, 3574, 200, 512, 47
90, 3575, 200, 530, 32
90, 3576, 200, 551, 36
90, 3577, 200, 666, 33
90, 3578, 200, 810, 49
90, 3579, 200, 325, 38
90, 3580, 200, 567, 19
90, 3581, 200, 503, 28
90, 3582, 200, 504, 46
90, 3583, 200, 639, 41
90, 3584, 200, 396, 12
90, 3585, 200, 405, 27
90, 3586, 200, 308, 36
90, 3587, 200, 439, 24
90, 3588, 200, 372, 33
90, 3589, 200, 402, 36
90, 3590, 200, 366, 32
90, 3591, 200, 610, 25
90, 3592, 200, 251, 37
90, 3593, 200, 606, 56
90, 3594, 200, 501, 32
90, 3595, 200, 872, 67
90, 3596, 200, 467, 38
90, 3597, 200, 652, 55
90, 3598, 200, 470, 29
90, 3599, 200, 396, 31
91, 3600, 200, 464, 56
91, 3601, 200, 356, 38
91, 3602, 200, 534, 60
91, 3603, 200, 426, 35
91, 3604, 200, 368, 34
91, 3605, 200, 376, 39
91, 3606, 200, 519, 42
91, 3607, 200, 364, 21
91, 3608, 200, 416, 34
91, 3609, 200, 351, 35
91, 3610, 200, 393, 36
91, 3611, 200, 472, 65
91, 3612, 200, 537, 54
91, 3613, 200, 597, 42
91, 3614, 200, 355, 22
91, 3615, 200, 440, 54
91, 3616, 200, 497, 45
91, 3617, 200, 443, 44
91, 3618, 200, 275, 15
91, 3619, 200, 467, 53
91, 3620, 200, 415, 28
91, 3621, 200, 486, 33
91, 3622, 200, 287, 28
91, 3623, 200, 561, 31
91, 3624, 200, 476, 22
91, 3625, 200, 267, 22
91, 3626, 200, 400, 31
91, 3627, 200, 262, 16
91, 3628, 200, 423, 31
91, 3629, 200, 337, 25
91, 3630, 200, 566, 38
91, 3631, 200, 359, 33
91, 3632, 200, 527, 45
91, 3633, 200, 315, 37
91, 3634, 200, 441, 29
91, 3635, 200, 632, 42
91, 3636, 200, 539, 32
91, 3637, 200, 699, 34
91, 3638, 200, 485, 27
91, 3639, 200, 335, 29
92, 3640, 200, 472, 33
92, 3641, 200, 481, 51
92, 3642, 200, 584, 54
92, 3643, 200, 693, 71
92, 3644, 200, 440, 57
92, 3645, 200, 552, 45
92, 3646, 200, 391, 28
92, 3647, 200, 520, 51
92, 3648, 200, 428, 25
92, 3649, 200, 273, 24
92, 3650, 200, 486, 41
92, 3651, 200, 310, 43
92, 3652, 200, 811, 57
92, 3653, 200, 499, 40
92, 3654, 200, 379, 36
92, 3655, 200, 374, 18
92, 3656, 200, 599, 56
92, 3657, 200, 511, 59
92, 3658, 200, 381, 17
92, 3659, 200, 546, 32
92, 3660, 200, 284, 48
92, 3661, 200, 357, 32
92, 3662, 200, 595, 39
92, 3663, 200, 398, 45
92, 3664, 200, 315, 33
92, 3665, 200, 394, 39
92, 3666, 200, 496, 52
92, 3667, 200, 653, 46
92, 3668, 200, 198, 30
92, 3669, 200, 493, 39
92, 3670, 200, 429, 35
92, 3671, 200, 556, 30
92, 3672, 200, 427, 12
92, 3673, 200, 367, 29
92, 3674, 200, 294, 28
92, 3675, 200, 504, 39
92, 3676, 200, 441, 34
92, 3677, 200, 307, 29
92, 3678, 200, 432, 35
92, 3679, 200, 540, 42
93, 3680, 200, 332, 23
93, 3681, 200, 367, 34
93, 3682, 200, 362, 35
93, 3683, 200, 529, 35
93, 3684, 200, 255, 28
93, 3685, 200, 422, 40
93, 3686, 200, 262, 8
93, 3687, 200, 250, 37
93, 3688, 200, 490, 47
93, 3689, 200, 741, 52
93, 3690, 200, 595, 39
93, 3691, 200, 441, 38
93, 3692, 200, 556, 33
93, 3693, 200, 347, 24
93, 3694, 200, 477, 73
93, 3695, 200, 563, 49
93, 3696, 200, 410, 36
93, 3697, 200, 396, 24
93, 3698, 200, 579, 40
93, 3699, 200, 259, 22
93, 3700, 200, 412, 18
93, 3701, 200, 378, 33
93, 3702, 200, 364, 25
93, 3703, 200, 553, 42
93, 3704, 200, 673, 55
93, 3705, 200, 415, 41
93, 3706, 200, 630, 46
93, 3707, 200, 360, 36
93, 3708, 200, 441, 29
93, 3709, 200, 627, 47
93, 3710, 200, 532, 43
93, 3711, 200, 576, 57
93, 3712, 200, 424, 42
93, 3713, 200, 572, 38
93, 3714, 200, 393, 31
93, 3715, 200, 379, 31
93, 3716, 200, 535, 46
93, 3717, 200, 413, 18
93, 3718, 200, 460, 30
93, 3719, 200, 522, 45
94, 3720, 200, 440, 31
94, 3721, 200, 419, 28
94, 3722, 200, 401, 28
94, 3723, 200, 298, 28
94, 3724, 200, 418, 31
94, 3725, 200, 464, 29
94, 3726, 200, 313, 28
94, 3727, 200, 580, 50
94, 3728, 200, 346, 19
94, 3729, 200, 446, 32
94, 3730, 200, 421, 30
94, 3731, 200, 442, 45
94, 3732, 200, 563, 34
94, 3733, 200, 327, 30
94, 3734, 200, 284, 16
94, 3735, 200, 260, 29
94, 3736, 200, 399, 42
94, 3737, 200, 386, 32
94, 3738, 200, 291, 26
94, 3739, 200, 293, 26
94, 3740, 200, 321, 27
94, 3741, 200, 344, 29
94, 3742, 200, 378, 46
94, 3743, 200, 365, 37
94, 3744, 200, 255, 17
94, 3745, 200, 490, 44
94, 3746, 200, 456, 42
94, 3747, 200, 324, 25
94, 3748, 200, 388, 38
94, 3749, 200, 292, 22
94, 3750, 200, 575, 39
94, 3751, 200, 434, 20
94, 3752, 200, 312, 28
94, 3753, 200, 400, 36
94, 3754, 200, 491, 46
94, 3755, 200, 471, 43
94, 3756, 200, 430, 45
94, 3757, 200, 428, 38
94, 3758, 200, 484, 29
94, 3759, 200, 340, 25
95, 3760, 200, 786, 38
95, 3761, 200, 466, 30
95, 3762, 200, 485, 31
95, 3763, 200, 569, 43
95, 3764, 200, 628, 41
95, 3765, 200, 524, 40
95, 3766, 200, 516, 48
95, 3767, 200, 359, 36
95, 3768, 200, 457, 38
95, 3769, 200, 464, 51
95, 3770, 200, 426, 40
95, 3771, 200, 298, 10
95, 3772, 200, 385, 47
95, 3773, 200, 428, 37
95, 3774, 200, 223, 21
95, 3775, 200, 545, 46
95, 3776, 200, 523, 36
95, 3777, 200, 559, 57
95, 3778, 200, 561, 50
95, 3779, 200, 479, 33
95, 3780, 200, 515, 52
95, 3781, 200, 418, 47
95, 3782, 200, 470, 60
95, 3783, 200, 492, 41
95, 3784, 200, 596, 69
95, 3785, 200, 417, 35
95, 3786, 200, 558, 35
95, 3787, 200, 492, 53
95, 3788, 200, 475, 43
95, 3789, 200, 475, 62
95, 3790, 200, 340, 18
95, 3791, 200, 445, 36
95, 3792, 200, 438, 39
95, 3793, 200, 613, 39
95, 3794, 200, 470, 49
95, 3795, 200, 360, 24
95, 3796, 200, 426, 42
95, 3797, 200, 469, 49
95, 3798, 200, 570, 51
95, 3799, 200, 508, 36
96, 3800, 200, 467, 33
96, 3801, 200, 534, 29
96, 3802, 200, 521, 50
96, 3803, 200, 678, 39
96, 3804, 200, 829, 63
96, 3805, 200, 671, 40
96, 3806, 200, 495, 39
96, 3807, 200, 466, 80
96, 3808, 200, 340, 44
96, 3809, 200, 707, 68
96, 3810, 200, 429, 44
96, 3811, 200, 482, 62
96, 3812, 200, 389, 36
96, 3813, 200, 558, 48
96, 3814, 200, 476, 38
96, 3815, 200, 514, 32
96, 3816, 200, 441, 44
96, 3817, 200, 509, 38
96, 3818, 200, 269, 20
96, 3819, 200, 480, 37
96, 3820, 200, 384, 39
96, 3821, 200, 371, 28
96, 3822, 200, 421, 30
96, 3823, 200, 218, 22
96, 3824, 200, 262, 38
96, 3825, 200, 330, 13
96, 3826, 200, 283, 31
96, 3827, 200, 518, 54
96, 3828, 200, 462, 35
96, 3829, 200, 546, 43
96, 3830, 200, 386, 45
96, 3831, 200, 531, 49
96, 3832, 200, 490, 37
96, 3833, 200, 397, 24
96, 3834, 200, 626, 43
96, 3835, 200, 429, 52
96, 3836, 200, 534, 42
96, 3837, 200, 525, 45
96, 3838, 200, 479, 52
96, 3839, 200, 311, 20
97, 3840, 200, 473, 41
97, 3841, 200, 532, 33
97, 3842, 200, 327, 27
97, 3843, 200, 476, 27
97, 3844, 200, 346, 39
97, 3845, 200, 449, 42
97, 3846, 200, 558, 31
97, 3847, 200, 186, 36
97, 3848, 200, 294, 37
97, 3849, 200, 395, 23
97, 3850, 200, 338, 25
97, 3851, 200, 398, 48
97, 3852, 200, 516, 19
97, 3853, 200, 542, 57
97, 3854, 200, 414, 43
97, 3855, 200, 423, 29
97, 3856, 200, 378, 34
97, 3857, 200, 341, 12
97, 3858, 200, 429, 28
97, 3859, 200, 470, 27
97, 3860, 200, 469, 27
97, 3861, 200, 516, 22
97, 3862, 200, 350, 41
97, 3863, 200, 648, 70
97, 3864, 200, 316, 22
97, 3865, 200, 383, 38
97, 3866, 200, 448, 34
97, 3867, 200, 386, 29
97, 3868, 200, 733, 42
97, 3869, 200, 313, 38
97, 3870, 200, 705, 48
97, 3871, 200, 275, 32
97, 3872, 200, 494, 38
97, 3873, 200, 495, 33
97, 3874, 200, 348, 40
97, 3875, 200, 381, 35
97, 3876, 200, 372, 25
97, 3877, 200, 507, 50
97, 3878, 200, 430, 43
97, 3879, 200, 525, 46
98, 3880, 200, 627, 32
98, 3881, 200, 471, 23
98, 3882, 200, 363, 17
98, 3883, 200, 308, 31
98, 3884, 200, 374, 25
98, 3885, 200, 470, 43
98, 3886, 200, 413, 53
98, 3887, 200, 551, 29
98, 3888, 200, 749, 90
98, 3889, 200, 653, 66
98, 3890, 200, 389, 41
98, 3891, 200, 494, 33
98, 3892, 200, 328, 24
98, 3893, 200, 592, 42
98, 3894, 200, 278, 36
98, 3895, 200, 584, 50
98, 3896, 200, 600, 36
98, 3897, 200, 689, 54
98, 3898, 200, 439, 34
98, 3899, 200, 451, 37
98, 3900, 200, 416, 40
98, 3901, 200, 548, 52
98, 3902, 200, 498, 41
98, 3903, 200, 383, 31
98, 3904, 200, 345, 47
98, 3905, 200, 329, 20
98, 3906, 200, 226, 32
98, 3907, 200, 557, 52
98, 3908, 200, 445, 46
98, 3909, 200, 527, 37
98, 3910, 200, 391, 40
98, 3911, 200, 264, 27
98, 3912, 200, 199, 13
98, 3913, 200, 478, 67
98, 3914, 200, 437, 44
98, 3915, 200, 370, 41
98, 3916, 200, 350, 47
98, 3917, 200, 385, 31
98, 3918, 200, 568, 27
98, 3919, 200, 581, 68
99, 3920, 200, 367, 43
99, 3921, 200, 586, 53
99, 3922, 200, 392, 40
99, 3923, 200, 492, 41
99, 3924, 200, 600, 40
99, 3925, 200, 367, 38
99, 3926, 200, 324, 25
99, 3927, 200, 551, 50
99, 3928, 200, 565, 43
99, 3929, 200, 500, 33
99, 3930, 200, 489, 34
99, 3931, 200, 461, 36
99, 3932, 200, 518, 57
99, 3933, 200, 419, 27
99, 3934, 200, 533, 63
99, 3935, 200, 468, 53
99, 3936, 200, 515, 27
99, 3937, 200, 324, 21
99, 3938, 200, 406, 38
99, 3939, 200, 426, 41
99, 3940, 200, 298, 15
99, 3941, 200, 440, 40
99, 3942, 200, 540, 31
99, 3943, 200, 286, 28
99, 3944, 200, 383, 26
99, 3945, 200, 333, 22
99, 3946, 200, 403, 25
99, 3947, 200, 474, 42
99, 3948, 200, 434, 52
99, 3949, 200, 365, 39
99, 3950, 200, 566, 53
99, 3951, 200, 469, 37
99, 3952, 200, 464, 31
99, 3953, 200, 430, 36
99, 3954, 200, 491, 27
99, 3955, 200, 433, 29
99, 3956, 200, 496, 36
99, 3957, 200, 596, 47
99, 3958, 200, 549, 51
99, 3959, 200, 238, 17
100, 3960, 200, 274, 25
100, 3961, 200, 427, 27
100, 3962, 200, 419, 18
100, 3963, 200, 362, 27
100, 3964, 200, 443, 33
100, 3965, 200, 602, 36
100, 3966, 200, 450, 39
100, 3967, 200, 477, 38
100, 3968, 200, 467, 28
100, 3969, 200, 513, 55
100, 3970, 200, 300, 37
100, 3971, 200, 535, 60
100, 3972, 200, 438, 51
100, 3973, 200, 497, 40
100, 3974, 200, 542, 64
100, 3975, 200, 690, 43
100, 3976, 200, 547, 42
100, 3977, 200, 591, 79
100, 3978, 200, 457, 57
100, 3979, 200, 806, 72
100, 3980, 200, 685, 52
100, 3981, 200, 675, 59
100, 3982, 200, 710, 42
100, 3983, 200, 658, 41
100, 3984, 200, 544, 51
100, 3985, 200, 597, 39
100, 3986, 200, 569, 52
100, 3987, 200, 648, 68
100, 3988, 200, 293, 9
100, 3989, 200, 622, 48
100, 3990, 200, 299, 15
100, 3991, 200, 298, 30
100, 3992, 200, 477, 33
100, 3993, 200, 622, 49
100, 3994, 200, 669, 56
100, 3995, 200, 455, 57
100, 3996, 200, 394, 33
100, 3997, 200, 455, 21
100, 3998, 200, 384, 30
100, 3999, 200, 399, 38
