1, 0, 200, 1981, 123
1, 1, 200, 0, 0
1, 2, 200, 173, 2
1, 3, 200, 78, 4
1, 4, 200, 0, 0
1, 5, 200, 0, 0
1, 6, 200, 0, 0
1, 7, 200, 167, 12
1, 8, 200, 0, 3
1, 9, 200, 76, 2
1, 10, 200, 0, 0
1, 11, 200, 0, 0
1, 12, 200, 0, 0
1, 13, 200, 0, 0
1, 14, 200, 0, 0
1, 15, 200, 0, 0
1, 16, 200, 0, 0
1, 17, 200, 0, 0
1, 18, 200, 0, 0
1, 19, 200, 0, 0
1, 20, 200, 0, 0
1, 21, 200, 0, 0
1, 22, 200, 0, 0
1, 23, 200, 0, 0
1, 24, 200, 0, 0
1, 25, 200, 0, 0
1, 26, 200, 0, 0
1, 27, 200, 0, 0
1, 28, 200, 0, 0
1, 29, 200, 0, 0
1, 30, 200, 0, 0
1, 31, 200, 0, 0
1, 32, 200, 0, 0
1, 33, 200, 0, 0
1, 34, 200, 0, 0
1, 35, 200, 0, 0
1, 36, 200, 0, 0
1, 37, 200, 0, 0
1, 38, 200, 0, 0
1, 39, 200, 0, 0
2, 40, 200, 0, 0
2, 41, 200, 0, 0
2, 42, 200, 0, 0
2, 43, 200, 0, 0
2, 44, 200, 0, 0
2, 45, 200, 0, 0
2, 46, 200, 0, 0
2, 47, 200, 0, 0
2, 48, 200, 0, 0
2, 49, 200, 0, 0
2, 50, 200, 0, 0
2, 51, 200, 0, 0
2, 52, 200, 0, 0
2, 53, 200, 0, 0
2, 54, 200, 0, 0
2, 55, 200, 0, 0
2, 56, 200, 0, 0
2, 57, 200, 64, 1
2, 58, 200, 513, 33
2, 59, 200, 123, 17
2, 60, 200, 514, 19
2, 61, 200, 863, 12
2, 62, 200, 523, 13
2, 63, 200, 424, 33
2, 64, 200, 421, 26
2, 65, 200, 188, 62
2, 66, 200, 173, 8
2, 67, 200, 141, 4
2, 68, 200, 199, 0
2, 69, 200, 440, 38
2, 70, 200, 358, 17
2, 71, 200, 855, 41
2, 72, 200, 544, 48
2, 73, 200, 359, 39
2, 74, 200, 360, 10
2, 75, 200, 362, 10
2, 76, 200, 374, 3
2, 77, 200, 471, 32
2, 78, 200, 528, 21
2, 79, 200, 194, 13
3, 80, 200, 170, 6
3, 81, 200, 207, 8
3, 82, 200, 142, 2
3, 83, 200, 296, 20
3, 84, 200, 373, 15
3, 85, 200, 406, 71
3, 86, 200, 1043, 46
3, 87, 200, 699, 31
3, 88, 200, 845, 58
3, 89, 200, 1024, 56
3, 90, 200, 1101, 44
3, 91, 200, 1001, 76
3, 92, 200, 1543, 96
3, 93, 200, 1563, 72
3, 94, 200, 1428, 91
3, 95, 200, 770, 85
3, 96, 200, 1234, 180
3, 97, 200, 1653, 97
3, 98, 200, 1184, 81
3, 99, 200, 1336, 69
3, 100, 200, 1232, 91
3, 101, 200, 863, 43
3, 102, 200, 877, 86
3, 103, 200, 609, 82
3, 104, 200, 903, 63
3, 105, 200, 780, 47
3, 106, 200, 717, 61
3, 107, 200, 630, 68
3, 108, 200, 689, 45
3, 109, 200, 657, 42
3, 110, 200, 551, 32
3, 111, 200, 628, 61
3, 112, 200, 825, 68
3, 113, 200, 662, 52
3, 114, 200, 571, 41
3, 115, 200, 638, 36
3, 116, 200, 710, 62
3, 117, 200, 519, 19
3, 118, 200, 566, 24
3, 119, 200, 486, 84
4, 120, 200, 503, 36
4, 121, 200, 781, 46
4, 122, 200, 893, 57
4, 123, 200, 595, 42
4, 124, 200, 679, 54
4, 125, 200, 880, 62
4, 126, 200, 671, 34
4, 127, 200, 625, 25
4, 128, 200, 439, 42
4, 129, 200, 595, 32
4, 130, 200, 381, 25
4, 131, 200, 317, 29
4, 132, 200, 306, 25
4, 133, 200, 478, 54
4, 134, 200, 609, 36
4, 135, 200, 456, 29
4, 136, 200, 513, 67
4, 137, 200, 697, 39
4, 138, 200, 515, 36
4, 139, 200, 551, 22
4, 140, 200, 420, 20
4, 141, 200, 369, 18
4, 142, 200, 412, 20
4, 143, 200, 597, 43
4, 144, 200, 925, 24
4, 145, 200, 906, 68
4, 146, 200, 557, 35
4, 147, 200, 750, 24
4, 148, 200, 569, 36
4, 149, 200, 597, 28
4, 150, 200, 550, 24
4, 151, 200, 414, 19
4, 152, 200, 475, 23
4, 153, 200, 533, 20
4, 154, 200, 549, 40
4, 155, 200, 415, 12
4, 156, 200, 459, 19
4, 157, 200, 343, 15
4, 158, 200, 349, 14
4, 159, 200, 390, 34
5, 160, 200, 436, 23
5, 161, 200, 461, 40
5, 162, 200, 499, 28
5, 163, 200, 439, 32
5, 164, 200, 478, 18
5, 165, 200, 535, 42
5, 166, 200, 611, 30
5, 167, 200, 585, 43
5, 168, 200, 611, 34
5, 169, 200, 438, 23
5, 170, 200, 391, 24
5, 171, 200, 548, 7
5, 172, 200, 475, 31
5, 173, 200, 452, 28
5, 174, 200, 419, 37
5, 175, 200, 578, 28
5, 176, 200, 355, 20
5, 177, 200, 418, 23
5, 178, 200, 269, 20
5, 179, 200, 302, 17
5, 180, 200, 427, 10
5, 181, 200, 617, 18
5, 182, 200, 241, 19
5, 183, 200, 283, 15
5, 184, 200, 338, 30
5, 185, 200, 323, 23
5, 186, 200, 456, 10
5, 187, 200, 466, 24
5, 188, 200, 409, 21
5, 189, 200, 443, 21
5, 190, 200, 570, 29
5, 191, 200, 492, 28
5, 192, 200, 560, 32
5, 193, 200, 489, 26
5, 194, 200, 408, 19
5, 195, 200, 418, 29
5, 196, 200, 403, 23
5, 197, 200, 484, 20
5, 198, 200, 565, 20
5, 199, 200, 492, 17
6, 200, 200, 321, 19
6, 201, 200, 417, 12
6, 202, 200, 399, 26
6, 203, 200, 316, 18
6, 204, 200, 359, 14
6, 205, 200, 618, 26
6, 206, 200, 606, 18
6, 207, 200, 489, 21
6, 208, 200, 319, 29
6, 209, 200, 346, 28
6, 210, 200, 353, 27
6, 211, 200, 413, 23
6, 212, 200, 357, 21
6, 213, 200, 464, 14
6, 214, 200, 366, 17
6, 215, 200, 529, 21
6, 216, 200, 733, 27
6, 217, 200, 572, 19
6, 218, 200, 472, 14
6, 219, 200, 435, 12
6, 220, 200, 543, 25
6, 221, 200, 539, 16
6, 222, 200, 613, 20
6, 223, 200, 398, 17
6, 224, 200, 426, 34
6, 225, 200, 305, 28
6, 226, 200, 545, 31
6, 227, 200, 426, 20
6, 228, 200, 400, 26
6, 229, 200, 496, 41
6, 230, 200, 487, 28
6, 231, 200, 431, 18
6, 232, 200, 438, 13
6, 233, 200, 275, 29
6, 234, 200, 385, 30
6, 235, 200, 409, 20
6, 236, 200, 477, 20
6, 237, 200, 275, 17
6, 238, 200, 362, 10
6, 239, 200, 486, 44
7, 240, 200, 358, 11
7, 241, 200, 370, 12
7, 242, 200, 394, 17
7, 243, 200, 408, 8
7, 244, 200, 369, 14
7, 245, 200, 405, 12
7, 246, 200, 250, 21
7, 247, 200, 262, 27
7, 248, 200, 297, 21
7, 249, 200, 323, 8
7, 250, 200, 355, 22
7, 251, 200, 489, 31
7, 252, 200, 488, 22
7, 253, 200, 320, 22
7, 254, 200, 309, 21
7, 255, 200, 245, 10
7, 256, 200, 283, 15
7, 257, 200, 343, 43
7, 258, 200, 500, 32
7, 259, 200, 576, 32
7, 260, 200, 827, 28
7, 261, 200, 655, 23
7, 262, 200, 559, 20
7, 263, 200, 342, 11
7, 264, 200, 295, 20
7, 265, 200, 526, 28
7, 266, 200, 441, 22
7, 267, 200, 329, 11
7, 268, 200, 347, 18
7, 269, 200, 370, 11
7, 270, 200, 362, 24
7, 271, 200, 413, 26
7, 272, 200, 402, 37
7, 273, 200, 270, 14
7, 274, 200, 345, 21
7, 275, 200, 341, 25
7, 276, 200, 372, 19
7, 277, 200, 581, 21
7, 278, 200, 448, 16
7, 279, 200, 307, 11
8, 280, 200, 331, 23
8, 281, 200, 303, 23
8, 282, 200, 346, 24
8, 283, 200, 492, 5
8, 284, 200, 409, 26
8, 285, 200, 346, 32
8, 286, 200, 418, 26
8, 287, 200, 649, 23
8, 288, 200, 423, 10
8, 289, 200, 485, 9
8, 290, 200, 399, 22
8, 291, 200, 327, 28
8, 292, 200, 224, 18
8, 293, 200, 270, 26
8, 294, 200, 364, 17
8, 295, 200, 268, 29
8, 296, 200, 280, 13
8, 297, 200, 390, 28
8, 298, 200, 443, 22
8, 299, 200, 314, 24
8, 300, 200, 365, 16
8, 301, 200, 499, 23
8, 302, 200, 291, 18
8, 303, 200, 581, 18
8, 304, 200, 683, 20
8, 305, 200, 516, 19
8, 306, 200, 573, 12
8, 307, 200, 503, 26
8, 308, 200, 618, 30
8, 309, 200, 527, 18
8, 310, 200, 417, 25
8, 311, 200, 538, 20
8, 312, 200, 500, 23
8, 313, 200, 469, 15
8, 314, 200, 487, 10
8, 315, 200, 617, 15
8, 316, 200, 473, 19
8, 317, 200, 544, 38
8, 318, 200, 365, 5
8, 319, 200, 422, 18
9, 320, 200, 478, 23
9, 321, 200, 598, 17
9, 322, 200, 427, 13
9, 323, 200, 390, 18
9, 324, 200, 416, 14
9, 325, 200, 473, 19
9, 326, 200, 562, 21
9, 327, 200, 489, 24
9, 328, 200, 529, 18
9, 329, 200, 496, 17
9, 330, 200, 341, 20
9, 331, 200, 498, 19
9, 332, 200, 555, 26
9, 333, 200, 763, 31
9, 334, 200, 688, 20
9, 335, 200, 538, 28
9, 336, 200, 388, 23
9, 337, 200, 435, 27
9, 338, 200, 345, 30
9, 339, 200, 524, 38
9, 340, 200, 370, 29
9, 341, 200, 496, 26
9, 342, 200, 547, 29
9, 343, 200, 448, 33
9, 344, 200, 364, 26
9, 345, 200, 546, 21
9, 346, 200, 588, 19
9, 347, 200, 492, 31
9, 348, 200, 326, 22
9, 349, 200, 386, 20
9, 350, 200, 455, 19
9, 351, 200, 336, 19
9, 352, 200, 244, 6
9, 353, 200, 431, 17
9, 354, 200, 294, 6
9, 355, 200, 446, 29
9, 356, 200, 301, 3
9, 357, 200, 430, 31
9, 358, 200, 384, 20
9, 359, 200, 403, 17
10, 360, 200, 393, 20
10, 361, 200, 304, 14
10, 362, 200, 377, 22
10, 363, 200, 395, 26
10, 364, 200, 540, 33
10, 365, 200, 461, 29
10, 366, 200, 384, 14
10, 367, 200, 506, 16
10, 368, 200, 393, 16
10, 369, 200, 330, 13
10, 370, 200, 317, 21
10, 371, 200, 281, 12
10, 372, 200, 295, 19
10, 373, 200, 292, 15
10, 374, 200, 309, 7
10, 375, 200, 355, 16
10, 376, 200, 380, 23
10, 377, 200, 477, 10
10, 378, 200, 263, 18
10, 379, 200, 244, 15
10, 380, 200, 305, 11
10, 381, 200, 290, 12
10, 382, 200, 251, 16
10, 383, 200, 384, 41
10, 384, 200, 533, 20
10, 385, 200, 467, 25
10, 386, 200, 349, 9
10, 387, 200, 363, 16
10, 388, 200, 375, 29
10, 389, 200, 337, 22
10, 390, 200, 301, 21
10, 391, 200, 294, 20
10, 392, 200, 572, 22
10, 393, 200, 519, 46
10, 394, 200, 340, 18
10, 395, 200, 400, 27
10, 396, 200, 392, 15
10, 397, 200, 332, 26
10, 398, 200, 479, 18
10, 399, 200, 493, 24
11, 400, 200, 475, 18
11, 401, 200, 412, 21
11, 402, 200, 351, 17
11, 403, 200, 308, 24
11, 404, 200, 295, 18
11, 405, 200, 360, 18
11, 406, 200, 325, 10
11, 407, 200, 437, 22
11, 408, 200, 485, 25
11, 409, 200, 403, 21
11, 410, 200, 386, 20
11, 411, 200, 465, 20
11, 412, 200, 411, 23
11, 413, 200, 349, 9
11, 414, 200, 489, 18
11, 415, 200, 409, 25
11, 416, 200, 512, 15
11, 417, 200, 418, 16
11, 418, 200, 635, 16
11, 419, 200, 678, 24
11, 420, 200, 606, 28
11, 421, 200, 606, 23
11, 422, 200, 545, 23
11, 423, 200, 464, 8
11, 424, 200, 305, 9
11, 425, 200, 322, 17
11, 426, 200, 483, 10
11, 427, 200, 510, 22
11, 428, 200, 375, 11
11, 429, 200, 283, 5
11, 430, 200, 262, 6
11, 431, 200, 401, 11
11, 432, 200, 459, 12
11, 433, 200, 329, 0
11, 434, 200, 315, 10
11, 435, 200, 363, 14
11, 436, 200, 660, 30
11, 437, 200, 492, 24
11, 438, 200, 478, 18
11, 439, 200, 490, 23
12, 440, 200, 490, 26
12, 441, 200, 501, 19
12, 442, 200, 340, 14
12, 443, 200, 433, 23
12, 444, 200, 407, 14
12, 445, 200, 500, 17
12, 446, 200, 436, 14
12, 447, 200, 381, 10
12, 448, 200, 392, 27
12, 449, 200, 401, 11
12, 450, 200, 581, 17
12, 451, 200, 472, 12
12, 452, 200, 421, 21
12, 453, 200, 705, 32
12, 454, 200, 518, 25
12, 455, 200, 754, 9
12, 456, 200, 515, 22
12, 457, 200, 393, 14
12, 458, 200, 475, 15
12, 459, 200, 520, 13
12, 460, 200, 383, 7
12, 461, 200, 374, 19
12, 462, 200, 349, 18
12, 463, 200, 327, 17
12, 464, 200, 393, 24
12, 465, 200, 403, 30
12, 466, 200, 433, 24
12, 467, 200, 293, 15
12, 468, 200, 430, 19
12, 469, 200, 305, 17
12, 470, 200, 323, 16
12, 471, 200, 389, 11
12, 472, 200, 303, 9
12, 473, 200, 399, 14
12, 474, 200, 386, 8
12, 475, 200, 399, 26
12, 476, 200, 404, 39
12, 477, 200, 304, 13
12, 478, 200, 473, 14
12, 479, 200, 401, 17
13, 480, 200, 386, 12
13, 481, 200, 581, 24
13, 482, 200, 427, 21
13, 483, 200, 447, 19
13, 484, 200, 485, 26
13, 485, 200, 457, 20
13, 486, 200, 468, 13
13, 487, 200, 434, 17
13, 488, 200, 332, 19
13, 489, 200, 264, 13
13, 490, 200, 369, 42
13, 491, 200, 295, 33
13, 492, 200, 417, 23
13, 493, 200, 385, 35
13, 494, 200, 502, 23
13, 495, 200, 413, 15
13, 496, 200, 318, 22
13, 497, 200, 211, 11
13, 498, 200, 200, 15
13, 499, 200, 194, 5
13, 500, 200, 330, 7
13, 501, 200, 358, 7
13, 502, 200, 269, 11
13, 503, 200, 317, 14
13, 504, 200, 277, 10
13, 505, 200, 286, 16
13, 506, 200, 238, 8
13, 507, 200, 213, 12
13, 508, 200, 292, 15
13, 509, 200, 199, 11
13, 510, 200, 424, 23
13, 511, 200, 321, 11
13, 512, 200, 207, 14
13, 513, 200, 201, 12
13, 514, 200, 341, 14
13, 515, 200, 313, 7
13, 516, 200, 494, 45
13, 517, 200, 428, 22
13, 518, 200, 483, 14
13, 519, 200, 510, 33
14, 520, 200, 482, 35
14, 521, 200, 502, 24
14, 522, 200, 501, 20
14, 523, 200, 572, 35
14, 524, 200, 578, 19
14, 525, 200, 456, 30
14, 526, 200, 488, 22
14, 527, 200, 776, 23
14, 528, 200, 537, 26
14, 529, 200, 337, 23
14, 530, 200, 445, 8
14, 531, 200, 424, 18
14, 532, 200, 461, 23
14, 533, 200, 380, 17
14, 534, 200, 447, 28
14, 535, 200, 356, 10
14, 536, 200, 533, 17
14, 537, 200, 488, 25
14, 538, 200, 658, 35
14, 539, 200, 578, 18
14, 540, 200, 511, 21
14, 541, 200, 371, 30
14, 542, 200, 442, 17
14, 543, 200, 464, 14
14, 544, 200, 304, 15
14, 545, 200, 309, 21
14, 546, 200, 239, 17
14, 547, 200, 174, 17
14, 548, 200, 317, 20
14, 549, 200, 312, 11
14, 550, 200, 349, 12
14, 551, 200, 296, 8
14, 552, 200, 528, 34
14, 553, 200, 379, 27
14, 554, 200, 308, 10
14, 555, 200, 347, 27
14, 556, 200, 434, 20
14, 557, 200, 323, 13
14, 558, 200, 292, 13
14, 559, 200, 408, 36
15, 560, 200, 237, 10
15, 561, 200, 379, 14
15, 562, 200, 323, 15
15, 563, 200, 500, 14
15, 564, 200, 315, 12
15, 565, 200, 330, 14
15, 566, 200, 397, 21
15, 567, 200, 289, 9
15, 568, 200, 259, 11
15, 569, 200, 300, 17
15, 570, 200, 310, 20
15, 571, 200, 330, 16
15, 572, 200, 229, 21
15, 573, 200, 204, 10
15, 574, 200, 275, 16
15, 575, 200, 251, 15
15, 576, 200, 297, 30
15, 577, 200, 320, 11
15, 578, 200, 323, 17
15, 579, 200, 473, 26
15, 580, 200, 399, 24
15, 581, 200, 242, 13
15, 582, 200, 335, 11
15, 583, 200, 244, 26
15, 584, 200, 267, 3
15, 585, 200, 195, 12
15, 586, 200, 229, 5
15, 587, 200, 145, 11
15, 588, 200, 207, 12
15, 589, 200, 155, 10
15, 590, 200, 181, 11
15, 591, 200, 292, 12
15, 592, 200, 308, 14
15, 593, 200, 352, 16
15, 594, 200, 282, 6
15, 595, 200, 329, 12
15, 596, 200, 296, 11
15, 597, 200, 246, 6
15, 598, 200, 287, 8
15, 599, 200, 204, 6
16, 600, 200, 201, 9
16, 601, 200, 374, 25
16, 602, 200, 465, 13
16, 603, 200, 674, 19
16, 604, 200, 334, 6
16, 605, 200, 288, 10
16, 606, 200, 226, 11
16, 607, 200, 335, 17
16, 608, 200, 318, 23
16, 609, 200, 268, 17
16, 610, 200, 416, 19
16, 611, 200, 289, 16
16, 612, 200, 366, 17
16, 613, 200, 312, 14
16, 614, 200, 241, 14
16, 615, 200, 241, 8
16, 616, 200, 309, 14
16, 617, 200, 296, 19
16, 618, 200, 290, 13
16, 619, 200, 241, 16
16, 620, 200, 403, 19
16, 621, 200, 366, 18
16, 622, 200, 317, 2
16, 623, 200, 336, 18
16, 624, 200, 326, 12
16, 625, 200, 381, 7
16, 626, 200, 455, 15
16, 627, 200, 473, 12
16, 628, 200, 509, 21
16, 629, 200, 381, 18
16, 630, 200, 376, 9
16, 631, 200, 487, 20
16, 632, 200, 557, 11
16, 633, 200, 509, 23
16, 634, 200, 491, 18
16, 635, 200, 476, 14
16, 636, 200, 406, 32
16, 637, 200, 551, 28
16, 638, 200, 305, 27
16, 639, 200, 424, 9
17, 640, 200, 362, 16
17, 641, 200, 498, 19
17, 642, 200, 543, 18
17, 643, 200, 616, 15
17, 644, 200, 490, 20
17, 645, 200, 366, 20
17, 646, 200, 477, 18
17, 647, 200, 463, 21
17, 648, 200, 383, 13
17, 649, 200, 303, 17
17, 650, 200, 240, 23
17, 651, 200, 338, 23
17, 652, 200, 390, 25
17, 653, 200, 356, 9
17, 654, 200, 426, 10
17, 655, 200, 420, 18
17, 656, 200, 470, 13
17, 657, 200, 321, 12
17, 658, 200, 290, 3
17, 659, 200, 422, 19
17, 660, 200, 388, 14
17, 661, 200, 358, 22
17, 662, 200, 408, 22
17, 663, 200, 407, 15
17, 664, 200, 320, 15
17, 665, 200, 341, 20
17, 666, 200, 344, 27
17, 667, 200, 354, 15
17, 668, 200, 344, 15
17, 669, 200, 462, 19
17, 670, 200, 299, 9
17, 671, 200, 244, 32
17, 672, 200, 445, 17
17, 673, 200, 368, 12
17, 674, 200, 380, 14
17, 675, 200, 319, 30
17, 676, 200, 440, 23
17, 677, 200, 379, 43
17, 678, 200, 493, 16
17, 679, 200, 363, 23
18, 680, 200, 267, 15
18, 681, 200, 226, 23
18, 682, 200, 345, 10
18, 683, 200, 469, 37
18, 684, 200, 358, 30
18, 685, 200, 344, 34
18, 686, 200, 369, 42
18, 687, 200, 408, 12
18, 688, 200, 379, 12
18, 689, 200, 367, 17
18, 690, 200, 349, 11
18, 691, 200, 350, 21
18, 692, 200, 398, 14
18, 693, 200, 367, 18
18, 694, 200, 249, 8
18, 695, 200, 274, 16
18, 696, 200, 427, 22
18, 697, 200, 371, 38
18, 698, 200, 517, 31
18, 699, 200, 566, 18
18, 700, 200, 314, 15
18, 701, 200, 264, 15
18, 702, 200, 262, 21
18, 703, 200, 277, 23
18, 704, 200, 439, 14
18, 705, 200, 444, 16
18, 706, 200, 346, 27
18, 707, 200, 253, 6
18, 708, 200, 299, 2
18, 709, 200, 406, 9
18, 710, 200, 335, 13
18, 711, 200, 311, 13
18, 712, 200, 350, 25
18, 713, 200, 453, 27
18, 714, 200, 468, 14
18, 715, 200, 380, 12
18, 716, 200, 490, 20
18, 717, 200, 639, 38
18, 718, 200, 412, 15
18, 719, 200, 292, 19
19, 720, 200, 369, 18
19, 721, 200, 346, 17
19, 722, 200, 495, 22
19, 723, 200, 388, 25
19, 724, 200, 313, 15
19, 725, 200, 411, 16
19, 726, 200, 326, 28
19, 727, 200, 272, 15
19, 728, 200, 262, 15
19, 729, 200, 254, 9
19, 730, 200, 304, 10
19, 731, 200, 290, 11
19, 732, 200, 273, 24
19, 733, 200, 403, 28
19, 734, 200, 246, 14
19, 735, 200, 346, 14
19, 736, 200, 368, 17
19, 737, 200, 383, 23
19, 738, 200, 397, 12
19, 739, 200, 344, 12
19, 740, 200, 504, 27
19, 741, 200, 465, 16
19, 742, 200, 359, 25
19, 743, 200, 472, 18
19, 744, 200, 475, 26
19, 745, 200, 516, 29
19, 746, 200, 370, 16
19, 747, 200, 433, 11
19, 748, 200, 299, 31
19, 749, 200, 344, 19
19, 750, 200, 331, 12
19, 751, 200, 377, 11
19, 752, 200, 331, 8
19, 753, 200, 344, 14
19, 754, 200, 326, 12
19, 755, 200, 330, 11
19, 756, 200, 334, 6
19, 757, 200, 328, 11
19, 758, 200, 591, 15
19, 759, 200, 403, 14
20, 760, 200, 305, 17
20, 761, 200, 419, 27
20, 762, 200, 368, 18
20, 763, 200, 316, 28
20, 764, 200, 336, 7
20, 765, 200, 341, 9
20, 766, 200, 415, 16
20, 767, 200, 390, 15
20, 768, 200, 410, 21
20, 769, 200, 445, 11
20, 770, 200, 413, 16
20, 771, 200, 475, 20
20, 772, 200, 480, 34
20, 773, 200, 327, 20
20, 774, 200, 469, 23
20, 775, 200, 361, 25
20, 776, 200, 341, 20
20, 777, 200, 429, 14
20, 778, 200, 432, 21
20, 779, 200, 311, 20
20, 780, 200, 368, 18
20, 781, 200, 454, 14
20, 782, 200, 495, 25
20, 783, 200, 603, 14
20, 784, 200, 380, 17
20, 785, 200, 441, 16
20, 786, 200, 355, 19
20, 787, 200, 654, 33
20, 788, 200, 447, 12
20, 789, 200, 350, 8
20, 790, 200, 311, 28
20, 791, 200, 409, 25
20, 792, 200, 376, 16
20, 793, 200, 317, 18
20, 794, 200, 298, 17
20, 795, 200, 275, 14
20, 796, 200, 220, 9
20, 797, 200, 280, 22
20, 798, 200, 214, 14
20, 799, 200, 291, 18
21, 800, 200, 317, 13
21, 801, 200, 258, 12
21, 802, 200, 411, 9
21, 803, 200, 436, 16
21, 804, 200, 335, 32
21, 805, 200, 529, 22
21, 806, 200, 600, 37
21, 807, 200, 483, 18
21, 808, 200, 456, 17
21, 809, 200, 554, 23
21, 810, 200, 581, 23
21, 811, 200, 586, 30
21, 812, 200, 567, 24
21, 813, 200, 378, 16
21, 814, 200, 537, 17
21, 815, 200, 294, 14
21, 816, 200, 353, 6
21, 817, 200, 460, 20
21, 818, 200, 494, 25
21, 819, 200, 507, 13
21, 820, 200, 578, 17
21, 821, 200, 653, 7
21, 822, 200, 401, 16
21, 823, 200, 446, 12
21, 824, 200, 392, 24
21, 825, 200, 239, 14
21, 826, 200, 309, 5
21, 827, 200, 407, 19
21, 828, 200, 306, 11
21, 829, 200, 360, 17
21, 830, 200, 282, 14
21, 831, 200, 172, 15
21, 832, 200, 272, 9
21, 833, 200, 196, 15
21, 834, 200, 278, 20
21, 835, 200, 503, 18
21, 836, 200, 273, 20
21, 837, 200, 320, 26
21, 838, 200, 347, 18
21, 839, 200, 458, 15
22, 840, 200, 267, 14
22, 841, 200, 276, 36
22, 842, 200, 325, 26
22, 843, 200, 318, 9
22, 844, 200, 425, 17
22, 845, 200, 293, 15
22, 846, 200, 531, 41
22, 847, 200, 391, 21
22, 848, 200, 483, 16
22, 849, 200, 446, 30
22, 850, 200, 304, 17
22, 851, 200, 575, 32
22, 852, 200, 459, 35
22, 853, 200, 551, 25
22, 854, 200, 495, 34
22, 855, 200, 464, 16
22, 856, 200, 658, 11
22, 857, 200, 412, 17
22, 858, 200, 547, 14
22, 859, 200, 584, 17
22, 860, 200, 662, 13
22, 861, 200, 494, 11
22, 862, 200, 337, 17
22, 863, 200, 390, 14
22, 864, 200, 439, 57
22, 865, 200, 392, 11
22, 866, 200, 446, 29
22, 867, 200, 489, 14
22, 868, 200, 324, 14
22, 869, 200, 372, 10
22, 870, 200, 342, 10
22, 871, 200, 279, 23
22, 872, 200, 250, 15
22, 873, 200, 337, 18
22, 874, 200, 232, 11
22, 875, 200, 232, 11
22, 876, 200, 169, 14
22, 877, 200, 275, 18
22, 878, 200, 196, 9
22, 879, 200, 286, 14
23, 880, 200, 294, 8
23, 881, 200, 350, 12
23, 882, 200, 356, 18
23, 883, 200, 206, 10
23, 884, 200, 237, 12
23, 885, 200, 312, 14
23, 886, 200, 286, 14
23, 887, 200, 319, 14
23, 888, 200, 276, 9
23, 889, 200, 314, 16
23, 890, 200, 355, 30
23, 891, 200, 466, 15
23, 892, 200, 298, 22
23, 893, 200, 330, 11
23, 894, 200, 310, 10
23, 895, 200, 364, 10
23, 896, 200, 433, 16
23, 897, 200, 309, 8
23, 898, 200, 269, 11
23, 899, 200, 200, 11
23, 900, 200, 209, 10
23, 901, 200, 229, 14
23, 902, 200, 147, 8
23, 903, 200, 289, 23
23, 904, 200, 397, 19
23, 905, 200, 370, 16
23, 906, 200, 239, 24
23, 907, 200, 252, 9
23, 908, 200, 220, 5
23, 909, 200, 158, 9
23, 910, 200, 259, 28
23, 911, 200, 370, 18
23, 912, 200, 400, 18
23, 913, 200, 407, 10
23, 914, 200, 401, 17
23, 915, 200, 363, 8
23, 916, 200, 277, 14
23, 917, 200, 398, 17
23, 918, 200, 325, 18
23, 919, 200, 405, 19
24, 920, 200, 331, 20
24, 921, 200, 287, 11
24, 922, 200, 384, 13
24, 923, 200, 397, 9
24, 924, 200, 510, 10
24, 925, 200, 292, 11
24, 926, 200, 372, 32
24, 927, 200, 368, 31
24, 928, 200, 480, 14
24, 929, 200, 528, 14
24, 930, 200, 385, 32
24, 931, 200, 363, 30
24, 932, 200, 397, 20
24, 933, 200, 368, 14
24, 934, 200, 304, 14
24, 935, 200, 296, 12
24, 936, 200, 187, 7
24, 937, 200, 355, 33
24, 938, 200, 465, 29
24, 939, 200, 374, 20
24, 940, 200, 513, 17
24, 941, 200, 479, 28
24, 942, 200, 455, 18
24, 943, 200, 536, 27
24, 944, 200, 564, 6
24, 945, 200, 437, 15
24, 946, 200, 412, 30
24, 947, 200, 375, 25
24, 948, 200, 322, 16
24, 949, 200, 310, 11
24, 950, 200, 391, 41
24, 951, 200, 193, 19
24, 952, 200, 285, 17
24, 953, 200, 279, 34
24, 954, 200, 352, 27
24, 955, 200, 342, 26
24, 956, 200, 393, 17
24, 957, 200, 365, 18
24, 958, 200, 407, 23
24, 959, 200, 358, 25
25, 960, 200, 408, 23
25, 961, 200, 383, 21
25, 962, 200, 315, 14
25, 963, 200, 267, 15
25, 964, 200, 371, 21
25, 965, 200, 373, 13
25, 966, 200, 300, 15
25, 967, 200, 352, 18
25, 968, 200, 258, 10
25, 969, 200, 260, 22
25, 970, 200, 308, 29
25, 971, 200, 271, 30
25, 972, 200, 156, 15
25, 973, 200, 185, 13
25, 974, 200, 243, 19
25, 975, 200, 322, 14
25, 976, 200, 337, 32
25, 977, 200, 252, 31
25, 978, 200, 271, 25
25, 979, 200, 248, 18
25, 980, 200, 197, 11
25, 981, 200, 234, 12
25, 982, 200, 228, 17
25, 983, 200, 304, 9
25, 984, 200, 258, 25
25, 985, 200, 317, 31
25, 986, 200, 267, 11
25, 987, 200, 277, 10
25, 988, 200, 274, 14
25, 989, 200, 270, 19
25, 990, 200, 320, 11
25, 991, 200, 321, 23
25, 992, 200, 299, 14
25, 993, 200, 298, 5
25, 994, 200, 212, 17
25, 995, 200, 336, 19
25, 996, 200, 359, 30
25, 997, 200, 384, 27
25, 998, 200, 309, 35
25, 999, 200, 239, 9
26, 1000, 200, 271, 17
26, 1001, 200, 311, 12
26, 1002, 200, 403, 14
26, 1003, 200, 332, 9
26, 1004, 200, 392, 28
26, 1005, 200, 573, 23
26, 1006, 200, 727, 40
26, 1007, 200, 454, 12
26, 1008, 200, 635, 28
26, 1009, 200, 380, 21
26, 1010, 200, 407, 15
26, 1011, 200, 324, 9
26, 1012, 200, 399, 18
26, 1013, 200, 427, 41
26, 1014, 200, 375, 33
26, 1015, 200, 707, 25
26, 1016, 200, 504, 12
26, 1017, 200, 378, 22
26, 1018, 200, 412, 14
26, 1019, 200, 411, 6
26, 1020, 200, 371, 16
26, 1021, 200, 308, 20
26, 1022, 200, 305, 12
26, 1023, 200, 718, 36
26, 1024, 200, 618, 11
26, 1025, 200, 661, 33
26, 1026, 200, 659, 32
26, 1027, 200, 776, 25
26, 1028, 200, 603, 19
26, 1029, 200, 507, 31
26, 1030, 200, 443, 12
26, 1031, 200, 556, 25
26, 1032, 200, 533, 17
26, 1033, 200, 405, 17
26, 1034, 200, 367, 11
26, 1035, 200, 366, 12
26, 1036, 200, 401, 29
26, 1037, 200, 340, 25
26, 1038, 200, 492, 12
26, 1039, 200, 345, 9
27, 1040, 200, 436, 35
27, 1041, 200, 431, 9
27, 1042, 200, 498, 24
27, 1043, 200, 369, 29
27, 1044, 200, 376, 15
27, 1045, 200, 709, 33
27, 1046, 200, 611, 12
27, 1047, 200, 464, 34
27, 1048, 200, 403, 15
27, 1049, 200, 499, 31
27, 1050, 200, 516, 27
27, 1051, 200, 643, 16
27, 1052, 200, 562, 30
27, 1053, 200, 594, 40
27, 1054, 200, 507, 22
27, 1055, 200, 337, 14
27, 1056, 200, 275, 10
27, 1057, 200, 254, 9
27, 1058, 200, 346, 21
27, 1059, 200, 410, 19
27, 1060, 200, 421, 27
27, 1061, 200, 362, 18
27, 1062, 200, 407, 29
27, 1063, 200, 198, 12
27, 1064, 200, 310, 20
27, 1065, 200, 208, 14
27, 1066, 200, 292, 33
27, 1067, 200, 314, 35
27, 1068, 200, 360, 18
27, 1069, 200, 298, 23
27, 1070, 200, 205, 10
27, 1071, 200, 240, 12
27, 1072, 200, 284, 26
27, 1073, 200, 225, 28
27, 1074, 200, 240, 18
27, 1075, 200, 268, 28
27, 1076, 200, 436, 20
27, 1077, 200, 317, 14
27, 1078, 200, 360, 13
27, 1079, 200, 448, 13
28, 1080, 200, 505, 20
28, 1081, 200, 379, 20
28, 1082, 200, 449, 20
28, 1083, 200, 465, 21
28, 1084, 200, 410, 15
28, 1085, 200, 472, 24
28, 1086, 200, 344, 20
28, 1087, 200, 284, 8
28, 1088, 200, 338, 13
28, 1089, 200, 243, 6
28, 1090, 200, 270, 16
28, 1091, 200, 311, 12
28, 1092, 200, 211, 7
28, 1093, 200, 343, 9
28, 1094, 200, 267, 12
28, 1095, 200, 186, 14
28, 1096, 200, 304, 16
28, 1097, 200, 447, 33
28, 1098, 200, 449, 24
28, 1099, 200, 363, 29
28, 1100, 200, 416, 13
28, 1101, 200, 429, 9
28, 1102, 200, 417, 23
28, 1103, 200, 703, 27
28, 1104, 200, 423, 20
28, 1105, 200, 358, 20
28, 1106, 200, 562, 37
28, 1107, 200, 615, 40
28, 1108, 200, 419, 22
28, 1109, 200, 367, 20
28, 1110, 200, 477, 25
28, 1111, 200, 355, 24
28, 1112, 200, 289, 32
28, 1113, 200, 328, 24
28, 1114, 200, 368, 24
28, 1115, 200, 281, 20
28, 1116, 200, 294, 18
28, 1117, 200, 268, 12
28, 1118, 200, 181, 16
28, 1119, 200, 276, 18
29, 1120, 200, 350, 18
29, 1121, 200, 403, 28
29, 1122, 200, 436, 44
29, 1123, 200, 524, 44
29, 1124, 200, 517, 19
29, 1125, 200, 331, 13
29, 1126, 200, 385, 20
29, 1127, 200, 333, 27
29, 1128, 200, 332, 14
29, 1129, 200, 449, 25
29, 1130, 200, 312, 22
29, 1131, 200, 399, 13
29, 1132, 200, 334, 19
29, 1133, 200, 337, 29
29, 1134, 200, 449, 35
29, 1135, 200, 605, 32
29, 1136, 200, 531, 28
29, 1137, 200, 467, 18
29, 1138, 200, 446, 19
29, 1139, 200, 342, 14
29, 1140, 200, 358, 46
29, 1141, 200, 309, 26
29, 1142, 200, 351, 27
29, 1143, 200, 321, 26
29, 1144, 200, 553, 21
29, 1145, 200, 426, 30
29, 1146, 200, 487, 32
29, 1147, 200, 402, 12
29, 1148, 200, 457, 19
29, 1149, 200, 458, 26
29, 1150, 200, 512, 21
29, 1151, 200, 472, 20
29, 1152, 200, 360, 18
29, 1153, 200, 346, 9
29, 1154, 200, 381, 26
29, 1155, 200, 351, 16
29, 1156, 200, 441, 17
29, 1157, 200, 251, 7
29, 1158, 200, 326, 16
29, 1159, 200, 275, 12
30, 1160, 200, 397, 27
30, 1161, 200, 321, 15
30, 1162, 200, 321, 31
30, 1163, 200, 250, 22
30, 1164, 200, 295, 25
30, 1165, 200, 304, 20
30, 1166, 200, 363, 29
30, 1167, 200, 351, 22
30, 1168, 200, 381, 24
30, 1169, 200, 272, 21
30, 1170, 200, 371, 26
30, 1171, 200, 338, 15
30, 1172, 200, 315, 8
30, 1173, 200, 256, 9
30, 1174, 200, 297, 14
30, 1175, 200, 323, 28
30, 1176, 200, 214, 14
30, 1177, 200, 336, 27
30, 1178, 200, 380, 31
30, 1179, 200, 330, 32
30, 1180, 200, 249, 2
30, 1181, 200, 327, 19
30, 1182, 200, 529, 25
30, 1183, 200, 369, 15
30, 1184, 200, 316, 8
30, 1185, 200, 335, 10
30, 1186, 200, 287, 25
30, 1187, 200, 381, 25
30, 1188, 200, 275, 31
30, 1189, 200, 354, 14
30, 1190, 200, 275, 25
30, 1191, 200, 263, 24
30, 1192, 200, 329, 32
30, 1193, 200, 336, 17
30, 1194, 200, 558, 10
30, 1195, 200, 450, 8
30, 1196, 200, 389, 23
30, 1197, 200, 518, 31
30, 1198, 200, 549, 29
30, 1199, 200, 601, 18
31, 1200, 200, 600, 12
31, 1201, 200, 374, 11
31, 1202, 200, 513, 30
31, 1203, 200, 497, 19
31, 1204, 200, 419, 21
31, 1205, 200, 358, 11
31, 1206, 200, 441, 22
31, 1207, 200, 317, 30
31, 1208, 200, 246, 9
31, 1209, 200, 220, 11
31, 1210, 200, 227, 24
31, 1211, 200, 178, 17
31, 1212, 200, 213, 19
31, 1213, 200, 242, 6
31, 1214, 200, 197, 13
31, 1215, 200, 240, 16
31, 1216, 200, 386, 26
31, 1217, 200, 503, 33
31, 1218, 200, 357, 18
31, 1219, 200, 383, 9
31, 1220, 200, 331, 11
31, 1221, 200, 293, 22
31, 1222, 200, 333, 23
31, 1223, 200, 490, 33
31, 1224, 200, 462, 39
31, 1225, 200, 382, 27
31, 1226, 200, 287, 16
31, 1227, 200, 348, 22
31, 1228, 200, 425, 12
31, 1229, 200, 402, 13
31, 1230, 200, 348, 17
31, 1231, 200, 367, 17
31, 1232, 200, 315, 12
31, 1233, 200, 354, 12
31, 1234, 200, 265, 22
31, 1235, 200, 287, 13
31, 1236, 200, 263, 21
31, 1237, 200, 247, 14
31, 1238, 200, 264, 18
31, 1239, 200, 276, 31
32, 1240, 200, 398, 31
32, 1241, 200, 435, 31
32, 1242, 200, 522, 31
32, 1243, 200, 635, 37
32, 1244, 200, 491, 23
32, 1245, 200, 537, 20
32, 1246, 200, 387, 15
32, 1247, 200, 454, 29
32, 1248, 200, 439, 27
32, 1249, 200, 287, 15
32, 1250, 200, 238, 18
32, 1251, 200, 386, 26
32, 1252, 200, 344, 24
32, 1253, 200, 410, 30
32, 1254, 200, 240, 34
32, 1255, 200, 279, 41
32, 1256, 200, 296, 21
32, 1257, 200, 357, 18
32, 1258, 200, 316, 19
32, 1259, 200, 301, 6
32, 1260, 200, 415, 26
32, 1261, 200, 360, 18
32, 1262, 200, 338, 27
32, 1263, 200, 306, 29
32, 1264, 200, 374, 27
32, 1265, 200, 418, 36
32, 1266, 200, 391, 25
32, 1267, 200, 228, 13
32, 1268, 200, 323, 23
32, 1269, 200, 325, 13
32, 1270, 200, 415, 27
32, 1271, 200, 386, 28
32, 1272, 200, 551, 23
32, 1273, 200, 484, 33
32, 1274, 200, 460, 32
32, 1275, 200, 348, 15
32, 1276, 200, 325, 18
32, 1277, 200, 322, 24
32, 1278, 200, 252, 22
32, 1279, 200, 504, 32
33, 1280, 200, 528, 41
33, 1281, 200, 488, 30
33, 1282, 200, 496, 21
33, 1283, 200, 414, 23
33, 1284, 200, 409, 30
33, 1285, 200, 505, 18
33, 1286, 200, 367, 14
33, 1287, 200, 553, 23
33, 1288, 200, 385, 32
33, 1289, 200, 472, 38
33, 1290, 200, 535, 40
33, 1291, 200, 500, 32
33, 1292, 200, 352, 38
33, 1293, 200, 437, 29
33, 1294, 200, 487, 17
33, 1295, 200, 480, 13
33, 1296, 200, 521, 31
33, 1297, 200, 439, 4
33, 1298, 200, 515, 21
33, 1299, 200, 329, 8
33, 1300, 200, 246, 10
33, 1301, 200, 282, 21
33, 1302, 200, 297, 13
33, 1303, 200, 416, 23
33, 1304, 200, 441, 25
33, 1305, 200, 417, 21
33, 1306, 200, 362, 9
33, 1307, 200, 526, 12
33, 1308, 200, 421, 20
33, 1309, 200, 590, 14
33, 1310, 200, 436, 27
33, 1311, 200, 295, 35
33, 1312, 200, 433, 20
33, 1313, 200, 505, 23
33, 1314, 200, 420, 12
33, 1315, 200, 420, 17
33, 1316, 200, 443, 33
33, 1317, 200, 400, 34
33, 1318, 200, 390, 17
33, 1319, 200, 312, 6
34, 1320, 200, 343, 15
34, 1321, 200, 290, 21
34, 1322, 200, 298, 12
34, 1323, 200, 381, 12
34, 1324, 200, 435, 19
34, 1325, 200, 372, 22
34, 1326, 200, 296, 22
34, 1327, 200, 292, 13
34, 1328, 200, 268, 11
34, 1329, 200, 331, 17
34, 1330, 200, 206, 9
34, 1331, 200, 191, 7
34, 1332, 200, 319, 4
34, 1333, 200, 293, 16
34, 1334, 200, 388, 14
34, 1335, 200, 439, 14
34, 1336, 200, 427, 32
34, 1337, 200, 672, 25
34, 1338, 200, 650, 31
34, 1339, 200, 546, 25
34, 1340, 200, 501, 35
34, 1341, 200, 437, 24
34, 1342, 200, 427, 14
34, 1343, 200, 493, 21
34, 1344, 200, 494, 27
34, 1345, 200, 403, 11
34, 1346, 200, 486, 33
34, 1347, 200, 470, 20
34, 1348, 200, 278, 11
34, 1349, 200, 444, 11
34, 1350, 200, 406, 11
34, 1351, 200, 437, 16
34, 1352, 200, 577, 31
34, 1353, 200, 495, 18
34, 1354, 200, 348, 20
34, 1355, 200, 357, 11
34, 1356, 200, 452, 17
34, 1357, 200, 581, 32
34, 1358, 200, 378, 30
34, 1359, 200, 443, 41
35, 1360, 200, 408, 22
35, 1361, 200, 312, 34
35, 1362, 200, 592, 26
35, 1363, 200, 404, 22
35, 1364, 200, 454, 24
35, 1365, 200, 463, 27
35, 1366, 200, 384, 20
35, 1367, 200, 401, 27
35, 1368, 200, 363, 17
35, 1369, 200, 314, 8
35, 1370, 200, 321, 17
35, 1371, 200, 227, 25
35, 1372, 200, 375, 11
35, 1373, 200, 334, 12
35, 1374, 200, 238, 15
35, 1375, 200, 329, 28
35, 1376, 200, 477, 27
35, 1377, 200, 436, 26
35, 1378, 200, 348, 11
35, 1379, 200, 363, 14
35, 1380, 200, 355, 7
35, 1381, 200, 365, 14
35, 1382, 200, 438, 15
35, 1383, 200, 312, 10
35, 1384, 200, 266, 21
35, 1385, 200, 319, 18
35, 1386, 200, 285, 11
35, 1387, 200, 231, 13
35, 1388, 200, 337, 24
35, 1389, 200, 356, 21
35, 1390, 200, 387, 22
35, 1391, 200, 363, 19
35, 1392, 200, 362, 21
35, 1393, 200, 332, 22
35, 1394, 200, 493, 25
35, 1395, 200, 457, 23
35, 1396, 200, 387, 18
35, 1397, 200, 547, 17
35, 1398, 200, 383, 24
35, 1399, 200, 550, 17
36, 1400, 200, 504, 27
36, 1401, 200, 584, 23
36, 1402, 200, 612, 18
36, 1403, 200, 528, 7
36, 1404, 200, 452, 13
36, 1405, 200, 300, 8
36, 1406, 200, 278, 17
36, 1407, 200, 317, 11
36, 1408, 200, 349, 2
36, 1409, 200, 366, 7
36, 1410, 200, 353, 4
36, 1411, 200, 472, 31
36, 1412, 200, 457, 21
36, 1413, 200, 325, 19
36, 1414, 200, 322, 16
36, 1415, 200, 471, 11
36, 1416, 200, 453, 29
36, 1417, 200, 586, 22
36, 1418, 200, 462, 14
36, 1419, 200, 341, 39
36, 1420, 200, 442, 26
36, 1421, 200, 368, 16
36, 1422, 200, 423, 18
36, 1423, 200, 425, 5
36, 1424, 200, 371, 23
36, 1425, 200, 653, 31
36, 1426, 200, 485, 40
36, 1427, 200, 519, 34
36, 1428, 200, 595, 33
36, 1429, 200, 526, 15
36, 1430, 200, 388, 30
36, 1431, 200, 328, 18
36, 1432, 200, 521, 27
36, 1433, 200, 304, 27
36, 1434, 200, 253, 26
36, 1435, 200, 302, 10
36, 1436, 200, 340, 30
36, 1437, 200, 322, 26
36, 1438, 200, 290, 13
36, 1439, 200, 332, 18
37, 1440, 200, 330, 15
37, 1441, 200, 247, 8
37, 1442, 200, 244, 27
37, 1443, 200, 406, 30
37, 1444, 200, 322, 18
37, 1445, 200, 302, 15
37, 1446, 200, 481, 19
37, 1447, 200, 369, 11
37, 1448, 200, 230, 11
37, 1449, 200, 379, 17
37, 1450, 200, 370, 33
37, 1451, 200, 432, 26
37, 1452, 200, 334, 28
37, 1453, 200, 428, 25
37, 1454, 200, 388, 14
37, 1455, 200, 434, 16
37, 1456, 200, 446, 31
37, 1457, 200, 319, 14
37, 1458, 200, 366, 12
37, 1459, 200, 409, 27
37, 1460, 200, 540, 26
37, 1461, 200, 405, 43
37, 1462, 200, 297, 26
37, 1463, 200, 459, 24
37, 1464, 200, 558, 51
37, 1465, 200, 465, 38
37, 1466, 200, 487, 26
37, 1467, 200, 358, 29
37, 1468, 200, 396, 25
37, 1469, 200, 361, 16
37, 1470, 200, 303, 20
37, 1471, 200, 427, 35
37, 1472, 200, 502, 29
37, 1473, 200, 489, 14
37, 1474, 200, 394, 21
37, 1475, 200, 424, 10
37, 1476, 200, 445, 17
37, 1477, 200, 463, 31
37, 1478, 200, 359, 22
37, 1479, 200, 374, 23
38, 1480, 200, 278, 10
38, 1481, 200, 287, 15
38, 1482, 200, 401, 13
38, 1483, 200, 558, 22
38, 1484, 200, 540, 12
38, 1485, 200, 421, 21
38, 1486, 200, 458, 24
38, 1487, 200, 553, 23
38, 1488, 200, 602, 25
38, 1489, 200, 527, 19
38, 1490, 200, 491, 20
38, 1491, 200, 423, 34
38, 1492, 200, 406, 15
38, 1493, 200, 510, 11
38, 1494, 200, 566, 21
38, 1495, 200, 442, 16
38, 1496, 200, 526, 31
38, 1497, 200, 459, 26
38, 1498, 200, 396, 22
38, 1499, 200, 483, 27
38, 1500, 200, 354, 14
38, 1501, 200, 404, 10
38, 1502, 200, 302, 13
38, 1503, 200, 320, 20
38, 1504, 200, 395, 22
38, 1505, 200, 328, 24
38, 1506, 200, 336, 16
38, 1507, 200, 347, 18
38, 1508, 200, 417, 20
38, 1509, 200, 237, 21
38, 1510, 200, 280, 17
38, 1511, 200, 331, 12
38, 1512, 200, 272, 13
38, 1513, 200, 265, 19
38, 1514, 200, 302, 10
38, 1515, 200, 290, 8
38, 1516, 200, 434, 10
38, 1517, 200, 289, 22
38, 1518, 200, 308, 11
38, 1519, 200, 306, 19
39, 1520, 200, 237, 14
39, 1521, 200, 270, 8
39, 1522, 200, 383, 25
39, 1523, 200, 285, 13
39, 1524, 200, 336, 13
39, 1525, 200, 513, 18
39, 1526, 200, 303, 15
39, 1527, 200, 276, 24
39, 1528, 200, 305, 6
39, 1529, 200, 355, 17
39, 1530, 200, 288, 13
39, 1531, 200, 216, 17
39, 1532, 200, 460, 45
39, 1533, 200, 444, 22
39, 1534, 200, 424, 22
39, 1535, 200, 320, 8
39, 1536, 200, 305, 6
39, 1537, 200, 336, 7
39, 1538, 200, 269, 15
39, 1539, 200, 312, 13
39, 1540, 200, 239, 12
39, 1541, 200, 322, 28
39, 1542, 200, 386, 20
39, 1543, 200, 400, 19
39, 1544, 200, 305, 17
39, 1545, 200, 283, 21
39, 1546, 200, 313, 7
39, 1547, 200, 310, 14
39, 1548, 200, 359, 40
39, 1549, 200, 405, 29
39, 1550, 200, 426, 20
39, 1551, 200, 275, 8
39, 1552, 200, 416, 13
39, 1553, 200, 474, 9
39, 1554, 200, 544, 20
39, 1555, 200, 325, 40
39, 1556, 200, 535, 30
39, 1557, 200, 375, 32
39, 1558, 200, 314, 14
39, 1559, 200, 558, 23
40, 1560, 200, 366, 7
40, 1561, 200, 475, 14
40, 1562, 200, 332, 16
40, 1563, 200, 305, 8
40, 1564, 200, 363, 15
40, 1565, 200, 210, 11
40, 1566, 200, 371, 27
40, 1567, 200, 346, 28
40, 1568, 200, 343, 32
40, 1569, 200, 468, 24
40, 1570, 200, 475, 28
40, 1571, 200, 381, 27
40, 1572, 200, 406, 17
40, 1573, 200, 376, 16
40, 1574, 200, 440, 22
40, 1575, 200, 576, 25
40, 1576, 200, 726, 18
40, 1577, 200, 728, 36
40, 1578, 200, 547, 38
40, 1579, 200, 520, 20
40, 1580, 200, 525, 36
40, 1581, 200, 598, 28
40, 1582, 200, 401, 25
40, 1583, 200, 311, 26
40, 1584, 200, 507, 26
40, 1585, 200, 448, 26
40, 1586, 200, 478, 21
40, 1587, 200, 516, 32
40, 1588, 200, 514, 27
40, 1589, 200, 533, 40
40, 1590, 200, 419, 20
40, 1591, 200, 360, 16
40, 1592, 200, 421, 8
40, 1593, 200, 395, 22
40, 1594, 200, 281, 10
40, 1595, 200, 396, 28
40, 1596, 200, 545, 26
40, 1597, 200, 458, 26
40, 1598, 200, 382, 26
40, 1599, 200, 429, 34
41, 1600, 200, 379, 37
41, 1601, 200, 277, 12
41, 1602, 200, 425, 25
41, 1603, 200, 376, 15
41, 1604, 200, 224, 14
41, 1605, 200, 263, 27
41, 1606, 200, 293, 40
41, 1607, 200, 319, 20
41, 1608, 200, 327, 27
41, 1609, 200, 280, 36
41, 1610, 200, 293, 19
41, 1611, 200, 452, 22
41, 1612, 200, 459, 17
41, 1613, 200, 251, 27
41, 1614, 200, 389, 21
41, 1615, 200, 472, 13
41, 1616, 200, 610, 20
41, 1617, 200, 509, 19
41, 1618, 200, 483, 17
41, 1619, 200, 471, 18
41, 1620, 200, 521, 11
41, 1621, 200, 615, 25
41, 1622, 200, 376, 11
41, 1623, 200, 363, 25
41, 1624, 200, 517, 19
41, 1625, 200, 382, 18
41, 1626, 200, 303, 16
41, 1627, 200, 270, 14
41, 1628, 200, 326, 32
41, 1629, 200, 489, 25
41, 1630, 200, 602, 25
41, 1631, 200, 448, 11
41, 1632, 200, 521, 13
41, 1633, 200, 349, 11
41, 1634, 200, 194, 4
41, 1635, 200, 338, 11
41, 1636, 200, 400, 8
41, 1637, 200, 309, 11
41, 1638, 200, 354, 13
41, 1639, 200, 326, 16
42, 1640, 200, 216, 5
42, 1641, 200, 269, 21
42, 1642, 200, 282, 13
42, 1643, 200, 299, 20
42, 1644, 200, 212, 20
42, 1645, 200, 196, 14
42, 1646, 200, 231, 17
42, 1647, 200, 227, 23
42, 1648, 200, 271, 10
42, 1649, 200, 250, 11
42, 1650, 200, 277, 12
42, 1651, 200, 253, 27
42, 1652, 200, 264, 12
42, 1653, 200, 386, 6
42, 1654, 200, 415, 13
42, 1655, 200, 464, 20
42, 1656, 200, 381, 14
42, 1657, 200, 238, 6
42, 1658, 200, 302, 10
42, 1659, 200, 255, 16
42, 1660, 200, 282, 19
42, 1661, 200, 299, 16
42, 1662, 200, 122, 5
42, 1663, 200, 224, 11
42, 1664, 200, 361, 7
42, 1665, 200, 287, 14
42, 1666, 200, 309, 10
42, 1667, 200, 231, 5
42, 1668, 200, 386, 12
42, 1669, 200, 446, 21
42, 1670, 200, 478, 29
42, 1671, 200, 540, 25
42, 1672, 200, 638, 19
42, 1673, 200, 583, 22
42, 1674, 200, 547, 18
42, 1675, 200, 528, 19
42, 1676, 200, 430, 25
42, 1677, 200, 482, 16
42, 1678, 200, 576, 21
42, 1679, 200, 497, 31
43, 1680, 200, 395, 17
43, 1681, 200, 469, 14
43, 1682, 200, 391, 19
43, 1683, 200, 352, 25
43, 1684, 200, 333, 18
43, 1685, 200, 412, 33
43, 1686, 200, 301, 13
43, 1687, 200, 500, 34
43, 1688, 200, 523, 43
43, 1689, 200, 412, 18
43, 1690, 200, 508, 26
43, 1691, 200, 332, 22
43, 1692, 200, 360, 15
43, 1693, 200, 502, 21
43, 1694, 200, 509, 21
43, 1695, 200, 331, 23
43, 1696, 200, 356, 13
43, 1697, 200, 360, 18
43, 1698, 200, 316, 8
43, 1699, 200, 588, 23
43, 1700, 200, 468, 34
43, 1701, 200, 409, 32
43, 1702, 200, 444, 25
43, 1703, 200, 570, 25
43, 1704, 200, 396, 16
43, 1705, 200, 581, 21
43, 1706, 200, 402, 15
43, 1707, 200, 371, 32
43, 1708, 200, 331, 14
43, 1709, 200, 472, 32
43, 1710, 200, 586, 28
43, 1711, 200, 701, 36
43, 1712, 200, 433, 14
43, 1713, 200, 357, 23
43, 1714, 200, 445, 26
43, 1715, 200, 566, 22
43, 1716, 200, 490, 39
43, 1717, 200, 349, 15
43, 1718, 200, 368, 16
43, 1719, 200, 351, 11
44, 1720, 200, 356, 13
44, 1721, 200, 289, 19
44, 1722, 200, 380, 20
44, 1723, 200, 277, 11
44, 1724, 200, 321, 4
44, 1725, 200, 307, 13
44, 1726, 200, 280, 14
44, 1727, 200, 417, 16
44, 1728, 200, 369, 20
44, 1729, 200, 572, 33
44, 1730, 200, 456, 20
44, 1731, 200, 375, 14
44, 1732, 200, 404, 11
44, 1733, 200, 327, 28
44, 1734, 200, 407, 20
44, 1735, 200, 444, 12
44, 1736, 200, 371, 11
44, 1737, 200, 467, 22
44, 1738, 200, 433, 19
44, 1739, 200, 356, 13
44, 1740, 200, 411, 19
44, 1741, 200, 391, 17
44, 1742, 200, 361, 14
44, 1743, 200, 373, 17
44, 1744, 200, 363, 12
44, 1745, 200, 516, 22
44, 1746, 200, 401, 25
44, 1747, 200, 547, 21
44, 1748, 200, 586, 31
44, 1749, 200, 493, 21
44, 1750, 200, 581, 54
44, 1751, 200, 632, 32
44, 1752, 200, 872, 21
44, 1753, 200, 480, 31
44, 1754, 200, 441, 36
44, 1755, 200, 448, 26
44, 1756, 200, 504, 38
44, 1757, 200, 532, 19
44, 1758, 200, 399, 18
44, 1759, 200, 351, 7
45, 1760, 200, 485, 12
45, 1761, 200, 504, 28
45, 1762, 200, 397, 29
45, 1763, 200, 325, 14
45, 1764, 200, 447, 11
45, 1765, 200, 420, 15
45, 1766, 200, 452, 19
45, 1767, 200, 422, 18
45, 1768, 200, 309, 19
45, 1769, 200, 459, 14
45, 1770, 200, 433, 14
45, 1771, 200, 368, 17
45, 1772, 200, 306, 28
45, 1773, 200, 441, 22
45, 1774, 200, 434, 18
45, 1775, 200, 438, 28
45, 1776, 200, 313, 29
45, 1777, 200, 254, 14
45, 1778, 200, 402, 15
45, 1779, 200, 546, 15
45, 1780, 200, 519, 13
45, 1781, 200, 467, 22
45, 1782, 200, 481, 35
45, 1783, 200, 424, 21
45, 1784, 200, 472, 18
45, 1785, 200, 327, 17
45, 1786, 200, 323, 4
45, 1787, 200, 445, 32
45, 1788, 200, 349, 26
45, 1789, 200, 402, 36
45, 1790, 200, 495, 13
45, 1791, 200, 486, 19
45, 1792, 200, 371, 13
45, 1793, 200, 342, 23
45, 1794, 200, 272, 25
45, 1795, 200, 353, 25
45, 1796, 200, 315, 21
45, 1797, 200, 287, 21
45, 1798, 200, 409, 24
45, 1799, 200, 325, 27
46, 1800, 200, 264, 22
46, 1801, 200, 285, 23
46, 1802, 200, 238, 16
46, 1803, 200, 374, 23
46, 1804, 200, 353, 16
46, 1805, 200, 192, 25
46, 1806, 200, 270, 20
46, 1807, 200, 438, 18
46, 1808, 200, 234, 10
46, 1809, 200, 330, 14
46, 1810, 200, 293, 21
46, 1811, 200, 211, 20
46, 1812, 200, 233, 38
46, 1813, 200, 310, 30
46, 1814, 200, 299, 30
46, 1815, 200, 437, 38
46, 1816, 200, 411, 25
46, 1817, 200, 265, 14
46, 1818, 200, 327, 14
46, 1819, 200, 292, 19
46, 1820, 200, 283, 24
46, 1821, 200, 182, 11
46, 1822, 200, 195, 26
46, 1823, 200, 249, 24
46, 1824, 200, 262, 8
46, 1825, 200, 337, 28
46, 1826, 200, 431, 22
46, 1827, 200, 207, 14
46, 1828, 200, 291, 12
46, 1829, 200, 289, 26
46, 1830, 200, 376, 22
46, 1831, 200, 314, 14
46, 1832, 200, 304, 23
46, 1833, 200, 480, 29
46, 1834, 200, 544, 20
46, 1835, 200, 403, 22
46, 1836, 200, 315, 13
46, 1837, 200, 401, 12
46, 1838, 200, 341, 6
46, 1839, 200, 252, 8
47, 1840, 200, 286, 16
47, 1841, 200, 321, 11
47, 1842, 200, 197, 15
47, 1843, 200, 290, 11
47, 1844, 200, 357, 17
47, 1845, 200, 259, 13
47, 1846, 200, 307, 6
47, 1847, 200, 309, 32
47, 1848, 200, 344, 33
47, 1849, 200, 553, 20
47, 1850, 200, 550, 29
47, 1851, 200, 370, 17
47, 1852, 200, 541, 24
47, 1853, 200, 265, 19
47, 1854, 200, 297, 18
47, 1855, 200, 266, 14
47, 1856, 200, 350, 12
47, 1857, 200, 348, 20
47, 1858, 200, 335, 13
47, 1859, 200, 326, 6
47, 1860, 200, 565, 38
47, 1861, 200, 409, 12
47, 1862, 200, 367, 12
47, 1863, 200, 414, 16
47, 1864, 200, 520, 8
47, 1865, 200, 349, 5
47, 1866, 200, 493, 9
47, 1867, 200, 382, 7
47, 1868, 200, 352, 15
47, 1869, 200, 365, 15
47, 1870, 200, 306, 7
47, 1871, 200, 260, 10
47, 1872, 200, 311, 12
47, 1873, 200, 371, 9
47, 1874, 200, 314, 16
47, 1875, 200, 272, 17
47, 1876, 200, 422, 29
47, 1877, 200, 427, 18
47, 1878, 200, 462, 21
47, 1879, 200, 463, 8
48, 1880, 200, 509, 10
48, 1881, 200, 475, 15
48, 1882, 200, 309, 14
48, 1883, 200, 331, 13
48, 1884, 200, 317, 7
48, 1885, 200, 309, 12
48, 1886, 200, 303, 13
48, 1887, 200, 347, 20
48, 1888, 200, 334, 13
48, 1889, 200, 419, 21
48, 1890, 200, 333, 20
48, 1891, 200, 268, 8
48, 1892, 200, 237, 11
48, 1893, 200, 340, 9
48, 1894, 200, 477, 22
48, 1895, 200, 360, 19
48, 1896, 200, 291, 16
48, 1897, 200, 387, 24
48, 1898, 200, 407, 18
48, 1899, 200, 310, 13
48, 1900, 200, 252, 13
48, 1901, 200, 477, 40
48, 1902, 200, 339, 22
48, 1903, 200, 423, 28
48, 1904, 200, 449, 23
48, 1905, 200, 684, 36
48, 1906, 200, 820, 10
48, 1907, 200, 547, 28
48, 1908, 200, 588, 16
48, 1909, 200, 397, 14
48, 1910, 200, 398, 25
48, 1911, 200, 500, 32
48, 1912, 200, 594, 12
48, 1913, 200, 511, 34
48, 1914, 200, 458, 18
48, 1915, 200, 553, 27
48, 1916, 200, 460, 38
48, 1917, 200, 591, 35
48, 1918, 200, 601, 41
48, 1919, 200, 461, 26
49, 1920, 200, 378, 24
49, 1921, 200, 279, 24
49, 1922, 200, 455, 22
49, 1923, 200, 429, 34
49, 1924, 200, 440, 25
49, 1925, 200, 369, 15
49, 1926, 200, 415, 33
49, 1927, 200, 593, 36
49, 1928, 200, 629, 32
49, 1929, 200, 455, 34
49, 1930, 200, 497, 24
49, 1931, 200, 571, 27
49, 1932, 200, 416, 18
49, 1933, 200, 432, 12
49, 1934, 200, 508, 18
49, 1935, 200, 333, 23
49, 1936, 200, 294, 27
49, 1937, 200, 312, 17
49, 1938, 200, 436, 35
49, 1939, 200, 400, 30
49, 1940, 200, 460, 18
49, 1941, 200, 309, 15
49, 1942, 200, 320, 6
49, 1943, 200, 284, 15
49, 1944, 200, 204, 10
49, 1945, 200, 269, 17
49, 1946, 200, 437, 8
49, 1947, 200, 385, 12
49, 1948, 200, 476, 17
49, 1949, 200, 373, 10
49, 1950, 200, 311, 10
49, 1951, 200, 342, 11
49, 1952, 200, 364, 17
49, 1953, 200, 333, 30
49, 1954, 200, 409, 18
49, 1955, 200, 337, 19
49, 1956, 200, 547, 36
49, 1957, 200, 414, 11
49, 1958, 200, 514, 17
49, 1959, 200, 397, 14
50, 1960, 200, 456, 13
50, 1961, 200, 387, 14
50, 1962, 200, 332, 18
50, 1963, 200, 347, 5
50, 1964, 200, 241, 17
50, 1965, 200, 245, 17
50, 1966, 200, 302, 13
50, 1967, 200, 371, 38
50, 1968, 200, 280, 25
50, 1969, 200, 303, 13
50, 1970, 200, 420, 30
50, 1971, 200, 706, 41
50, 1972, 200, 507, 22
50, 1973, 200, 482, 15
50, 1974, 200, 443, 10
50, 1975, 200, 546, 9
50, 1976, 200, 373, 14
50, 1977, 200, 443, 27
50, 1978, 200, 388, 14
50, 1979, 200, 445, 19
50, 1980, 200, 352, 20
50, 1981, 200, 528, 27
50, 1982, 200, 498, 33
50, 1983, 200, 538, 30
50, 1984, 200, 326, 23
50, 1985, 200, 306, 17
50, 1986, 200, 275, 35
50, 1987, 200, 419, 26
50, 1988, 200, 340, 20
50, 1989, 200, 405, 42
50, 1990, 200, 593, 41
50, 1991, 200, 467, 17
50, 1992, 200, 367, 31
50, 1993, 200, 351, 11
50, 1994, 200, 329, 19
50, 1995, 200, 390, 39
50, 1996, 200, 497, 37
50, 1997, 200, 603, 20
50, 1998, 200, 571, 21
50, 1999, 200, 514, 30
51, 2000, 200, 642, 44
51, 2001, 200, 340, 26
51, 2002, 200, 322, 20
51, 2003, 200, 489, 21
51, 2004, 200, 504, 12
51, 2005, 200, 385, 19
51, 2006, 200, 470, 21
51, 2007, 200, 485, 22
51, 2008, 200, 419, 26
51, 2009, 200, 466, 16
51, 2010, 200, 324, 15
51, 2011, 200, 418, 16
51, 2012, 200, 411, 15
51, 2013, 200, 406, 19
51, 2014, 200, 374, 9
51, 2015, 200, 359, 14
51, 2016, 200, 411, 17
51, 2017, 200, 428, 13
51, 2018, 200, 387, 14
51, 2019, 200, 255, 10
51, 2020, 200, 441, 20
51, 2021, 200, 287, 11
51, 2022, 200, 398, 17
51, 2023, 200, 378, 16
51, 2024, 200, 289, 16
51, 2025, 200, 284, 18
51, 2026, 200, 303, 21
51, 2027, 200, 374, 15
51, 2028, 200, 330, 9
51, 2029, 200, 307, 7
51, 2030, 200, 441, 16
51, 2031, 200, 378, 8
51, 2032, 200, 368, 10
51, 2033, 200, 272, 19
51, 2034, 200, 263, 16
51, 2035, 200, 290, 13
51, 2036, 200, 287, 11
51, 2037, 200, 492, 20
51, 2038, 200, 347, 8
51, 2039, 200, 232, 10
52, 2040, 200, 357, 14
52, 2041, 200, 317, 8
52, 2042, 200, 258, 5
52, 2043, 200, 236, 9
52, 2044, 200, 251, 19
52, 2045, 200, 399, 15
52, 2046, 200, 375, 9
52, 2047, 200, 241, 3
52, 2048, 200, 395, 11
52, 2049, 200, 297, 7
52, 2050, 200, 434, 25
52, 2051, 200, 288, 30
52, 2052, 200, 311, 23
52, 2053, 200, 375, 19
52, 2054, 200, 245, 20
52, 2055, 200, 270, 28
52, 2056, 200, 277, 34
52, 2057, 200, 342, 15
52, 2058, 200, 434, 25
52, 2059, 200, 647, 32
52, 2060, 200, 371, 15
52, 2061, 200, 438, 23
52, 2062, 200, 486, 20
52, 2063, 200, 455, 25
52, 2064, 200, 412, 18
52, 2065, 200, 294, 20
52, 2066, 200, 312, 12
52, 2067, 200, 349, 21
52, 2068, 200, 455, 34
52, 2069, 200, 567, 42
52, 2070, 200, 451, 46
52, 2071, 200, 535, 28
52, 2072, 200, 540, 28
52, 2073, 200, 422, 31
52, 2074, 200, 362, 11
52, 2075, 200, 436, 27
52, 2076, 200, 409, 3
52, 2077, 200, 348, 11
52, 2078, 200, 267, 6
52, 2079, 200, 284, 13
53, 2080, 200, 380, 14
53, 2081, 200, 365, 21
53, 2082, 200, 428, 22
53, 2083, 200, 306, 17
53, 2084, 200, 289, 26
53, 2085, 200, 361, 30
53, 2086, 200, 442, 20
53, 2087, 200, 257, 9
53, 2088, 200, 338, 14
53, 2089, 200, 243, 9
53, 2090, 200, 184, 11
53, 2091, 200, 286, 15
53, 2092, 200, 277, 4
53, 2093, 200, 373, 12
53, 2094, 200, 368, 17
53, 2095, 200, 340, 24
53, 2096, 200, 338, 24
53, 2097, 200, 319, 14
53, 2098, 200, 498, 33
53, 2099, 200, 258, 18
53, 2100, 200, 318, 19
53, 2101, 200, 436, 8
53, 2102, 200, 296, 4
53, 2103, 200, 397, 4
53, 2104, 200, 307, 16
53, 2105, 200, 291, 9
53, 2106, 200, 453, 19
53, 2107, 200, 416, 15
53, 2108, 200, 398, 21
53, 2109, 200, 474, 14
53, 2110, 200, 396, 11
53, 2111, 200, 547, 13
53, 2112, 200, 407, 36
53, 2113, 200, 367, 13
53, 2114, 200, 246, 9
53, 2115, 200, 271, 15
53, 2116, 200, 237, 21
53, 2117, 200, 398, 15
53, 2118, 200, 469, 24
53, 2119, 200, 277, 18
54, 2120, 200, 499, 28
54, 2121, 200, 321, 14
54, 2122, 200, 308, 27
54, 2123, 200, 318, 26
54, 2124, 200, 321, 19
54, 2125, 200, 233, 10
54, 2126, 200, 180, 19
54, 2127, 200, 251, 11
54, 2128, 200, 327, 8
54, 2129, 200, 335, 31
54, 2130, 200, 233, 15
54, 2131, 200, 369, 27
54, 2132, 200, 402, 20
54, 2133, 200, 373, 15
54, 2134, 200, 290, 16
54, 2135, 200, 504, 14
54, 2136, 200, 325, 15
54, 2137, 200, 292, 19
54, 2138, 200, 386, 33
54, 2139, 200, 322, 12
54, 2140, 200, 546, 15
54, 2141, 200, 483, 26
54, 2142, 200, 345, 17
54, 2143, 200, 351, 16
54, 2144, 200, 418, 17
54, 2145, 200, 472, 17
54, 2146, 200, 666, 24
54, 2147, 200, 414, 22
54, 2148, 200, 386, 32
54, 2149, 200, 433, 13
54, 2150, 200, 459, 8
54, 2151, 200, 478, 8
54, 2152, 200, 394, 14
54, 2153, 200, 332, 13
54, 2154, 200, 296, 15
54, 2155, 200, 467, 12
54, 2156, 200, 441, 16
54, 2157, 200, 338, 10
54, 2158, 200, 227, 7
54, 2159, 200, 241, 18
55, 2160, 200, 279, 11
55, 2161, 200, 238, 12
55, 2162, 200, 284, 12
55, 2163, 200, 391, 12
55, 2164, 200, 264, 8
55, 2165, 200, 389, 19
55, 2166, 200, 388, 16
55, 2167, 200, 515, 30
55, 2168, 200, 305, 32
55, 2169, 200, 445, 30
55, 2170, 200, 315, 20
55, 2171, 200, 287, 29
55, 2172, 200, 351, 18
55, 2173, 200, 395, 20
55, 2174, 200, 224, 5
55, 2175, 200, 258, 4
55, 2176, 200, 299, 8
55, 2177, 200, 376, 20
55, 2178, 200, 320, 13
55, 2179, 200, 313, 12
55, 2180, 200, 359, 28
55, 2181, 200, 314, 26
55, 2182, 200, 226, 15
55, 2183, 200, 294, 9
55, 2184, 200, 218, 13
55, 2185, 200, 287, 9
55, 2186, 200, 274, 9
55, 2187, 200, 269, 19
55, 2188, 200, 297, 23
55, 2189, 200, 306, 34
55, 2190, 200, 441, 34
55, 2191, 200, 525, 18
55, 2192, 200, 570, 30
55, 2193, 200, 360, 24
55, 2194, 200, 346, 8
55, 2195, 200, 286, 11
55, 2196, 200, 283, 32
55, 2197, 200, 303, 14
55, 2198, 200, 321, 11
55, 2199, 200, 419, 32
56, 2200, 200, 397, 11
56, 2201, 200, 395, 10
56, 2202, 200, 376, 2
56, 2203, 200, 432, 10
56, 2204, 200, 462, 19
56, 2205, 200, 374, 12
56, 2206, 200, 471, 16
56, 2207, 200, 376, 16
56, 2208, 200, 508, 12
56, 2209, 200, 343, 16
56, 2210, 200, 248, 7
56, 2211, 200, 350, 15
56, 2212, 200, 306, 11
56, 2213, 200, 289, 11
56, 2214, 200, 371, 13
56, 2215, 200, 392, 11
56, 2216, 200, 366, 15
56, 2217, 200, 292, 10
56, 2218, 200, 371, 13
56, 2219, 200, 475, 35
56, 2220, 200, 297, 18
56, 2221, 200, 297, 35
56, 2222, 200, 388, 22
56, 2223, 200, 419, 23
56, 2224, 200, 380, 9
56, 2225, 200, 394, 25
56, 2226, 200, 227, 22
56, 2227, 200, 344, 34
56, 2228, 200, 394, 10
56, 2229, 200, 604, 13
56, 2230, 200, 388, 10
56, 2231, 200, 430, 10
56, 2232, 200, 724, 22
56, 2233, 200, 574, 16
56, 2234, 200, 507, 16
56, 2235, 200, 419, 27
56, 2236, 200, 324, 6
56, 2237, 200, 595, 9
56, 2238, 200, 495, 6
56, 2239, 200, 481, 5
57, 2240, 200, 388, 19
57, 2241, 200, 488, 21
57, 2242, 200, 408, 25
57, 2243, 200, 404, 21
57, 2244, 200, 246, 17
57, 2245, 200, 328, 13
57, 2246, 200, 290, 13
57, 2247, 200, 378, 17
57, 2248, 200, 247, 19
57, 2249, 200, 227, 13
57, 2250, 200, 258, 13
57, 2251, 200, 317, 25
57, 2252, 200, 357, 23
57, 2253, 200, 359, 25
57, 2254, 200, 265, 17
57, 2255, 200, 319, 8
57, 2256, 200, 284, 13
57, 2257, 200, 377, 17
57, 2258, 200, 481, 24
57, 2259, 200, 427, 25
57, 2260, 200, 414, 19
57, 2261, 200, 425, 18
57, 2262, 200, 295, 10
57, 2263, 200, 368, 26
57, 2264, 200, 424, 14
57, 2265, 200, 341, 11
57, 2266, 200, 445, 14
57, 2267, 200, 375, 13
57, 2268, 200, 299, 12
57, 2269, 200, 285, 22
57, 2270, 200, 277, 26
57, 2271, 200, 350, 16
57, 2272, 200, 534, 37
57, 2273, 200, 787, 18
57, 2274, 200, 547, 15
57, 2275, 200, 456, 13
57, 2276, 200, 319, 14
57, 2277, 200, 438, 25
57, 2278, 200, 314, 29
57, 2279, 200, 337, 7
58, 2280, 200, 409, 8
58, 2281, 200, 256, 9
58, 2282, 200, 420, 20
58, 2283, 200, 407, 4
58, 2284, 200, 364, 10
58, 2285, 200, 426, 5
58, 2286, 200, 354, 8
58, 2287, 200, 475, 29
58, 2288, 200, 484, 18
58, 2289, 200, 434, 17
58, 2290, 200, 537, 28
58, 2291, 200, 458, 22
58, 2292, 200, 332, 20
58, 2293, 200, 411, 5
58, 2294, 200, 477, 30
58, 2295, 200, 404, 10
58, 2296, 200, 345, 18
58, 2297, 200, 488, 17
58, 2298, 200, 409, 16
58, 2299, 200, 443, 14
58, 2300, 200, 505, 22
58, 2301, 200, 388, 10
58, 2302, 200, 295, 8
58, 2303, 200, 326, 16
58, 2304, 200, 277, 9
58, 2305, 200, 217, 11
58, 2306, 200, 207, 21
58, 2307, 200, 265, 28
58, 2308, 200, 212, 29
58, 2309, 200, 189, 15
58, 2310, 200, 330, 13
58, 2311, 200, 288, 25
58, 2312, 200, 263, 13
58, 2313, 200, 251, 19
58, 2314, 200, 252, 12
58, 2315, 200, 314, 22
58, 2316, 200, 280, 18
58, 2317, 200, 405, 26
58, 2318, 200, 302, 25
58, 2319, 200, 212, 11
59, 2320, 200, 289, 11
59, 2321, 200, 218, 10
59, 2322, 200, 217, 21
59, 2323, 200, 302, 21
59, 2324, 200, 231, 20
59, 2325, 200, 224, 26
59, 2326, 200, 350, 47
59, 2327, 200, 433, 28
59, 2328, 200, 361, 16
59, 2329, 200, 329, 46
59, 2330, 200, 388, 34
59, 2331, 200, 443, 23
59, 2332, 200, 496, 27
59, 2333, 200, 330, 14
59, 2334, 200, 421, 8
59, 2335, 200, 234, 16
59, 2336, 200, 291, 24
59, 2337, 200, 237, 35
59, 2338, 200, 243, 21
59, 2339, 200, 215, 25
59, 2340, 200, 254, 12
59, 2341, 200, 258, 11
59, 2342, 200, 275, 27
59, 2343, 200, 295, 40
59, 2344, 200, 286, 22
59, 2345, 200, 298, 22
59, 2346, 200, 298, 4
59, 2347, 200, 244, 29
59, 2348, 200, 172, 18
59, 2349, 200, 256, 21
59, 2350, 200, 304, 13
59, 2351, 200, 321, 24
59, 2352, 200, 415, 16
59, 2353, 200, 481, 34
59, 2354, 200, 310, 14
59, 2355, 200, 353, 23
59, 2356, 200, 404, 20
59, 2357, 200, 259, 13
59, 2358, 200, 285, 27
59, 2359, 200, 305, 18
60, 2360, 200, 270, 34
60, 2361, 200, 318, 30
60, 2362, 200, 324, 13
60, 2363, 200, 336, 39
60, 2364, 200, 297, 19
60, 2365, 200, 388, 26
60, 2366, 200, 480, 13
60, 2367, 200, 418, 6
60, 2368, 200, 278, 13
60, 2369, 200, 330, 17
60, 2370, 200, 278, 28
60, 2371, 200, 190, 3
60, 2372, 200, 265, 25
60, 2373, 200, 299, 14
60, 2374, 200, 313, 11
60, 2375, 200, 189, 21
60, 2376, 200, 245, 10
60, 2377, 200, 269, 25
60, 2378, 200, 364, 21
60, 2379, 200, 234, 19
60, 2380, 200, 302, 29
60, 2381, 200, 330, 19
60, 2382, 200, 235, 33
60, 2383, 200, 383, 19
60, 2384, 200, 326, 14
60, 2385, 200, 236, 32
60, 2386, 200, 310, 29
60, 2387, 200, 251, 15
60, 2388, 200, 298, 28
60, 2389, 200, 328, 36
60, 2390, 200, 220, 30
60, 2391, 200, 238, 30
60, 2392, 200, 457, 35
60, 2393, 200, 629, 40
60, 2394, 200, 518, 30
60, 2395, 200, 449, 28
60, 2396, 200, 377, 18
60, 2397, 200, 298, 20
60, 2398, 200, 499, 15
60, 2399, 200, 368, 22
61, 2400, 200, 303, 12
61, 2401, 200, 391, 34
61, 2402, 200, 447, 16
61, 2403, 200, 421, 21
61, 2404, 200, 365, 25
61, 2405, 200, 440, 8
61, 2406, 200, 216, 23
61, 2407, 200, 230, 19
61, 2408, 200, 420, 10
61, 2409, 200, 424, 9
61, 2410, 200, 561, 23
61, 2411, 200, 540, 40
61, 2412, 200, 537, 25
61, 2413, 200, 421, 17
61, 2414, 200, 500, 10
61, 2415, 200, 638, 19
61, 2416, 200, 598, 14
61, 2417, 200, 496, 41
61, 2418, 200, 551, 38
61, 2419, 200, 526, 33
61, 2420, 200, 604, 26
61, 2421, 200, 613, 35
61, 2422, 200, 611, 32
61, 2423, 200, 512, 34
61, 2424, 200, 410, 21
61, 2425, 200, 511, 32
61, 2426, 200, 471, 21
61, 2427, 200, 358, 20
61, 2428, 200, 366, 29
61, 2429, 200, 361, 12
61, 2430, 200, 561, 26
61, 2431, 200, 567, 29
61, 2432, 200, 325, 17
61, 2433, 200, 328, 21
61, 2434, 200, 386, 13
61, 2435, 200, 363, 12
61, 2436, 200, 418, 20
61, 2437, 200, 445, 27
61, 2438, 200, 511, 33
61, 2439, 200, 493, 21
62, 2440, 200, 503, 17
62, 2441, 200, 320, 16
62, 2442, 200, 411, 29
62, 2443, 200, 330, 17
62, 2444, 200, 365, 20
62, 2445, 200, 430, 16
62, 2446, 200, 366, 19
62, 2447, 200, 269, 13
62, 2448, 200, 230, 6
62, 2449, 200, 314, 16
62, 2450, 200, 310, 7
62, 2451, 200, 464, 45
62, 2452, 200, 561, 22
62, 2453, 200, 609, 24
62, 2454, 200, 376, 17
62, 2455, 200, 353, 20
62, 2456, 200, 340, 20
62, 2457, 200, 413, 19
62, 2458, 200, 532, 16
62, 2459, 200, 524, 9
62, 2460, 200, 422, 25
62, 2461, 200, 438, 14
62, 2462, 200, 433, 20
62, 2463, 200, 522, 24
62, 2464, 200, 492, 22
62, 2465, 200, 457, 18
62, 2466, 200, 354, 16
62, 2467, 200, 413, 7
62, 2468, 200, 428, 20
62, 2469, 200, 288, 12
62, 2470, 200, 252, 15
62, 2471, 200, 324, 18
62, 2472, 200, 319, 15
62, 2473, 200, 345, 7
62, 2474, 200, 338, 9
62, 2475, 200, 321, 10
62, 2476, 200, 216, 15
62, 2477, 200, 370, 16
62, 2478, 200, 388, 12
62, 2479, 200, 398, 29
63, 2480, 200, 339, 4
63, 2481, 200, 246, 8
63, 2482, 200, 200, 18
63, 2483, 200, 282, 17
63, 2484, 200, 225, 16
63, 2485, 200, 278, 22
63, 2486, 200, 260, 17
63, 2487, 200, 332, 16
63, 2488, 200, 345, 14
63, 2489, 200, 346, 9
63, 2490, 200, 249, 22
63, 2491, 200, 374, 18
63, 2492, 200, 292, 13
63, 2493, 200, 440, 15
63, 2494, 200, 610, 24
63, 2495, 200, 528, 26
63, 2496, 200, 381, 20
63, 2497, 200, 428, 32
63, 2498, 200, 339, 15
63, 2499, 200, 417, 23
63, 2500, 200, 389, 28
63, 2501, 200, 422, 19
63, 2502, 200, 437, 11
63, 2503, 200, 373, 17
63, 2504, 200, 420, 14
63, 2505, 200, 649, 14
63, 2506, 200, 678, 30
63, 2507, 200, 502, 21
63, 2508, 200, 481, 26
63, 2509, 200, 519, 12
63, 2510, 200, 397, 32
63, 2511, 200, 333, 20
63, 2512, 200, 283, 11
63, 2513, 200, 320, 14
63, 2514, 200, 280, 18
63, 2515, 200, 343, 27
63, 2516, 200, 385, 23
63, 2517, 200, 457, 14
63, 2518, 200, 357, 17
63, 2519, 200, 343, 17
64, 2520, 200, 330, 8
64, 2521, 200, 181, 20
64, 2522, 200, 332, 24
64, 2523, 200, 273, 27
64, 2524, 200, 246, 15
64, 2525, 200, 304, 18
64, 2526, 200, 394, 23
64, 2527, 200, 342, 12
64, 2528, 200, 409, 18
64, 2529, 200, 212, 8
64, 2530, 200, 302, 7
64, 2531, 200, 347, 14
64, 2532, 200, 278, 10
64, 2533, 200, 207, 12
64, 2534, 200, 242, 2
64, 2535, 200, 340, 22
64, 2536, 200, 382, 11
64, 2537, 200, 358, 23
64, 2538, 200, 315, 44
64, 2539, 200, 453, 19
64, 2540, 200, 434, 18
64, 2541, 200, 256, 15
64, 2542, 200, 291, 11
64, 2543, 200, 279, 21
64, 2544, 200, 298, 9
64, 2545, 200, 249, 16
64, 2546, 200, 307, 10
64, 2547, 200, 339, 22
64, 2548, 200, 304, 24
64, 2549, 200, 435, 18
64, 2550, 200, 341, 14
64, 2551, 200, 380, 19
64, 2552, 200, 339, 9
64, 2553, 200, 453, 14
64, 2554, 200, 290, 19
64, 2555, 200, 325, 13
64, 2556, 200, 306, 16
64, 2557, 200, 281, 15
64, 2558, 200, 329, 15
64, 2559, 200, 352, 19
65, 2560, 200, 417, 28
65, 2561, 200, 342, 15
65, 2562, 200, 356, 24
65, 2563, 200, 282, 13
65, 2564, 200, 329, 9
65, 2565, 200, 325, 10
65, 2566, 200, 331, 10
65, 2567, 200, 452, 26
65, 2568, 200, 450, 33
65, 2569, 200, 314, 19
65, 2570, 200, 401, 20
65, 2571, 200, 449, 23
65, 2572, 200, 473, 15
65, 2573, 200, 539, 9
65, 2574, 200, 437, 22
65, 2575, 200, 417, 12
65, 2576, 200, 379, 18
65, 2577, 200, 608, 15
65, 2578, 200, 486, 16
65, 2579, 200, 456, 10
65, 2580, 200, 441, 10
65, 2581, 200, 342, 9
65, 2582, 200, 276, 7
65, 2583, 200, 309, 19
65, 2584, 200, 380, 18
65, 2585, 200, 444, 10
65, 2586, 200, 312, 14
65, 2587, 200, 249, 9
65, 2588, 200, 439, 17
65, 2589, 200, 411, 20
65, 2590, 200, 375, 19
65, 2591, 200, 326, 19
65, 2592, 200, 313, 12
65, 2593, 200, 284, 14
65, 2594, 200, 333, 11
65, 2595, 200, 289, 23
65, 2596, 200, 133, 9
65, 2597, 200, 233, 9
65, 2598, 200, 252, 16
65, 2599, 200, 285, 20
66, 2600, 200, 410, 11
66, 2601, 200, 391, 15
66, 2602, 200, 371, 14
66, 2603, 200, 345, 8
66, 2604, 200, 422, 20
66, 2605, 200, 373, 9
66, 2606, 200, 500, 19
66, 2607, 200, 395, 17
66, 2608, 200, 414, 28
66, 2609, 200, 258, 23
66, 2610, 200, 404, 38
66, 2611, 200, 346, 17
66, 2612, 200, 400, 15
66, 2613, 200, 397, 15
66, 2614, 200, 355, 25
66, 2615, 200, 374, 19
66, 2616, 200, 424, 17
66, 2617, 200, 235, 10
66, 2618, 200, 335, 15
66, 2619, 200, 321, 8
66, 2620, 200, 428, 23
66, 2621, 200, 355, 20
66, 2622, 200, 526, 29
66, 2623, 200, 412, 17
66, 2624, 200, 237, 15
66, 2625, 200, 294, 15
66, 2626, 200, 297, 16
66, 2627, 200, 309, 20
66, 2628, 200, 239, 28
66, 2629, 200, 358, 39
66, 2630, 200, 598, 17
66, 2631, 200, 377, 14
66, 2632, 200, 326, 7
66, 2633, 200, 280, 11
66, 2634, 200, 356, 16
66, 2635, 200, 308, 17
66, 2636, 200, 320, 17
66, 2637, 200, 345, 23
66, 2638, 200, 319, 12
66, 2639, 200, 335, 20
67, 2640, 200, 355, 17
67, 2641, 200, 236, 9
67, 2642, 200, 226, 12
67, 2643, 200, 289, 15
67, 2644, 200, 450, 21
67, 2645, 200, 328, 19
67, 2646, 200, 463, 14
67, 2647, 200, 272, 12
67, 2648, 200, 322, 18
67, 2649, 200, 357, 22
67, 2650, 200, 306, 26
67, 2651, 200, 400, 22
67, 2652, 200, 560, 28
67, 2653, 200, 571, 43
67, 2654, 200, 627, 22
67, 2655, 200, 462, 15
67, 2656, 200, 484, 32
67, 2657, 200, 242, 7
67, 2658, 200, 619, 23
67, 2659, 200, 653, 28
67, 2660, 200, 558, 23
67, 2661, 200, 395, 27
67, 2662, 200, 534, 31
67, 2663, 200, 695, 14
67, 2664, 200, 361, 19
67, 2665, 200, 400, 22
67, 2666, 200, 361, 26
67, 2667, 200, 379, 14
67, 2668, 200, 419, 27
67, 2669, 200, 474, 10
67, 2670, 200, 399, 21
67, 2671, 200, 478, 24
67, 2672, 200, 501, 17
67, 2673, 200, 521, 19
67, 2674, 200, 429, 16
67, 2675, 200, 581, 5
67, 2676, 200, 758, 17
67, 2677, 200, 381, 17
67, 2678, 200, 429, 25
67, 2679, 200, 456, 14
68, 2680, 200, 260, 5
68, 2681, 200, 393, 15
68, 2682, 200, 298, 6
68, 2683, 200, 377, 6
68, 2684, 200, 427, 13
68, 2685, 200, 447, 23
68, 2686, 200, 611, 14
68, 2687, 200, 332, 19
68, 2688, 200, 486, 18
68, 2689, 200, 575, 26
68, 2690, 200, 386, 17
68, 2691, 200, 396, 22
68, 2692, 200, 371, 16
68, 2693, 200, 459, 13
68, 2694, 200, 388, 8
68, 2695, 200, 414, 22
68, 2696, 200, 317, 23
68, 2697, 200, 353, 18
68, 2698, 200, 307, 22
68, 2699, 200, 437, 36
68, 2700, 200, 469, 20
68, 2701, 200, 276, 21
68, 2702, 200, 521, 21
68, 2703, 200, 512, 39
68, 2704, 200, 461, 28
68, 2705, 200, 461, 30
68, 2706, 200, 456, 18
68, 2707, 200, 328, 12
68, 2708, 200, 414, 21
68, 2709, 200, 366, 13
68, 2710, 200, 327, 18
68, 2711, 200, 422, 65
68, 2712, 200, 352, 43
68, 2713, 200, 234, 23
68, 2714, 200, 420, 30
68, 2715, 200, 275, 16
68, 2716, 200, 376, 21
68, 2717, 200, 329, 22
68, 2718, 200, 379, 14
68, 2719, 200, 247, 16
69, 2720, 200, 269, 22
69, 2721, 200, 316, 19
69, 2722, 200, 295, 20
69, 2723, 200, 356, 15
69, 2724, 200, 281, 42
69, 2725, 200, 310, 32
69, 2726, 200, 231, 25
69, 2727, 200, 260, 17
69, 2728, 200, 148, 1
69, 2729, 200, 290, 14
69, 2730, 200, 279, 13
69, 2731, 200, 232, 11
69, 2732, 200, 272, 8
69, 2733, 200, 211, 6
69, 2734, 200, 314, 9
69, 2735, 200, 282, 20
69, 2736, 200, 319, 19
69, 2737, 200, 321, 19
69, 2738, 200, 400, 14
69, 2739, 200, 433, 32
69, 2740, 200, 382, 14
69, 2741, 200, 525, 15
69, 2742, 200, 425, 2
69, 2743, 200, 317, 12
69, 2744, 200, 455, 32
69, 2745, 200, 352, 19
69, 2746, 200, 331, 9
69, 2747, 200, 328, 7
69, 2748, 200, 248, 5
69, 2749, 200, 278, 7
69, 2750, 200, 327, 14
69, 2751, 200, 247, 8
69, 2752, 200, 329, 10
69, 2753, 200, 230, 6
69, 2754, 200, 197, 13
69, 2755, 200, 317, 10
69, 2756, 200, 287, 17
69, 2757, 200, 323, 22
69, 2758, 200, 442, 22
69, 2759, 200, 347, 15
70, 2760, 200, 341, 20
70, 2761, 200, 470, 18
70, 2762, 200, 355, 18
70, 2763, 200, 613, 35
70, 2764, 200, 574, 34
70, 2765, 200, 539, 16
70, 2766, 200, 401, 27
70, 2767, 200, 530, 33
70, 2768, 200, 498, 23
70, 2769, 200, 673, 48
70, 2770, 200, 547, 20
70, 2771, 200, 468, 20
70, 2772, 200, 332, 13
70, 2773, 200, 484, 12
70, 2774, 200, 324, 19
70, 2775, 200, 457, 21
70, 2776, 200, 378, 15
70, 2777, 200, 306, 6
70, 2778, 200, 345, 10
70, 2779, 200, 335, 23
70, 2780, 200, 310, 20
70, 2781, 200, 358, 22
70, 2782, 200, 369, 21
70, 2783, 200, 517, 22
70, 2784, 200, 350, 32
70, 2785, 200, 551, 31
70, 2786, 200, 369, 16
70, 2787, 200, 317, 2
70, 2788, 200, 376, 6
70, 2789, 200, 415, 23
70, 2790, 200, 381, 12
70, 2791, 200, 515, 25
70, 2792, 200, 399, 22
70, 2793, 200, 395, 25
70, 2794, 200, 378, 22
70, 2795, 200, 473, 19
70, 2796, 200, 403, 19
70, 2797, 200, 490, 13
70, 2798, 200, 234, 20
70, 2799, 200, 274, 6
71, 2800, 200, 335, 13
71, 2801, 200, 258, 16
71, 2802, 200, 204, 15
71, 2803, 200, 386, 24
71, 2804, 200, 440, 10
71, 2805, 200, 530, 10
71, 2806, 200, 280, 30
71, 2807, 200, 314, 30
71, 2808, 200, 269, 12
71, 2809, 200, 288, 20
71, 2810, 200, 270, 14
71, 2811, 200, 221, 11
71, 2812, 200, 331, 6
71, 2813, 200, 200, 1
71, 2814, 200, 246, 17
71, 2815, 200, 257, 13
71, 2816, 200, 361, 11
71, 2817, 200, 301, 22
71, 2818, 200, 315, 17
71, 2819, 200, 384, 14
71, 2820, 200, 273, 20
71, 2821, 200, 234, 14
71, 2822, 200, 366, 15
71, 2823, 200, 360, 38
71, 2824, 200, 413, 22
71, 2825, 200, 384, 24
71, 2826, 200, 396, 23
71, 2827, 200, 365, 26
71, 2828, 200, 390, 14
71, 2829, 200, 355, 9
71, 2830, 200, 365, 13
71, 2831, 200, 337, 15
71, 2832, 200, 465, 33
71, 2833, 200, 445, 12
71, 2834, 200, 404, 23
71, 2835, 200, 311, 18
71, 2836, 200, 484, 11
71, 2837, 200, 279, 7
71, 2838, 200, 360, 29
71, 2839, 200, 330, 19
72, 2840, 200, 321, 24
72, 2841, 200, 352, 14
72, 2842, 200, 237, 11
72, 2843, 200, 290, 14
72, 2844, 200, 314, 8
72, 2845, 200, 359, 14
72, 2846, 200, 262, 17
72, 2847, 200, 261, 19
72, 2848, 200, 250, 10
72, 2849, 200, 429, 13
72, 2850, 200, 376, 8
72, 2851, 200, 372, 11
72, 2852, 200, 276, 4
72, 2853, 200, 267, 14
72, 2854, 200, 212, 13
72, 2855, 200, 303, 6
72, 2856, 200, 176, 5
72, 2857, 200, 216, 4
72, 2858, 200, 268, 11
72, 2859, 200, 270, 11
72, 2860, 200, 256, 11
72, 2861, 200, 322, 3
72, 2862, 200, 375, 16
72, 2863, 200, 331, 18
72, 2864, 200, 352, 18
72, 2865, 200, 398, 9
72, 2866, 200, 348, 9
72, 2867, 200, 391, 23
72, 2868, 200, 269, 23
72, 2869, 200, 304, 7
72, 2870, 200, 292, 7
72, 2871, 200, 170, 2
72, 2872, 200, 263, 9
72, 2873, 200, 251, 5
72, 2874, 200, 346, 27
72, 2875, 200, 318, 12
72, 2876, 200, 358, 13
72, 2877, 200, 350, 8
72, 2878, 200, 174, 10
72, 2879, 200, 262, 11
73, 2880, 200, 270, 18
73, 2881, 200, 202, 21
73, 2882, 200, 354, 22
73, 2883, 200, 268, 26
73, 2884, 200, 300, 24
73, 2885, 200, 311, 14
73, 2886, 200, 333, 12
73, 2887, 200, 370, 20
73, 2888, 200, 397, 20
73, 2889, 200, 478, 23
73, 2890, 200, 410, 23
73, 2891, 200, 320, 22
73, 2892, 200, 284, 12
73, 2893, 200, 268, 12
73, 2894, 200, 261, 12
73, 2895, 200, 249, 23
73, 2896, 200, 207, 12
73, 2897, 200, 265, 15
73, 2898, 200, 341, 11
73, 2899, 200, 407, 8
73, 2900, 200, 269, 13
73, 2901, 200, 358, 7
73, 2902, 200, 289, 11
73, 2903, 200, 310, 19
73, 2904, 200, 408, 13
73, 2905, 200, 415, 18
73, 2906, 200, 423, 20
73, 2907, 200, 493, 23
73, 2908, 200, 363, 15
73, 2909, 200, 493, 21
73, 2910, 200, 386, 26
73, 2911, 200, 368, 15
73, 2912, 200, 353, 17
73, 2913, 200, 357, 15
73, 2914, 200, 259, 16
73, 2915, 200, 352, 20
73, 2916, 200, 379, 14
73, 2917, 200, 358, 17
73, 2918, 200, 332, 5
73, 2919, 200, 454, 35
74, 2920, 200, 387, 17
74, 2921, 200, 403, 15
74, 2922, 200, 392, 9
74, 2923, 200, 427, 19
74, 2924, 200, 440, 34
74, 2925, 200, 488, 22
74, 2926, 200, 541, 22
74, 2927, 200, 510, 22
74, 2928, 200, 507, 13
74, 2929, 200, 356, 18
74, 2930, 200, 398, 12
74, 2931, 200, 342, 16
74, 2932, 200, 310, 20
74, 2933, 200, 409, 25
74, 2934, 200, 421, 21
74, 2935, 200, 372, 13
74, 2936, 200, 496, 18
74, 2937, 200, 294, 14
74, 2938, 200, 282, 18
74, 2939, 200, 439, 30
74, 2940, 200, 328, 13
74, 2941, 200, 386, 12
74, 2942, 200, 513, 14
74, 2943, 200, 428, 5
74, 2944, 200, 447, 15
74, 2945, 200, 528, 22
74, 2946, 200, 584, 19
74, 2947, 200, 395, 16
74, 2948, 200, 411, 29
74, 2949, 200, 382, 12
74, 2950, 200, 392, 26
74, 2951, 200, 406, 18
74, 2952, 200, 404, 17
74, 2953, 200, 437, 18
74, 2954, 200, 419, 11
74, 2955, 200, 489, 16
74, 2956, 200, 367, 11
74, 2957, 200, 343, 11
74, 2958, 200, 449, 11
74, 2959, 200, 396, 22
75, 2960, 200, 256, 24
75, 2961, 200, 293, 31
75, 2962, 200, 335, 18
75, 2963, 200, 494, 17
75, 2964, 200, 470, 22
75, 2965, 200, 411, 14
75, 2966, 200, 330, 23
75, 2967, 200, 491, 36
75, 2968, 200, 499, 12
75, 2969, 200, 519, 6
75, 2970, 200, 317, 20
75, 2971, 200, 371, 8
75, 2972, 200, 458, 15
75, 2973, 200, 330, 18
75, 2974, 200, 370, 20
75, 2975, 200, 390, 13
75, 2976, 200, 489, 25
75, 2977, 200, 485, 27
75, 2978, 200, 595, 33
75, 2979, 200, 816, 39
75, 2980, 200, 787, 18
75, 2981, 200, 397, 15
75, 2982, 200, 390, 14
75, 2983, 200, 640, 20
75, 2984, 200, 546, 19
75, 2985, 200, 366, 6
75, 2986, 200, 385, 9
75, 2987, 200, 405, 25
75, 2988, 200, 377, 14
75, 2989, 200, 335, 8
75, 2990, 200, 341, 14
75, 2991, 200, 471, 14
75, 2992, 200, 459, 24
75, 2993, 200, 369, 13
75, 2994, 200, 342, 20
75, 2995, 200, 473, 19
75, 2996, 200, 366, 10
75, 2997, 200, 385, 15
75, 2998, 200, 261, 13
75, 2999, 200, 290, 14
76, 3000, 200, 355, 10
76, 3001, 200, 283, 3
76, 3002, 200, 399, 8
76, 3003, 200, 377, 2
76, 3004, 200, 252, 12
76, 3005, 200, 297, 16
76, 3006, 200, 238, 5
76, 3007, 200, 251, 17
76, 3008, 200, 417, 6
76, 3009, 200, 607, 15
76, 3010, 200, 422, 15
76, 3011, 200, 453, 21
76, 3012, 200, 366, 14
76, 3013, 200, 247, 6
76, 3014, 200, 441, 13
76, 3015, 200, 373, 12
76, 3016, 200, 304, 9
76, 3017, 200, 422, 14
76, 3018, 200, 544, 19
76, 3019, 200, 371, 13
76, 3020, 200, 463, 18
76, 3021, 200, 499, 29
76, 3022, 200, 443, 9
76, 3023, 200, 492, 13
76, 3024, 200, 421, 15
76, 3025, 200, 332, 11
76, 3026, 200, 346, 14
76, 3027, 200, 249, 10
76, 3028, 200, 332, 19
76, 3029, 200, 392, 18
76, 3030, 200, 328, 11
76, 3031, 200, 215, 11
76, 3032, 200, 299, 15
76, 3033, 200, 317, 11
76, 3034, 200, 285, 21
76, 3035, 200, 299, 23
76, 3036, 200, 397, 11
76, 3037, 200, 278, 13
76, 3038, 200, 375, 12
76, 3039, 200, 405, 20
77, 3040, 200, 396, 14
77, 3041, 200, 512, 21
77, 3042, 200, 350, 18
77, 3043, 200, 477, 18
77, 3044, 200, 384, 20
77, 3045, 200, 401, 30
77, 3046, 200, 465, 24
77, 3047, 200, 434, 16
77, 3048, 200, 339, 11
77, 3049, 200, 396, 15
77, 3050, 200, 356, 18
77, 3051, 200, 346, 17
77, 3052, 200, 595, 26
77, 3053, 200, 415, 13
77, 3054, 200, 301, 8
77, 3055, 200, 530, 14
77, 3056, 200, 550, 18
77, 3057, 200, 290, 11
77, 3058, 200, 388, 14
77, 3059, 200, 395, 9
77, 3060, 200, 428, 9
77, 3061, 200, 438, 13
77, 3062, 200, 340, 24
77, 3063, 200, 294, 19
77, 3064, 200, 486, 11
77, 3065, 200, 272, 16
77, 3066, 200, 273, 17
77, 3067, 200, 243, 14
77, 3068, 200, 447, 27
77, 3069, 200, 423, 14
77, 3070, 200, 576, 16
77, 3071, 200, 406, 9
77, 3072, 200, 295, 12
77, 3073, 200, 445, 9
77, 3074, 200, 273, 14
77, 3075, 200, 434, 9
77, 3076, 200, 335, 13
77, 3077, 200, 304, 9
77, 3078, 200, 452, 16
77, 3079, 200, 363, 6
78, 3080, 200, 460, 10
78, 3081, 200, 351, 11
78, 3082, 200, 473, 16
78, 3083, 200, 333, 18
78, 3084, 200, 385, 16
78, 3085, 200, 347, 15
78, 3086, 200, 388, 18
78, 3087, 200, 346, 17
78, 3088, 200, 473, 11
78, 3089, 200, 572, 32
78, 3090, 200, 257, 11
78, 3091, 200, 308, 3
78, 3092, 200, 328, 8
78, 3093, 200, 273, 19
78, 3094, 200, 453, 7
78, 3095, 200, 425, 13
78, 3096, 200, 440, 10
78, 3097, 200, 441, 12
78, 3098, 200, 536, 31
78, 3099, 200, 632, 19
78, 3100, 200, 542, 14
78, 3101, 200, 427, 13
78, 3102, 200, 416, 23
78, 3103, 200, 443, 25
78, 3104, 200, 324, 14
78, 3105, 200, 436, 15
78, 3106, 200, 363, 7
78, 3107, 200, 241, 16
78, 3108, 200, 323, 21
78, 3109, 200, 250, 15
78, 3110, 200, 423, 23
78, 3111, 200, 357, 25
78, 3112, 200, 330, 20
78, 3113, 200, 380, 14
78, 3114, 200, 349, 16
78, 3115, 200, 393, 21
78, 3116, 200, 349, 17
78, 3117, 200, 357, 9
78, 3118, 200, 463, 10
78, 3119, 200, 712, 14
79, 3120, 200, 544, 14
79, 3121, 200, 370, 15
79, 3122, 200, 277, 14
79, 3123, 200, 405, 17
79, 3124, 200, 339, 24
79, 3125, 200, 348, 19
79, 3126, 200, 252, 13
79, 3127, 200, 220, 12
79, 3128, 200, 362, 9
79, 3129, 200, 389, 8
79, 3130, 200, 254, 16
79, 3131, 200, 305, 16
79, 3132, 200, 483, 22
79, 3133, 200, 446, 16
79, 3134, 200, 600, 16
79, 3135, 200, 369, 20
79, 3136, 200, 560, 11
79, 3137, 200, 497, 18
79, 3138, 200, 456, 21
79, 3139, 200, 372, 8
79, 3140, 200, 459, 22
79, 3141, 200, 428, 28
79, 3142, 200, 434, 19
79, 3143, 200, 327, 12
79, 3144, 200, 426, 24
79, 3145, 200, 250, 20
79, 3146, 200, 228, 10
79, 3147, 200, 366, 7
79, 3148, 200, 290, 18
79, 3149, 200, 501, 26
79, 3150, 200, 501, 11
79, 3151, 200, 374, 27
79, 3152, 200, 519, 21
79, 3153, 200, 513, 21
79, 3154, 200, 421, 16
79, 3155, 200, 582, 18
79, 3156, 200, 498, 14
79, 3157, 200, 409, 20
79, 3158, 200, 413, 13
79, 3159, 200, 455, 22
80, 3160, 200, 385, 9
80, 3161, 200, 354, 21
80, 3162, 200, 331, 22
80, 3163, 200, 472, 20
80, 3164, 200, 450, 27
80, 3165, 200, 241, 16
80, 3166, 200, 378, 5
80, 3167, 200, 270, 18
80, 3168, 200, 433, 13
80, 3169, 200, 380, 13
80, 3170, 200, 294, 14
80, 3171, 200, 251, 14
80, 3172, 200, 310, 19
80, 3173, 200, 268, 14
80, 3174, 200, 313, 8
80, 3175, 200, 250, 16
80, 3176, 200, 362, 12
80, 3177, 200, 252, 11
80, 3178, 200, 344, 5
80, 3179, 200, 312, 17
80, 3180, 200, 303, 12
80, 3181, 200, 322, 17
80, 3182, 200, 259, 12
80, 3183, 200, 217, 13
80, 3184, 200, 286, 21
80, 3185, 200, 321, 12
80, 3186, 200, 456, 13
80, 3187, 200, 435, 8
80, 3188, 200, 438, 6
80, 3189, 200, 317, 7
80, 3190, 200, 312, 14
80, 3191, 200, 223, 8
80, 3192, 200, 273, 13
80, 3193, 200, 386, 8
80, 3194, 200, 371, 28
80, 3195, 200, 303, 22
80, 3196, 200, 346, 10
80, 3197, 200, 415, 13
80, 3198, 200, 498, 10
80, 3199, 200, 353, 16
81, 3200, 200, 325, 17
81, 3201, 200, 449, 20
81, 3202, 200, 347, 19
81, 3203, 200, 370, 18
81, 3204, 200, 472, 13
81, 3205, 200, 320, 9
81, 3206, 200, 273, 17
81, 3207, 200, 274, 10
81, 3208, 200, 334, 24
81, 3209, 200, 333, 9
81, 3210, 200, 413, 8
81, 3211, 200, 334, 14
81, 3212, 200, 307, 13
81, 3213, 200, 316, 14
81, 3214, 200, 451, 10
81, 3215, 200, 458, 18
81, 3216, 200, 303, 16
81, 3217, 200, 475, 26
81, 3218, 200, 452, 17
81, 3219, 200, 397, 12
81, 3220, 200, 346, 17
81, 3221, 200, 304, 5
81, 3222, 200, 288, 21
81, 3223, 200, 254, 20
81, 3224, 200, 215, 17
81, 3225, 200, 258, 11
81, 3226, 200, 284, 25
81, 3227, 200, 322, 19
81, 3228, 200, 284, 23
81, 3229, 200, 264, 24
81, 3230, 200, 355, 23
81, 3231, 200, 287, 13
81, 3232, 200, 314, 12
81, 3233, 200, 236, 17
81, 3234, 200, 196, 9
81, 3235, 200, 295, 14
81, 3236, 200, 283, 9
81, 3237, 200, 318, 16
81, 3238, 200, 510, 15
81, 3239, 200, 350, 11
82, 3240, 200, 421, 8
82, 3241, 200, 237, 8
82, 3242, 200, 300, 12
82, 3243, 200, 279, 5
82, 3244, 200, 315, 5
82, 3245, 200, 306, 4
82, 3246, 200, 316, 16
82, 3247, 200, 256, 8
82, 3248, 200, 351, 10
82, 3249, 200, 260, 12
82, 3250, 200, 370, 13
82, 3251, 200, 265, 12
82, 3252, 200, 219, 8
82, 3253, 200, 266, 14
82, 3254, 200, 257, 8
82, 3255, 200, 278, 16
82, 3256, 200, 227, 15
82, 3257, 200, 290, 23
82, 3258, 200, 280, 20
82, 3259, 200, 254, 19
82, 3260, 200, 262, 14
82, 3261, 200, 285, 16
82, 3262, 200, 277, 17
82, 3263, 200, 413, 18
82, 3264, 200, 257, 24
82, 3265, 200, 337, 16
82, 3266, 200, 388, 18
82, 3267, 200, 533, 20
82, 3268, 200, 550, 15
82, 3269, 200, 556, 18
82, 3270, 200, 472, 22
82, 3271, 200, 406, 16
82, 3272, 200, 283, 15
82, 3273, 200, 348, 10
82, 3274, 200, 414, 8
82, 3275, 200, 446, 20
82, 3276, 200, 311, 7
82, 3277, 200, 407, 17
82, 3278, 200, 341, 6
82, 3279, 200, 368, 15
83, 3280, 200, 478, 13
83, 3281, 200, 518, 13
83, 3282, 200, 580, 21
83, 3283, 200, 391, 9
83, 3284, 200, 377, 3
83, 3285, 200, 461, 21
83, 3286, 200, 470, 22
83, 3287, 200, 346, 13
83, 3288, 200, 412, 27
83, 3289, 200, 327, 24
83, 3290, 200, 326, 19
83, 3291, 200, 371, 12
83, 3292, 200, 365, 9
83, 3293, 200, 406, 14
83, 3294, 200, 449, 45
83, 3295, 200, 440, 20
83, 3296, 200, 352, 12
83, 3297, 200, 414, 21
83, 3298, 200, 301, 12
83, 3299, 200, 271, 7
83, 3300, 200, 198, 7
83, 3301, 200, 201, 9
83, 3302, 200, 210, 8
83, 3303, 200, 182, 7
83, 3304, 200, 264, 18
83, 3305, 200, 336, 13
83, 3306, 200, 286, 19
83, 3307, 200, 366, 22
83, 3308, 200, 397, 26
83, 3309, 200, 609, 15
83, 3310, 200, 353, 8
83, 3311, 200, 368, 6
83, 3312, 200, 416, 23
83, 3313, 200, 374, 11
83, 3314, 200, 304, 15
83, 3315, 200, 358, 8
83, 3316, 200, 385, 12
83, 3317, 200, 373, 9
83, 3318, 200, 407, 9
83, 3319, 200, 376, 28
84, 3320, 200, 326, 25
84, 3321, 200, 266, 17
84, 3322, 200, 351, 28
84, 3323, 200, 251, 19
84, 3324, 200, 382, 27
84, 3325, 200, 402, 33
84, 3326, 200, 467, 24
84, 3327, 200, 338, 15
84, 3328, 200, 362, 9
84, 3329, 200, 375, 30
84, 3330, 200, 424, 11
84, 3331, 200, 367, 22
84, 3332, 200, 365, 18
84, 3333, 200, 521, 24
84, 3334, 200, 512, 32
84, 3335, 200, 445, 19
84, 3336, 200, 536, 15
84, 3337, 200, 422, 10
84, 3338, 200, 565, 16
84, 3339, 200, 410, 12
84, 3340, 200, 483, 24
84, 3341, 200, 281, 10
84, 3342, 200, 245, 12
84, 3343, 200, 224, 19
84, 3344, 200, 322, 12
84, 3345, 200, 318, 17
84, 3346, 200, 303, 25
84, 3347, 200, 426, 23
84, 3348, 200, 315, 15
84, 3349, 200, 329, 22
84, 3350, 200, 462, 23
84, 3351, 200, 527, 18
84, 3352, 200, 422, 13
84, 3353, 200, 423, 11
84, 3354, 200, 276, 14
84, 3355, 200, 333, 21
84, 3356, 200, 331, 16
84, 3357, 200, 325, 8
84, 3358, 200, 392, 4
84, 3359, 200, 420, 28
85, 3360, 200, 398, 29
85, 3361, 200, 371, 29
85, 3362, 200, 339, 11
85, 3363, 200, 396, 14
85, 3364, 200, 449, 21
85, 3365, 200, 178, 15
85, 3366, 200, 282, 28
85, 3367, 200, 364, 25
85, 3368, 200, 312, 22
85, 3369, 200, 394, 29
85, 3370, 200, 606, 47
85, 3371, 200, 445, 13
85, 3372, 200, 361, 29
85, 3373, 200, 384, 32
85, 3374, 200, 318, 24
85, 3375, 200, 480, 15
85, 3376, 200, 410, 21
85, 3377, 200, 485, 22
85, 3378, 200, 440, 14
85, 3379, 200, 399, 19
85, 3380, 200, 373, 18
85, 3381, 200, 423, 10
85, 3382, 200, 321, 19
85, 3383, 200, 262, 21
85, 3384, 200, 291, 16
85, 3385, 200, 319, 23
85, 3386, 200, 222, 8
85, 3387, 200, 224, 13
85, 3388, 200, 277, 12
85, 3389, 200, 389, 27
85, 3390, 200, 308, 4
85, 3391, 200, 339, 11
85, 3392, 200, 220, 11
85, 3393, 200, 274, 8
85, 3394, 200, 311, 5
85, 3395, 200, 353, 12
85, 3396, 200, 336, 10
85, 3397, 200, 297, 9
85, 3398, 200, 332, 14
85, 3399, 200, 379, 22
86, 3400, 200, 298, 19
86, 3401, 200, 420, 14
86, 3402, 200, 372, 16
86, 3403, 200, 327, 17
86, 3404, 200, 347, 15
86, 3405, 200, 268, 13
86, 3406, 200, 302, 18
86, 3407, 200, 341, 31
86, 3408, 200, 377, 20
86, 3409, 200, 438, 47
86, 3410, 200, 420, 28
86, 3411, 200, 350, 16
86, 3412, 200, 403, 11
86, 3413, 200, 276, 11
86, 3414, 200, 401, 17
86, 3415, 200, 301, 9
86, 3416, 200, 402, 11
86, 3417, 200, 259, 21
86, 3418, 200, 202, 11
86, 3419, 200, 344, 10
86, 3420, 200, 275, 18
86, 3421, 200, 263, 14
86, 3422, 200, 313, 23
86, 3423, 200, 441, 10
86, 3424, 200, 317, 13
86, 3425, 200, 339, 8
86, 3426, 200, 513, 8
86, 3427, 200, 564, 13
86, 3428, 200, 541, 21
86, 3429, 200, 346, 11
86, 3430, 200, 230, 9
86, 3431, 200, 446, 7
86, 3432, 200, 259, 14
86, 3433, 200, 273, 21
86, 3434, 200, 262, 10
86, 3435, 200, 423, 21
86, 3436, 200, 273, 29
86, 3437, 200, 415, 18
86, 3438, 200, 378, 40
86, 3439, 200, 465, 17
87, 3440, 200, 511, 24
87, 3441, 200, 490, 34
87, 3442, 200, 342, 25
87, 3443, 200, 251, 23
87, 3444, 200, 349, 12
87, 3445, 200, 448, 27
87, 3446, 200, 430, 45
87, 3447, 200, 353, 42
87, 3448, 200, 409, 34
87, 3449, 200, 501, 28
87, 3450, 200, 470, 30
87, 3451, 200, 478, 12
87, 3452, 200, 426, 10
87, 3453, 200, 504, 22
87, 3454, 200, 400, 19
87, 3455, 200, 494, 24
87, 3456, 200, 604, 23
87, 3457, 200, 531, 9
87, 3458, 200, 550, 16
87, 3459, 200, 449, 9
87, 3460, 200, 504, 15
87, 3461, 200, 540, 26
87, 3462, 200, 590, 29
87, 3463, 200, 398, 15
87, 3464, 200, 417, 19
87, 3465, 200, 462, 27
87, 3466, 200, 299, 6
87, 3467, 200, 380, 5
87, 3468, 200, 425, 15
87, 3469, 200, 495, 15
87, 3470, 200, 409, 27
87, 3471, 200, 489, 14
87, 3472, 200, 489, 38
87, 3473, 200, 476, 20
87, 3474, 200, 518, 10
87, 3475, 200, 499, 14
87, 3476, 200, 289, 16
87, 3477, 200, 408, 17
87, 3478, 200, 435, 17
87, 3479, 200, 562, 17
88, 3480, 200, 369, 14
88, 3481, 200, 384, 22
88, 3482, 200, 282, 15
88, 3483, 200, 263, 16
88, 3484, 200, 449, 23
88, 3485, 200, 393, 25
88, 3486, 200, 403, 20
88, 3487, 200, 417, 18
88, 3488, 200, 265, 13
88, 3489, 200, 452, 25
88, 3490, 200, 566, 36
88, 3491, 200, 387, 18
88, 3492, 200, 386, 26
88, 3493, 200, 288, 23
88, 3494, 200, 280, 23
88, 3495, 200, 356, 31
88, 3496, 200, 394, 12
88, 3497, 200, 451, 15
88, 3498, 200, 527, 21
88, 3499, 200, 436, 12
88, 3500, 200, 434, 17
88, 3501, 200, 650, 26
88, 3502, 200, 363, 34
88, 3503, 200, 380, 16
88, 3504, 200, 333, 7
88, 3505, 200, 387, 28
88, 3506, 200, 285, 24
88, 3507, 200, 493, 15
88, 3508, 200, 373, 13
88, 3509, 200, 286, 14
88, 3510, 200, 459, 17
88, 3511, 200, 403, 18
88, 3512, 200, 494, 38
88, 3513, 200, 452, 27
88, 3514, 200, 502, 20
88, 3515, 200, 386, 49
88, 3516, 200, 394, 32
88, 3517, 200, 593, 19
88, 3518, 200, 387, 25
88, 3519, 200, 324, 23
89, 3520, 200, 313, 30
89, 3521, 200, 328, 13
89, 3522, 200, 363, 20
89, 3523, 200, 334, 26
89, 3524, 200, 338, 21
89, 3525, 200, 354, 34
89, 3526, 200, 405, 12
89, 3527, 200, 359, 18
89, 3528, 200, 361, 21
89, 3529, 200, 323, 22
89, 3530, 200, 296, 25
89, 3531, 200, 461, 26
89, 3532, 200, 405, 20
89, 3533, 200, 381, 19
89, 3534, 200, 237, 21
89, 3535, 200, 272, 23
89, 3536, 200, 391, 22
89, 3537, 200, 286, 13
89, 3538, 200, 433, 16
89, 3539, 200, 377, 14
89, 3540, 200, 350, 20
89, 3541, 200, 433, 17
89, 3542, 200, 315, 23
89, 3543, 200, 516, 30
89, 3544, 200, 260, 13
89, 3545, 200, 265, 12
89, 3546, 200, 244, 17
89, 3547, 200, 324, 13
89, 3548, 200, 262, 14
89, 3549, 200, 397, 13
89, 3550, 200, 510, 21
89, 3551, 200, 403, 8
89, 3552, 200, 436, 4
89, 3553, 200, 316, 18
89, 3554, 200, 249, 13
89, 3555, 200, 433, 21
89, 3556, 200, 501, 21
89, 3557, 200, 385, 15
89, 3558, 200, 307, 15
89, 3559, 200, 323, 18
90, 3560, 200, 382, 40
90, 3561, 200, 457, 15
90, 3562, 200, 380, 30
90, 3563, 200, 434, 14
90, 3564, 200, 321, 13
90, 3565, 200, 261, 11
90, 3566, 200, 319, 23
90, 3567, 200, 333, 17
90, 3568, 200, 333, 28
90, 3569, 200, 358, 26
90, 3570, 200, 449, 18
90, 3571, 200, 479, 23
90, 3572, 200, 373, 24
90, 3573, 200, 377, 19
90, 3574, 200, 380, 17
90, 3575, 200, 490, 26
90, 3576, 200, 373, 32
90, 3577, 200, 471, 37
90, 3578, 200, 364, 31
90, 3579, 200, 279, 19
90, 3580, 200, 240, 8
90, 3581, 200, 370, 13
90, 3582, 200, 280, 18
90, 3583, 200, 342, 9
90, 3584, 200, 236, 7
90, 3585, 200, 262, 10
90, 3586, 200, 301, 16
90, 3587, 200, 291, 9
90, 3588, 200, 450, 9
90, 3589, 200, 277, 19
90, 3590, 200, 375, 44
90, 3591, 200, 342, 20
90, 3592, 200, 402, 41
90, 3593, 200, 339, 31
90, 3594, 200, 340, 33
90, 3595, 200, 448, 39
90, 3596, 200, 478, 36
90, 3597, 200, 472, 31
90, 3598, 200, 634, 14
90, 3599, 200, 384, 13
91, 3600, 200, 333, 16
91, 3601, 200, 433, 23
91, 3602, 200, 369, 18
91, 3603, 200, 280, 22
91, 3604, 200, 272, 18
91, 3605, 200, 364, 16
91, 3606, 200, 262, 19
91, 3607, 200, 367, 19
91, 3608, 200, 529, 14
91, 3609, 200, 276, 26
91, 3610, 200, 253, 48
91, 3611, 200, 347, 21
91, 3612, 200, 488, 43
91, 3613, 200, 393, 50
91, 3614, 200, 252, 11
91, 3615, 200, 351, 16
91, 3616, 200, 436, 13
91, 3617, 200, 471, 41
91, 3618, 200, 545, 24
91, 3619, 200, 597, 32
91, 3620, 200, 530, 30
91, 3621, 200, 341, 14
91, 3622, 200, 290, 16
91, 3623, 200, 463, 29
91, 3624, 200, 392, 29
91, 3625, 200, 335, 10
91, 3626, 200, 335, 25
91, 3627, 200, 319, 14
91, 3628, 200, 383, 13
91, 3629, 200, 302, 13
91, 3630, 200, 386, 39
91, 3631, 200, 354, 33
91, 3632, 200, 466, 20
91, 3633, 200, 329, 7
91, 3634, 200, 366, 11
91, 3635, 200, 519, 16
91, 3636, 200, 441, 14
91, 3637, 200, 465, 21
91, 3638, 200, 525, 29
91, 3639, 200, 414, 19
92, 3640, 200, 378, 23
92, 3641, 200, 503, 16
92, 3642, 200, 555, 15
92, 3643, 200, 560, 26
92, 3644, 200, 524, 33
92, 3645, 200, 473, 31
92, 3646, 200, 448, 27
92, 3647, 200, 341, 22
92, 3648, 200, 443, 23
92, 3649, 200, 375, 25
92, 3650, 200, 327, 24
92, 3651, 200, 303, 43
92, 3652, 200, 416, 34
92, 3653, 200, 435, 56
92, 3654, 200, 394, 29
92, 3655, 200, 284, 11
92, 3656, 200, 428, 34
92, 3657, 200, 350, 18
92, 3658, 200, 374, 27
92, 3659, 200, 232, 16
92, 3660, 200, 249, 13
92, 3661, 200, 205, 4
92, 3662, 200, 433, 19
92, 3663, 200, 406, 14
92, 3664, 200, 342, 35
92, 3665, 200, 416, 15
92, 3666, 200, 516, 20
92, 3667, 200, 338, 35
92, 3668, 200, 271, 36
92, 3669, 200, 311, 21
92, 3670, 200, 377, 34
92, 3671, 200, 437, 25
92, 3672, 200, 293, 18
92, 3673, 200, 421, 8
92, 3674, 200, 368, 14
92, 3675, 200, 386, 24
92, 3676, 200, 375, 27
92, 3677, 200, 363, 15
92, 3678, 200, 303, 12
92, 3679, 200, 279, 20
93, 3680, 200, 393, 12
93, 3681, 200, 387, 26
93, 3682, 200, 354, 15
93, 3683, 200, 322, 17
93, 3684, 200, 256, 15
93, 3685, 200, 245, 15
93, 3686, 200, 336, 5
93, 3687, 200, 304, 21
93, 3688, 200, 305, 25
93, 3689, 200, 458, 27
93, 3690, 200, 407, 13
93, 3691, 200, 379, 23
93, 3692, 200, 410, 25
93, 3693, 200, 322, 34
93, 3694, 200, 396, 43
93, 3695, 200, 325, 20
93, 3696, 200, 370, 19
93, 3697, 200, 449, 18
93, 3698, 200, 562, 17
93, 3699, 200, 357, 36
93, 3700, 200, 308, 22
93, 3701, 200, 296, 34
93, 3702, 200, 355, 18
93, 3703, 200, 414, 20
93, 3704, 200, 630, 22
93, 3705, 200, 320, 22
93, 3706, 200, 483, 23
93, 3707, 200, 372, 23
93, 3708, 200, 389, 21
93, 3709, 200, 332, 40
93, 3710, 200, 339, 24
93, 3711, 200, 297, 11
93, 3712, 200, 248, 22
93, 3713, 200, 422, 23
93, 3714, 200, 343, 32
93, 3715, 200, 351, 15
93, 3716, 200, 288, 24
93, 3717, 200, 304, 14
93, 3718, 200, 177, 17
93, 3719, 200, 308, 27
94, 3720, 200, 337, 31
94, 3721, 200, 304, 34
94, 3722, 200, 355, 23
94, 3723, 200, 408, 32
94, 3724, 200, 374, 46
94, 3725, 200, 354, 28
94, 3726, 200, 403, 18
94, 3727, 200, 295, 26
94, 3728, 200, 344, 29
94, 3729, 200, 313, 25
94, 3730, 200, 251, 24
94, 3731, 200, 283, 13
94, 3732, 200, 431, 20
94, 3733, 200, 395, 18
94, 3734, 200, 335, 12
94, 3735, 200, 173, 18
94, 3736, 200, 233, 17
94, 3737, 200, 328, 16
94, 3738, 200, 255, 6
94, 3739, 200, 251, 14
94, 3740, 200, 285, 21
94, 3741, 200, 291, 10
94, 3742, 200, 200, 26
94, 3743, 200, 310, 10
94, 3744, 200, 300, 7
94, 3745, 200, 266, 14
94, 3746, 200, 304, 24
94, 3747, 200, 291, 21
94, 3748, 200, 436, 22
94, 3749, 200, 360, 17
94, 3750, 200, 367, 33
94, 3751, 200, 322, 14
94, 3752, 200, 236, 16
94, 3753, 200, 198, 24
94, 3754, 200, 321, 34
94, 3755, 200, 360, 26
94, 3756, 200, 292, 34
94, 3757, 200, 328, 22
94, 3758, 200, 342, 25
94, 3759, 200, 400, 19
95, 3760, 200, 520, 25
95, 3761, 200, 351, 39
95, 3762, 200, 390, 23
95, 3763, 200, 449, 19
95, 3764, 200, 492, 37
95, 3765, 200, 416, 12
95, 3766, 200, 288, 16
95, 3767, 200, 281, 18
95, 3768, 200, 348, 19
95, 3769, 200, 464, 23
95, 3770, 200, 328, 14
95, 3771, 200, 357, 8
95, 3772, 200, 505, 22
95, 3773, 200, 479, 20
95, 3774, 200, 312, 21
95, 3775, 200, 325, 13
95, 3776, 200, 311, 16
95, 3777, 200, 558, 29
95, 3778, 200, 629, 33
95, 3779, 200, 534, 38
95, 3780, 200, 421, 20
95, 3781, 200, 456, 31
95, 3782, 200, 486, 21
95, 3783, 200, 534, 21
95, 3784, 200, 412, 18
95, 3785, 200, 511, 28
95, 3786, 200, 520, 28
95, 3787, 200, 584, 40
95, 3788, 200, 338, 23
95, 3789, 200, 429, 28
95, 3790, 200, 436, 24
95, 3791, 200, 310, 15
95, 3792, 200, 387, 14
95, 3793, 200, 488, 25
95, 3794, 200, 438, 10
95, 3795, 200, 400, 13
95, 3796, 200, 363, 11
95, 3797, 200, 382, 18
95, 3798, 200, 593, 21
95, 3799, 200, 503, 17
96, 3800, 200, 290, 14
96, 3801, 200, 290, 19
96, 3802, 200, 313, 13
96, 3803, 200, 303, 25
96, 3804, 200, 230, 30
96, 3805, 200, 234, 10
96, 3806, 200, 377, 19
96, 3807, 200, 366, 26
96, 3808, 200, 219, 16
96, 3809, 200, 302, 24
96, 3810, 200, 357, 16
96, 3811, 200, 346, 36
96, 3812, 200, 284, 17
96, 3813, 200, 444, 31
96, 3814, 200, 429, 24
96, 3815, 200, 338, 13
96, 3816, 200, 307, 19
96, 3817, 200, 322, 26
96, 3818, 200, 451, 20
96, 3819, 200, 272, 23
96, 3820, 200, 375, 29
96, 3821, 200, 443, 37
96, 3822, 200, 448, 42
96, 3823, 200, 373, 16
96, 3824, 200, 441, 15
96, 3825, 200, 458, 17
96, 3826, 200, 391, 31
96, 3827, 200, 660, 22
96, 3828, 200, 451, 31
96, 3829, 200, 554, 24
96, 3830, 200, 540, 22
96, 3831, 200, 518, 20
96, 3832, 200, 361, 16
96, 3833, 200, 546, 21
96, 3834, 200, 549, 21
96, 3835, 200, 402, 22
96, 3836, 200, 453, 24
96, 3837, 200, 328, 27
96, 3838, 200, 393, 8
96, 3839, 200, 322, 10
97, 3840, 200, 480, 10
97, 3841, 200, 301, 20
97, 3842, 200, 342, 10
97, 3843, 200, 272, 23
97, 3844, 200, 254, 14
97, 3845, 200, 379, 13
97, 3846, 200, 303, 21
97, 3847, 200, 358, 20
97, 3848, 200, 257, 14
97, 3849, 200, 224, 19
97, 3850, 200, 382, 29
97, 3851, 200, 274, 15
97, 3852, 200, 424, 22
97, 3853, 200, 384, 21
97, 3854, 200, 335, 14
97, 3855, 200, 350, 23
97, 3856, 200, 352, 25
97, 3857, 200, 400, 23
97, 3858, 200, 434, 11
97, 3859, 200, 283, 22
97, 3860, 200, 369, 23
97, 3861, 200, 322, 16
97, 3862, 200, 345, 23
97, 3863, 200, 292, 35
97, 3864, 200, 271, 24
97, 3865, 200, 330, 21
97, 3866, 200, 395, 36
97, 3867, 200, 381, 27
97, 3868, 200, 369, 18
97, 3869, 200, 386, 28
97, 3870, 200, 604, 31
97, 3871, 200, 522, 15
97, 3872, 200, 535, 15
97, 3873, 200, 410, 16
97, 3874, 200, 415, 17
97, 3875, 200, 262, 6
97, 3876, 200, 249, 9
97, 3877, 200, 358, 10
97, 3878, 200, 540, 15
97, 3879, 200, 462, 40
98, 3880, 200, 445, 21
98, 3881, 200, 431, 24
98, 3882, 200, 229, 13
98, 3883, 200, 197, 9
98, 3884, 200, 193, 10
98, 3885, 200, 256, 15
98, 3886, 200, 313, 19
98, 3887, 200, 275, 21
98, 3888, 200, 518, 29
98, 3889, 200, 553, 51
98, 3890, 200, 471, 9
98, 3891, 200, 388, 22
98, 3892, 200, 355, 21
98, 3893, 200, 465, 41
98, 3894, 200, 500, 18
98, 3895, 200, 628, 25
98, 3896, 200, 564, 24
98, 3897, 200, 725, 53
98, 3898, 200, 556, 15
98, 3899, 200, 562, 29
98, 3900, 200, 655, 23
98, 3901, 200, 545, 22
98, 3902, 200, 606, 36
98, 3903, 200, 456, 46
98, 3904, 200, 497, 22
98, 3905, 200, 322, 18
98, 3906, 200, 243, 19
98, 3907, 200, 320, 25
98, 3908, 200, 377, 20
98, 3909, 200, 258, 19
98, 3910, 200, 352, 27
98, 3911, 200, 247, 8
98, 3912, 200, 435, 27
98, 3913, 200, 474, 29
98, 3914, 200, 446, 28
98, 3915, 200, 428, 24
98, 3916, 200, 451, 39
98, 3917, 200, 389, 14
98, 3918, 200, 560, 29
98, 3919, 200, 397, 35
99, 3920, 200, 489, 32
99, 3921, 200, 430, 19
99, 3922, 200, 263, 23
99, 3923, 200, 360, 18
99, 3924, 200, 330, 16
99, 3925, 200, 243, 20
99, 3926, 200, 468, 9
99, 3927, 200, 384, 24
99, 3928, 200, 323, 30
99, 3929, 200, 340, 23
99, 3930, 200, 267, 16
99, 3931, 200, 333, 20
99, 3932, 200, 242, 15
99, 3933, 200, 271, 24
99, 3934, 200, 250, 22
99, 3935, 200, 284, 20
99, 3936, 200, 363, 18
99, 3937, 200, 321, 20
99, 3938, 200, 232, 17
99, 3939, 200, 205, 11
99, 3940, 200, 238, 15
99, 3941, 200, 298, 12
99, 3942, 200, 363, 17
99, 3943, 200, 372, 14
99, 3944, 200, 398, 25
99, 3945, 200, 289, 17
99, 3946, 200, 269, 18
99, 3947, 200, 370, 23
99, 3948, 200, 509, 20
99, 3949, 200, 415, 23
99, 3950, 200, 297, 20
99, 3951, 200, 366, 24
99, 3952, 200, 306, 12
99, 3953, 200, 293, 23
99, 3954, 200, 305, 21
99, 3955, 200, 413, 27
99, 3956, 200, 581, 23
99, 3957, 200, 442, 34
99, 3958, 200, 433, 16
99, 3959, 200, 303, 15
100, 3960, 200, 364, 19
100, 3961, 200, 286, 11
100, 3962, 200, 247, 17
100, 3963, 200, 230, 19
100, 3964, 200, 239, 10
100, 3965, 200, 308, 18
100, 3966, 200, 333, 33
100, 3967, 200, 342, 27
100, 3968, 200, 331, 34
100, 3969, 200, 431, 42
100, 3970, 200, 423, 28
100, 3971, 200, 418, 24
100, 3972, 200, 412, 40
100, 3973, 200, 550, 27
100, 3974, 200, 478, 36
100, 3975, 200, 387, 19
100, 3976, 200, 467, 20
100, 3977, 200, 467, 26
100, 3978, 200, 602, 28
100, 3979, 200, 788, 24
100, 3980, 200, 650, 18
100, 3981, 200, 483, 16
100, 3982, 200, 450, 24
100, 3983, 200, 434, 37
100, 3984, 200, 645, 23
100, 3985, 200, 513, 28
100, 3986, 200, 659, 23
100, 3987, 200, 633, 14
100, 3988, 200, 372, 16
100, 3989, 200, 412, 9
100, 3990, 200, 347, 12
100, 3991, 200, 326, 22
100, 3992, 200, 319, 25
100, 3993, 200, 327, 25
100, 3994, 200, 424, 37
100, 3995, 200, 288, 13
100, 3996, 200, 330, 15
100, 3997, 200, 371, 11
100, 3998, 200, 220, 14
100, 3999, 200, 282, 10
